date,Close,Volume
1/2/2009,54.36,7296400
1/5/2009,54.06,9509800
1/6/2009,57.36,11080100
1/7/2009,56.2,7942700
1/8/2009,57.16,6577900
1/9/2009,55.51,6684100
1/12/2009,51.92,9556300
1/13/2009,51.45,7883200
1/14/2009,48.49,10442600
1/15/2009,51.44,11617300
1/16/2009,51.59,8258200
1/20/2009,48.44,6767200
1/21/2009,50.54,5829500
1/22/2009,49.94,7133300
1/23/2009,50.63,5793300
1/26/2009,49.63,7155700
1/27/2009,48.44,8738200
1/28/2009,50.36,8056600
1/29/2009,50,17966800
1/30/2009,58.82,39783100
2/2/2009,61.15,19324300
2/3/2009,63.59,14694600
2/4/2009,61.06,13726300
2/5/2009,63.18,10169600
2/6/2009,66.55,12044900
2/9/2009,66.71,9437600
2/10/2009,63.31,10700600
2/11/2009,64.354,8347300
2/12/2009,63.96,8095500
2/13/2009,63.26,4130900
2/17/2009,61.67,7126100
2/18/2009,62.35,7366000
2/19/2009,61.95,6768900
2/20/2009,63.86,9354500
2/23/2009,61.71,7336000
2/24/2009,65.6,10271400
2/25/2009,63.71,9122100
2/26/2009,62.34,7275300
2/27/2009,64.79,11488300
3/2/2009,61.99,10511900
3/3/2009,61.7,9691600
3/4/2009,64.81,11960900
3/5/2009,64.77,11770300
3/6/2009,61.69,15093800
3/9/2009,60.49,13561400
3/10/2009,65.71,15435700
3/11/2009,68.54,13881700
3/12/2009,69.58,11348900
3/13/2009,68.63,8903400
3/16/2009,66.98,9437300
3/17/2009,71.35,11902800
3/18/2009,71.25,10401700
3/19/2009,70.1,8819100
3/20/2009,69.96,8468100
3/23/2009,75.58,8612400
3/24/2009,72.63,7457900
3/25/2009,72.4,7895600
3/26/2009,73.69,6657700
3/27/2009,70.52,8568800
3/30/2009,71.44,8373100
3/31/2009,73.44,8918200
4/1/2009,73.5,7041400
4/2/2009,76.34,11066900
4/3/2009,78.17,5809900
4/6/2009,77.99,5751300
4/7/2009,75.51,5748800
4/8/2009,76.98,5653000
4/9/2009,79.77,7082300
4/13/2009,78.94,6212200
4/14/2009,77.22,6160400
4/15/2009,74.71,9412800
4/16/2009,77.25,7467800
4/17/2009,78.05,7426000
4/20/2009,77.57,8686900
4/21/2009,78.74,7162200
4/22/2009,79.2,8775500
4/23/2009,80.61,16187700
4/24/2009,84.46,23484300
4/27/2009,83.12,9705900
4/28/2009,82.4,7924000
4/29/2009,79.79,9735100
4/30/2009,80.52,8537600
5/1/2009,78.96,6121700
5/4/2009,79.77,7019300
5/5/2009,81.9,5870300
5/6/2009,81.99,8604000
5/7/2009,79.28,9632100
5/8/2009,77.95,8193000
5/11/2009,78.61,6872300
5/12/2009,77.93,5548700
5/13/2009,74.19,8770500
5/14/2009,75.11,9343600
5/15/2009,73.6,8011700
5/18/2009,75.95,6829100
5/19/2009,77.87,8028900
5/20/2009,77.97,7351000
5/21/2009,75.96,5640500
5/22/2009,75.64,3484700
5/26/2009,78.39,6699600
5/27/2009,77.1,5567100
5/28/2009,77.65,4943100
5/29/2009,77.99,5072200
6/1/2009,83.05,10796500
6/2/2009,84.93,9397000
6/3/2009,85.68,7603400
6/4/2009,85.52,5465400
6/5/2009,87.56,8263500
6/8/2009,86.36,5602100
6/9/2009,87.08,4475100
6/10/2009,86.59,6073600
6/11/2009,85.69,5009700
6/12/2009,84.08,6223000
6/15/2009,83.18,5401800
6/16/2009,82.15,5465800
6/17/2009,82.65,7785100
6/18/2009,81.595,5453100
6/19/2009,82.96,5438200
6/22/2009,79.15,9744400
6/23/2009,77.68,7415500
6/24/2009,79.27,6081400
6/25/2009,82.2,7360400
6/26/2009,83.88,8775300
6/29/2009,83.03,6270300
6/30/2009,83.66,7984800
7/1/2009,81.6,6981200
7/2/2009,79.32,7218600
7/6/2009,78.1,7368800
7/7/2009,75.63,6491500
7/8/2009,77.36,8540700
7/9/2009,78.1,6359500
7/10/2009,77.63,5976100
7/13/2009,81.47,8050200
7/14/2009,81.95,4543600
7/15/2009,84.55,6339000
7/16/2009,86.11,5361900
7/17/2009,85.85,5051600
7/20/2009,88.23,6056600
7/21/2009,89.01,7728600
7/22/2009,88.79,5329600
7/23/2009,93.87,19162100
7/24/2009,86.49,19204600
7/27/2009,84.24,11279300
7/28/2009,84.98,8774900
7/29/2009,84.34,6502900
7/30/2009,86.09,7253200
7/31/2009,85.76,5886900
8/3/2009,87.44,6663000
8/4/2009,85.8,6177900
8/5/2009,84.29,7279400
8/6/2009,84.47,4693000
8/7/2009,85.32,5628000
8/10/2009,84.44,4440600
8/11/2009,83.56,5025000
8/12/2009,85.96,5619400
8/13/2009,84.6,5712400
8/14/2009,83.58,4924700
8/17/2009,81.06,6888600
8/18/2009,82.12,5884400
8/19/2009,83,5170600
8/20/2009,84.09,5375000
8/21/2009,85,6130700
8/24/2009,84.5,4723200
8/25/2009,84.19,4791000
8/26/2009,84,3613800
8/27/2009,84.31,3997700
8/28/2009,82.76,4620700
8/31/2009,81.19,5263800
9/1/2009,79.16,6245800
9/2/2009,78.14,6512700
9/3/2009,78.46,4140200
9/4/2009,78.87,4671500
9/8/2009,80.9,7037600
9/9/2009,82.24,6776200
9/10/2009,83.85,7023100
9/11/2009,84.54,6006900
9/14/2009,83.86,3572000
9/15/2009,83.55,4446800
9/16/2009,90.7,13114300
9/17/2009,90.44,7872700
9/18/2009,90.28,6769500
9/21/2009,90.56,4209300
9/22/2009,93.75,8264900
9/23/2009,92.38,5685300
9/24/2009,92.11,5075100
9/25/2009,90.52,4256800
9/28/2009,92.21,3508000
9/29/2009,91.72,4393900
9/30/2009,93.36,8539200
10/1/2009,91.04,6645100
10/2/2009,89.85,5039400
10/5/2009,88.67,7028500
10/6/2009,90.91,6963700
10/7/2009,93.97,7445100
10/8/2009,95.22,9674300
10/9/2009,95.71,4694000
10/12/2009,93.6,5591400
10/13/2009,94.83,4720000
10/14/2009,97.46,5556800
10/15/2009,96.01,6242100
10/16/2009,95.32,7038400
10/19/2009,94.68,6017400
10/20/2009,94.98,7777600
10/21/2009,93.42,7761200
10/22/2009,93.45,16518500
10/23/2009,118.49,58305800
10/26/2009,124.6399,32271200
10/27/2009,122.07,20304200
10/28/2009,121.64,16887700
10/29/2009,122.577,12821800
10/30/2009,118.81,13312200
11/2/2009,118.84,11280000
11/3/2009,118.37,9478500
11/4/2009,117.1,7617500
11/5/2009,120.61,9086800
11/6/2009,126.2,13226000
11/9/2009,126.67,8624200
11/10/2009,130.15,10529300
11/11/2009,129.91,7434200
11/12/2009,130.53,7210100
11/13/2009,132.97,7376800
11/16/2009,131.59,9018300
11/17/2009,131.25,7748000
11/18/2009,131.29,5213500
11/19/2009,128.99,5998200
11/20/2009,129.66,6652600
11/23/2009,133,6878100
11/24/2009,132.94,7319700
11/25/2009,134.03,5071200
11/27/2009,131.74,4422600
11/30/2009,135.91,10119500
12/1/2009,138.5,9657600
12/2/2009,142.25,11798000
12/3/2009,141.17,16523500
12/4/2009,137.58,14827400
12/7/2009,134.21,7837000
12/8/2009,134.11,8002800
12/9/2009,131.31,12632900
12/10/2009,135.38,11343600
12/11/2009,134.15,8046700
12/14/2009,131.38,10022900
12/15/2009,130.23,7428800
12/16/2009,128.36,10261300
12/17/2009,126.91,8476500
12/18/2009,128.48,9605400
12/21/2009,132.79,9473600
12/22/2009,133.75,8257500
12/23/2009,138.94,9546100
12/24/2009,138.47,5128800
12/28/2009,139.31,8763900
12/29/2009,139.41,8400600
12/30/2009,136.49,6913200
12/31/2009,134.52,4523000
1/4/2010,133.9,7599900
1/5/2010,134.69,8851900
1/6/2010,132.25,7178800
1/7/2010,130,11030200
1/8/2010,133.52,9830500
1/11/2010,130.308,8779400
1/12/2010,127.35,9096300
1/13/2010,129.11,10723200
1/14/2010,127.35,9774900
1/15/2010,127.14,15376500
1/19/2010,127.61,8892600
1/20/2010,125.78,9074700
1/21/2010,126.62,9970600
1/22/2010,121.43,11568900
1/25/2010,120.31,12023900
1/26/2010,119.48,9559000
1/27/2010,122.75,14765300
1/28/2010,126.03,27293100
1/29/2010,125.41,29471300
2/1/2010,118.87,37774400
2/2/2010,118.12,23079700
2/3/2010,119.1,12405900
2/4/2010,115.94,12784000
2/5/2010,117.39,11024800
2/8/2010,116.83,9890200
2/9/2010,118.03,9223000
2/10/2010,117.36,6233200
2/11/2010,120.09,8343500
2/12/2010,119.66,8073500
2/16/2010,117.53,8932700
2/17/2010,116.31,8944800
2/18/2010,118.08,9800100
2/19/2010,117.52,7115600
2/22/2010,118.01,6807300
2/23/2010,117.24,7068200
2/24/2010,119.72,7389900
2/25/2010,118.2,9533400
2/26/2010,118.4,5721600
3/1/2010,124.54,13296500
3/2/2010,125.53,12097500
3/3/2010,125.89,6440400
3/4/2010,128.53,7509700
3/5/2010,128.91,6769300
3/8/2010,130.11,5605900
3/9/2010,128.82,6070800
3/10/2010,130.51,5625700
3/11/2010,133.58,7240800
3/12/2010,131.82,6150800
3/15/2010,131.13,6329200
3/16/2010,131.79,4132500
3/17/2010,131.34,4358800
3/18/2010,132.76,5021300
3/19/2010,130.35,8905000
3/22/2010,130.47,5383400
3/23/2010,129.26,4213100
3/24/2010,128.04,4696400
3/25/2010,134.73,16209600
3/26/2010,135.06,6565700
3/29/2010,135.12,4626900
3/30/2010,136.579,6192700
3/31/2010,135.77,4600600
4/1/2010,131.81,8785800
4/5/2010,131.49,5816500
4/6/2010,135.56,7950300
4/7/2010,134.87,5945400
4/8/2010,140.96,12689100
4/9/2010,140.06,6011100
4/12/2010,141.2,5445300
4/13/2010,140.16,4785500
4/14/2010,144.28,7900300
4/15/2010,145.82,7829600
4/16/2010,142.171,8396800
4/19/2010,142.43,6022000
4/20/2010,144.2,4311700
4/21/2010,146.43,7374400
4/22/2010,150.09,15165800
4/23/2010,143.63,18975200
4/26/2010,147.11,9318300
4/27/2010,142.02,8639000
4/28/2010,139.35,9235300
4/29/2010,141.73,6314200
4/30/2010,137.1,6113500
5/3/2010,137.49,5654600
5/4/2010,129.83,12667800
5/5/2010,130.93,9458100
5/6/2010,128.71,10189000
5/7/2010,124.98,11927600
5/10/2010,131.29,6806100
5/11/2010,130.46,6044100
5/12/2010,133.87,5904500
5/13/2010,131.47,5940200
5/14/2010,128.533,5277800
5/17/2010,128.91,5642200
5/18/2010,126.28,5256900
5/19/2010,124.59,6463300
5/20/2010,119.71,8594400
5/21/2010,122.72,7966900
5/24/2010,122.12,4535900
5/25/2010,124.86,6913400
5/26/2010,123.21,6964600
5/27/2010,126.7,4747700
5/28/2010,125.46,3954800
6/1/2010,123.24,3659500
6/2/2010,126.31,4764700
6/3/2010,128.76,5276900
6/4/2010,122.77,5497700
6/7/2010,122.01,6566400
6/8/2010,118.835,11484400
6/9/2010,117.91,7369200
6/10/2010,123.21,6061800
6/11/2010,123.03,4204600
6/14/2010,123.83,3923000
6/15/2010,126.84,4541000
6/16/2010,126.9,3964300
6/17/2010,125.89,3479000
6/18/2010,125.83,3836000
6/21/2010,122.55,5327700
6/22/2010,122.307,6207200
6/23/2010,121.45,5455100
6/24/2010,118.33,7771100
6/25/2010,121,5769700
6/28/2010,117.8,5612200
6/29/2010,108.61,12866300
6/30/2010,109.26,9740700
7/1/2010,110.96,8529800
7/2/2010,109.14,4477100
7/6/2010,110.06,5219300
7/7/2010,113.43,4941000
7/8/2010,116.22,6775000
7/9/2010,117.26,4065100
7/12/2010,119.51,4783600
7/13/2010,123.65,7091100
7/14/2010,123.3,5257000
7/15/2010,122.06,6047700
7/16/2010,118.49,6227900
7/19/2010,119.94,5030900
7/20/2010,120.1,6785000
7/21/2010,117.43,5011700
7/22/2010,120.07,15003400
7/23/2010,118.87,42421100
7/26/2010,118.4,11137800
7/27/2010,117.13,7796100
7/28/2010,117.13,5472300
7/29/2010,116.86,6175800
7/30/2010,117.89,7077500
8/2/2010,120.07,5443700
8/3/2010,122.42,5953800
8/4/2010,127.58,9270800
8/5/2010,127.83,4282300
8/6/2010,128.32,5065200
8/9/2010,128.83,5085800
8/10/2010,130,5706900
8/11/2010,125.89,5541700
8/12/2010,126.56,4367900
8/13/2010,124.69,3976600
8/16/2010,126.07,4024700
8/17/2010,128.86,5044700
8/18/2010,129.65,7901500
8/19/2010,127.57,5582500
8/20/2010,127.76,4170100
8/23/2010,126.6,3861300
8/24/2010,124.53,5369700
8/25/2010,126.85,5344500
8/26/2010,124.86,4694500
8/27/2010,126.64,5080000
8/30/2010,123.79,3426000
8/31/2010,124.83,4225600
9/1/2010,132.49,7138300
9/2/2010,135.21,5407400
9/3/2010,138.79,6581200
9/7/2010,137.22,3883000
9/8/2010,139.14,5828500
9/9/2010,140.38,4958000
9/10/2010,142.44,5043600
9/13/2010,145.07,5077400
9/14/2010,145.75,4319400
9/15/2010,145.45,4903600
9/16/2010,148.13,5827000
9/17/2010,148.325,7259600
9/20/2010,151.3048,6449400
9/21/2010,150.73,7542000
9/22/2010,151.83,6612400
9/23/2010,152.85,7065600
9/24/2010,160.73,10590600
9/27/2010,159.37,6446300
9/28/2010,159.7,8494200
9/29/2010,158.99,7287500
9/30/2010,157.06,7606000
10/1/2010,153.71,8683400
10/4/2010,155.39,5346500
10/5/2010,160.87,5620000
10/6/2010,155.4,6060800
10/7/2010,156.27,4622000
10/8/2010,155.55,6918400
10/11/2010,153.03,4486400
10/12/2010,156.48,5280800
10/13/2010,155.17,5632800
10/14/2010,155.53,4024100
10/15/2010,164.64,10135500
10/18/2010,163.56,6331300
10/19/2010,158.67,7525000
10/20/2010,158.67,5790400
10/21/2010,164.97,13482500
10/22/2010,169.13,16318400
10/25/2010,169,6530900
10/26/2010,169.95,4689600
10/27/2010,167.51,5721800
10/28/2010,166.84,4684400
10/29/2010,165.23,4998500
11/1/2010,162.58,5239900
11/2/2010,164.61,4260000
11/3/2010,168.47,6112100
11/4/2010,168.93,7395900
11/5/2010,170.77,5212200
11/8/2010,171.99,5706000
11/9/2010,170.27,3978600
11/10/2010,173.33,5440300
11/11/2010,170.37,5691700
11/12/2010,165.68,7160600
11/15/2010,158.9,9648600
11/16/2010,157.78,6571400
11/17/2010,158.35,4524900
11/18/2010,164.17,6225300
11/19/2010,164.82,4464800
11/22/2010,170.39,6142500
11/23/2010,168.2,6465300
11/24/2010,177.25,10042500
11/26/2010,177.2,4271600
11/29/2010,179.49,9695000
11/30/2010,175.4,6762200
12/1/2010,176.55,5770100
12/2/2010,176.53,5537600
12/3/2010,175.68,4907500
12/6/2010,178.05,5654200
12/7/2010,176.77,5077100
12/8/2010,176.29,3726900
12/9/2010,174.85,4555500
12/10/2010,175.62,3565500
12/13/2010,174.25,4202500
12/14/2010,173.94,3685300
12/15/2010,175.57,5810500
12/16/2010,178.04,4121500
12/17/2010,177.58,4507300
12/20/2010,183.29,8735300
12/21/2010,184.75,5111000
12/22/2010,184.76,2578100
12/23/2010,182.59,3358200
12/27/2010,182.14,2249400
12/28/2010,181.09,1975000
12/29/2010,183.37,3120100
12/30/2010,182.75,1961200
12/31/2010,180,3451900
1/3/2011,184.22,5331400
1/4/2011,185.01,5031800
1/5/2011,187.42,3418800
1/6/2011,185.86,3179700
1/7/2011,185.49,5221700
1/10/2011,184.68,3375900
1/11/2011,184.34,2814200
1/12/2011,184.08,2679100
1/13/2011,185.53,3367000
1/14/2011,188.75,3662800
1/18/2011,191.25,3896200
1/19/2011,186.87,3882400
1/20/2011,181.96,5709900
1/21/2011,177.42,6806200
1/24/2011,176.85,5600300
1/25/2011,176.7,4651000
1/26/2011,175.39,3762200
1/27/2011,184.45,14594400
1/28/2011,171.14,19908200
1/31/2011,169.64,6718100
2/1/2011,172.11,5085900
2/2/2011,173.53,4547500
2/3/2011,173.71,3678900
2/4/2011,175.93,4347800
2/7/2011,176.43,5254700
2/8/2011,183.06,7794900
2/9/2011,185.3,8312700
2/10/2011,186.21,5331400
2/11/2011,189.25,4487900
2/14/2011,190.42,4061300
2/15/2011,189.03,3890900
2/16/2011,186.62,4628200
2/17/2011,187.76,3425500
2/18/2011,186.5,4178600
2/22/2011,180.42,5637100
2/23/2011,176.68,5482000
2/24/2011,177.75,4656500
2/25/2011,177.24,4191400
2/28/2011,173.29,6783200
3/1/2011,169.44,5847100
3/2/2011,172.02,5185700
3/3/2011,172.79,4138200
3/4/2011,171.67,4924300
3/7/2011,169.08,5932900
3/8/2011,166.89,4219000
3/9/2011,169.05,7108900
3/10/2011,166.14,5998400
3/11/2011,168.07,4609900
3/14/2011,166.73,4022000
3/15/2011,165.08,4934500
3/16/2011,164.7,5208100
3/17/2011,160.97,6471400
3/18/2011,161.82,7442700
3/21/2011,164.525,4055100
3/22/2011,162.6,3611400
3/23/2011,165.32,4721300
3/24/2011,171.1,6283200
3/25/2011,170.98,4293800
3/28/2011,169.35,3400800
3/29/2011,174.62,4884600
3/30/2011,179.42,6859300
3/31/2011,180.13,4826500
4/1/2011,180.13,5684100
4/4/2011,182.94,4186400
4/5/2011,185.29,5569200
4/6/2011,182.76,5430700
4/7/2011,184.91,4564000
4/8/2011,184.71,3726400
4/11/2011,184.04,3297100
4/12/2011,180.48,5334500
4/13/2011,182.29,4216300
4/14/2011,181.82,3588200
4/15/2011,180.01,4272400
4/18/2011,178.34,4616500
4/19/2011,178.82,2646000
4/20/2011,183.87,4067500
4/21/2011,185.89,3348100
4/25/2011,185.42,3438100
4/26/2011,182.3,11200000
4/27/2011,196.63,23623000
4/28/2011,195.07,7300000
4/29/2011,195.81,6640900
5/2/2011,201.19,9398100
5/3/2011,198.45,6100000
5/4/2011,199.97,6550000
5/5/2011,197.11,4600000
5/6/2011,197.6,4013900
5/9/2011,200.8,5825400
5/10/2011,203.94,5885900
5/11/2011,204.38,4809000
5/12/2011,206.07,4800000
5/13/2011,202.56,4123700
5/16/2011,192.51,9386400
5/17/2011,194.81,7073300
5/18/2011,197.09,4955800
5/19/2011,198.805,3701200
5/20/2011,198.65,3381000
5/23/2011,196.22,4200000
5/24/2011,193.27,2972700
5/25/2011,192.26,4661300
5/26/2011,195,4075200
5/27/2011,194.13,2352600
5/31/2011,196.69,3409000
6/1/2011,192.395,3445200
6/2/2011,193.65,3044900
6/3/2011,188.32,4974500
6/6/2011,185.69,3716000
6/7/2011,187.55,4866500
6/8/2011,188.05,3716600
6/9/2011,189.68,4187300
6/10/2011,186.53,3760400
6/13/2011,186.29,3868900
6/14/2011,189.96,3960300
6/15/2011,185.98,6317700
6/16/2011,183.65,6032100
6/17/2011,186.37,6322200
6/20/2011,187.72,2831700
6/21/2011,194.23,4182600
6/22/2011,191.63,3129700
6/23/2011,194.16,4609600
6/24/2011,192.55,3614500
6/27/2011,201.25,6100700
6/28/2011,202.35,3825300
6/29/2011,204.18,4608900
6/30/2011,204.49,4448100
7/1/2011,209.49,4008700
7/5/2011,213.19,3585200
7/6/2011,214.19,2607600
7/7/2011,216.74,3144900
7/8/2011,218.28,3707900
7/11/2011,212.55,4033700
7/12/2011,211.23,3985700
7/13/2011,213.5,4229900
7/14/2011,210.38,3902500
7/15/2011,212.87,4072600
7/18/2011,211.53,2898100
7/19/2011,218.06,4437200
7/20/2011,215.55,3372900
7/21/2011,213.21,4545300
7/22/2011,216.52,3591700
7/25/2011,213.49,3342800
7/26/2011,214.18,9863600
7/27/2011,222.518,12955600
7/28/2011,223.9,5354900
7/29/2011,222.52,5167700
8/1/2011,221.32,5789300
8/2/2011,211.7,6586700
8/3/2011,209.96,8197100
8/4/2011,201.48,6579500
8/5/2011,202.7,10024000
8/8/2011,193.7,10427500
8/9/2011,205.09,10491200
8/10/2011,194.13,8757600
8/11/2011,198.36,7401900
8/12/2011,202.3,5620400
8/15/2011,202.95,4785900
8/16/2011,197.68,5205900
8/17/2011,195.93,3991100
8/18/2011,182.52,8275200
8/19/2011,178.93,7244200
8/22/2011,177.54,5313700
8/23/2011,193.55,7351600
8/24/2011,193.73,6248700
8/25/2011,192.03,3760800
8/26/2011,199.27,5310700
8/29/2011,206.53,4511000
8/30/2011,210.92,5915700
8/31/2011,215.23,7405000
9/1/2011,212.54,5275300
9/2/2011,210,4232000
9/6/2011,216.18,6216200
9/7/2011,219.9,5295800
9/8/2011,217.26,4397900
9/9/2011,211.39,4574300
9/12/2011,216.56,5342100
9/13/2011,219.53,4835900
9/14/2011,222.57,5881700
9/15/2011,226.78,5608800
9/16/2011,239.3,11753000
9/19/2011,241.69,8223300
9/20/2011,233.25,7385500
9/21/2011,231.87,5881500
9/22/2011,223.23,8254600
9/23/2011,223.61,6468100
9/26/2011,229.85,5794100
9/27/2011,224.21,7837500
9/28/2011,229.71,14436900
9/29/2011,222.44,9378500
9/30/2011,216.23,6550300
10/3/2011,211.98,6624400
10/4/2011,212.5,8711600
10/5/2011,219.498,6508200
10/6/2011,221.51,6849300
10/7/2011,224.74,6784300
10/10/2011,231.32,5143100
10/11/2011,235.48,5003700
10/12/2011,236.81,6510800
10/13/2011,236.15,4833500
10/14/2011,246.71,5923700
10/17/2011,242.33,4779000
10/18/2011,243.88,4609700
10/19/2011,231.53,6715100
10/20/2011,233.61,4524900
10/21/2011,234.78,4572500
10/24/2011,237.61,4975800
10/25/2011,227.15,14012600
10/26/2011,198.4,24134200
10/27/2011,206.78,10774300
10/28/2011,217.32,9880400
10/31/2011,213.51,7343300
11/1/2011,212.105,8511800
11/2/2011,215.62,6122000
11/3/2011,218.29,5315000
11/4/2011,216.48,4065800
11/7/2011,217,3860000
11/8/2011,217.99,3914500
11/9/2011,211.22,4680600
11/10/2011,210.79,5044600
11/11/2011,217.39,5163100
11/14/2011,218.93,6522200
11/15/2011,217.83,5739000
11/16/2011,211.99,5509400
11/17/2011,204.52,7983100
11/18/2011,197.14,8437500
11/21/2011,189.25,11321200
11/22/2011,192.34,9915600
11/23/2011,188.99,8011300
11/25/2011,182.399,4972000
11/28/2011,194.15,7207300
11/29/2011,188.39,6575100
11/30/2011,192.29,7717000
12/1/2011,197.13,7327700
12/2/2011,196.03,7526200
12/5/2011,196.24,5922100
12/6/2011,191.99,5202000
12/7/2011,195.32,6427300
12/8/2011,190.48,4361100
12/9/2011,193.03,5158800
12/12/2011,189.52,4343200
12/13/2011,180.51,9297300
12/14/2011,180.21,11614200
12/15/2011,181.26,7259900
12/16/2011,181.26,6664100
12/19/2011,179.33,4533600
12/20/2011,182.52,4600100
12/21/2011,174.35,8066700
12/22/2011,179.03,4694900
12/23/2011,177.28,3496500
12/27/2011,176.27,2950900
12/28/2011,173.89,3659500
12/29/2011,173.86,8209300
12/30/2011,173.1,4279800
1/3/2012,179.03,5110800
1/4/2012,177.51,4205200
1/5/2012,177.61,3809100
1/6/2012,182.61,7008400
1/9/2012,178.56,5056900
1/10/2012,179.34,3985800
1/11/2012,178.9,3102700
1/12/2012,175.93,5385800
1/13/2012,178.42,4753500
1/17/2012,181.66,5644500
1/18/2012,189.44,7473500
1/19/2012,194.45,7096000
1/20/2012,190.93,5610300
1/23/2012,186.09,4585300
1/24/2012,187,4673800
1/25/2012,187.8,4306400
1/26/2012,193.316,5873600
1/27/2012,195.37,4659000
1/30/2012,192.15,5424100
1/31/2012,194.44,12772200
2/1/2012,179.46,21336600
2/2/2012,181.72,8736300
2/3/2012,187.68,8120500
2/6/2012,183.14,5310000
2/7/2012,184.19,5103900
2/8/2012,185.48,5476600
2/9/2012,184.98,7189200
2/10/2012,185.54,5797100
2/13/2012,191.59,6071400
2/14/2012,191.3,9527100
2/15/2012,184.47,7794400
2/16/2012,179.93,12563800
2/17/2012,182.5,7418100
2/21/2012,182.26,6756500
2/22/2012,180.58,5785400
2/23/2012,178.89,5153800
2/24/2012,179.13,3668700
2/27/2012,178.53,3706200
2/28/2012,183.8,5764500
2/29/2012,179.69,5300300
3/1/2012,180.04,4936000
3/2/2012,179.3,3657800
3/5/2012,180.26,4682700
3/6/2012,181.09,5612200
3/7/2012,183.77,4951500
3/8/2012,187.64,4221500
3/9/2012,184.32,4510600
3/12/2012,183.39,2587600
3/13/2012,184.59,4405800
3/14/2012,182.26,3699700
3/15/2012,184.43,4160100
3/16/2012,185.05,4934000
3/19/2012,185.52,3903400
3/20/2012,192.33,9165400
3/21/2012,191.73,4214400
3/22/2012,192.4,3739600
3/23/2012,195.04,5984000
3/26/2012,202.87,7613700
3/27/2012,205.44,9600800
3/28/2012,201.16,6245000
3/29/2012,204.61,5711200
3/30/2012,202.51,4438100
4/2/2012,198.05,6430300
4/3/2012,199.66,5000700
4/4/2012,193.99,5456900
4/5/2012,194.39,3217500
4/9/2012,191.87,3135900
4/10/2012,186.98,4455000
4/11/2012,187.97,4337800
4/12/2012,190.69,4027900
4/13/2012,188.46,3431800
4/16/2012,185.5,4044300
4/17/2012,188.39,2829200
4/18/2012,191.07,4001900
4/19/2012,191.1,4002400
4/20/2012,189.98,3243600
4/23/2012,188.24,3481000
4/24/2012,190.33,3376300
4/25/2012,194.42,3955100
4/26/2012,195.99,10234000
4/27/2012,226.85,22116900
4/30/2012,231.9,9756900
5/1/2012,230.04,6754900
5/2/2012,230.25,4593400
5/3/2012,229.45,4055500
5/4/2012,223.99,4585200
5/7/2012,225.16,3314300
5/8/2012,223.9,4522400
5/9/2012,222.98,3712000
5/10/2012,226.69,4648400
5/11/2012,227.68,4193600
5/14/2012,222.93,3096600
5/15/2012,224.39,5713700
5/16/2012,224.06,5261800
5/17/2012,218.36,4505500
5/18/2012,213.85,5231700
5/21/2012,218.11,3579800
5/22/2012,215.33,3733100
5/23/2012,217.28,4243800
5/24/2012,215.24,3141100
5/25/2012,212.89,2171400
5/29/2012,214.75,2693900
5/30/2012,209.23,4078200
5/31/2012,212.91,4944000
6/1/2012,208.22,3951500
6/4/2012,214.57,4299600
6/5/2012,213.21,3543900
6/6/2012,217.64,2710100
6/7/2012,218.8,3503900
6/8/2012,218.48,2877000
6/11/2012,216.5,3749100
6/12/2012,216.42,2833300
6/13/2012,214.73,2325200
6/14/2012,214.45,3060900
6/15/2012,218.35,3785200
6/18/2012,222.66,3369600
6/19/2012,224.03,2716600
6/20/2012,223.02,2444400
6/21/2012,220.575,2843000
6/22/2012,222.16,2187500
6/25/2012,220.07,2382300
6/26/2012,225.61,3754100
6/27/2012,225.62,2799200
6/28/2012,221.31,2994800
6/29/2012,228.35,3614400
7/2/2012,229.32,2330700
7/3/2012,229.53,1331700
7/5/2012,227.06,2682300
7/6/2012,225.05,3203200
7/9/2012,225.05,1922000
7/10/2012,219.5,2982100
7/11/2012,218.37,2734700
7/12/2012,215.36,2616200
7/13/2012,218.39,2221900
7/16/2012,216.01,2004200
7/17/2012,216.93,1987000
7/18/2012,217.47,2093000
7/19/2012,226.17,5449400
7/20/2012,228.29,4170000
7/23/2012,226.01,5515100
7/24/2012,223.04,5008700
7/25/2012,217.05,3646700
7/26/2012,220.01,6937400
7/27/2012,237.32,11313900
7/30/2012,236.09,3736400
7/31/2012,233.3,3453600
8/1/2012,232.09,2543800
8/2/2012,230.81,3048100
8/3/2012,234.97,2825300
8/6/2012,233.99,1843700
8/7/2012,236.56,2058300
8/8/2012,234.38,1534300
8/9/2012,234.06,1548100
8/10/2012,232.75,1852500
8/13/2012,232.44,1997300
8/14/2012,233.19,2751000
8/15/2012,237.42,3264700
8/16/2012,241.55,4312100
8/17/2012,241.17,3085800
8/20/2012,240.35,1889900
8/21/2012,239.45,2571500
8/22/2012,243.1,2473700
8/23/2012,241.198,2453900
8/24/2012,245.74,3698800
8/27/2012,243.92,2929700
8/28/2012,246.11,2742300
8/29/2012,247.12,1772600
8/30/2012,246.22,3647500
8/31/2012,248.27,3347500
9/4/2012,247.88,3950800
9/5/2012,246.22,2652600
9/6/2012,251.38,5361400
9/7/2012,259.14,5029500
9/10/2012,257.09,2567200
9/11/2012,255.67,2524800
9/12/2012,255.63,2273200
9/13/2012,260.24,3525600
9/14/2012,261.27,3666200
9/17/2012,258,2306300
9/18/2012,258.75,2215000
9/19/2012,261.68,2636800
9/20/2012,260.81,2913600
9/21/2012,257.47,6059300
9/24/2012,254.805,2707900
9/25/2012,252.46,4405800
9/26/2012,249.67,2920500
9/27/2012,256.59,3397400
9/28/2012,254.32,2456600
10/1/2012,252.01,2581200
10/2/2012,250.6,2195800
10/3/2012,255.92,2745600
10/4/2012,260.47,2700400
10/5/2012,258.51,2806500
10/8/2012,259.06,1762300
10/9/2012,250.96,3494800
10/10/2012,244.99,3948300
10/11/2012,244.22,3447300
10/12/2012,242.36,2203200
10/15/2012,244.18,2959800
10/16/2012,243.94,2204100
10/17/2012,247.49,3302700
10/18/2012,244.85,5305300
10/19/2012,240,4395300
10/22/2012,233.78,4500000
10/23/2012,234.31,4430800
10/24/2012,228.49,3678700
10/25/2012,222.92,6741300
10/26/2012,238.24,11367500
10/31/2012,232.8931,4797600
11/1/2012,232.14,3905100
11/2/2012,232.4224,3374700
11/5/2012,234.33,1846100
11/6/2012,237.56,2661300
11/7/2012,232.0608,3624200
11/8/2012,227.35,2982400
11/9/2012,226.31,3092500
11/12/2012,226.47,2128800
11/13/2012,226.6,2629800
11/14/2012,222.95,3034100
11/15/2012,220.599,3404700
11/16/2012,225.23,4352800
11/19/2012,229.71,3591200
11/20/2012,233.78,2771700
11/21/2012,238.03,2959300
11/23/2012,239.88,1776800
11/26/2012,243.62,4178300
11/27/2012,243.4017,3048500
11/28/2012,247.11,2743400
11/29/2012,251.27,5310500
11/30/2012,252.05,3797400
12/3/2012,250.3291,2990600
12/4/2012,252.4881,3114700
12/5/2012,253.96,2852200
12/6/2012,253.37,3557900
12/7/2012,253.2681,2170300
12/10/2012,247.77,3503800
12/11/2012,250.69,4185200
12/12/2012,251.76,2628100
12/13/2012,251.25,2460200
12/14/2012,249.19,2526900
12/17/2012,253.86,2277000
12/18/2012,260.4,4961000
12/19/2012,257.99,2300000
12/20/2012,261.5,2584600
12/21/2012,256.92,4704600
12/24/2012,258.62,984400
12/26/2012,248.6314,4152700
12/27/2012,248.31,3639300
12/28/2012,245.18,1858700
12/31/2012,250.87,3419000
1/2/2013,257.31,3271000
1/3/2013,258.48,2750900
1/4/2013,259.15,1874200
1/7/2013,268.4592,4910000
1/8/2013,266.38,3010700
1/9/2013,266.35,2265600
1/10/2013,265.34,2863400
1/11/2013,267.94,2413300
1/14/2013,272.73,4275000
1/15/2013,271.9,2326900
1/16/2013,268.93,2065600
1/17/2013,270.48,1884600
1/18/2013,272.12,2942000
1/22/2013,270.19,2137700
1/23/2013,268.11,2508900
1/24/2013,273.62,3417000
1/25/2013,283.99,4968100
1/28/2013,276.04,4321400
1/29/2013,260.35,10172600
1/30/2013,272.764,13075400
1/31/2013,265.5,6772100
2/1/2013,265,6115000
2/4/2013,259.98,3723600
2/5/2013,266.89,4012900
2/6/2013,262.22,2770400
2/7/2013,260.23,3975700
2/8/2013,261.95,3879200
2/11/2013,257.21,3403700
2/12/2013,258.7,2943700
2/13/2013,269.47,5293000
2/14/2013,269.24,3463000
2/15/2013,265.09,3979900
2/19/2013,269.75,2854200
2/20/2013,266.41,3528900
2/21/2013,265.94,3637400
2/22/2013,265.42,3124800
2/25/2013,259.87,3032400
2/26/2013,259.36,3348600
2/27/2013,263.25,2908100
2/28/2013,264.27,2667200
3/1/2013,265.74,2957000
3/4/2013,273.11,3453000
3/5/2013,275.59,3686200
3/6/2013,273.79,2050700
3/7/2013,273.88,1939000
3/8/2013,274.19,1879800
3/11/2013,271.24,1904900
3/12/2013,274.13,3246200
3/13/2013,275.1,1884200
3/14/2013,265.74,5226700
3/15/2013,261.82,4865900
3/18/2013,257.89,2720200
3/19/2013,256.41,3738500
3/20/2013,257.278,2738900
3/21/2013,253.39,2806400
3/22/2013,257.75,3124600
3/25/2013,256.02,2513900
3/26/2013,260.31,2421000
3/27/2013,265.3,2874900
3/28/2013,266.49,2473700
4/1/2013,261.61,2524800
4/2/2013,263.322,2631100
4/3/2013,259.03,2413800
4/4/2013,259.08,1964400
4/5/2013,255.48,2557400
4/8/2013,258.95,2295600
4/9/2013,261.14,2156600
4/10/2013,264.77,2322500
4/11/2013,269.85,3090500
4/12/2013,272.87,2866300
4/15/2013,267.72,3326000
4/16/2013,272.34,2137200
4/17/2013,267.4,3135100
4/18/2013,259.42,3137600
4/19/2013,260.32,2602500
4/22/2013,263.55,2119100
4/23/2013,268.9,2270600
4/24/2013,268.78,1852800
4/25/2013,274.7,6116500
4/26/2013,254.81,14030000
4/29/2013,249.74,7117000
4/30/2013,253.81,4248800
5/1/2013,248.23,4391400
5/2/2013,252.55,3936200
5/3/2013,258.05,3514000
5/6/2013,255.72,2347800
5/7/2013,257.73,3133700
5/8/2013,258.68,2677000
5/9/2013,260.16,2769300
5/10/2013,263.63,3145300
5/13/2013,264.51,2149500
5/14/2013,268.33,2700000
5/15/2013,266.56,2720500
5/16/2013,264.12,1643500
5/17/2013,269.9,2527300
5/20/2013,267.63,2209000
5/21/2013,268.86,1741200
5/22/2013,262.96,3332000
5/23/2013,261.8,2000300
5/24/2013,261.74,1696300
5/28/2013,267.29,3471000
5/29/2013,265.53,1903400
5/30/2013,266.83,1667500
5/31/2013,269.2,3374300
6/3/2013,266.88,2543900
6/4/2013,265.7,2088600
6/5/2013,267.17,3512300
6/6/2013,267.83,2476300
6/7/2013,276.87,4632600
6/10/2013,281.07,3086500
6/11/2013,274.78,3097800
6/12/2013,271.67,2238900
6/13/2013,275.79,2649800
6/14/2013,273.99,2150800
6/17/2013,278.06,2884000
6/18/2013,281.76,2146100
6/19/2013,278.16,2827500
6/20/2013,273.44,2984000
6/21/2013,273.36,4201000
6/24/2013,270.61,3863800
6/25/2013,272.088,2449600
6/26/2013,277.57,3029500
6/27/2013,277.55,2519500
6/28/2013,277.69,3193300
7/1/2013,282.1,2888200
7/2/2013,283.73,3238200
7/3/2013,284.03,1373000
7/5/2013,285.88,1985400
7/8/2013,290.59,3046700
7/9/2013,291.53,2775600
7/10/2013,292.33,1810200
7/11/2013,299.66,4007300
7/12/2013,307.55,4539300
7/15/2013,306.57,2245600
7/16/2013,306.87,2660200
7/17/2013,308.69,2029700
7/18/2013,304.11,3063800
7/19/2013,305.23,2973100
7/22/2013,303.48,2520700
7/23/2013,301.06,1999600
7/24/2013,298.94,2000500
7/25/2013,303.4,5405800
7/26/2013,312.01,8817500
7/29/2013,306.1,3211800
7/30/2013,302.41,3053400
7/31/2013,301.22,1891300
8/1/2013,305.57,2971700
8/2/2013,304.21,2502600
8/5/2013,300.99,2233200
8/6/2013,300.75,1849000
8/7/2013,296.91,1961000
8/8/2013,295.74,2343400
8/9/2013,297.26,1950300
8/12/2013,296.69,1504500
8/13/2013,293.97,2349900
8/14/2013,291.34,1415000
8/15/2013,286.47,2261400
8/16/2013,284.82,2422500
8/19/2013,285.57,2477400
8/20/2013,287.09,1586300
8/21/2013,284.57,1815300
8/22/2013,289.73,1422600
8/23/2013,290.01,1961900
8/26/2013,286.21,1711700
8/27/2013,280.93,2476000
8/28/2013,281.58,1457100
8/29/2013,283.98,1566400
8/30/2013,280.98,1534700
9/3/2013,288.8,2897600
9/4/2013,293.64,2438600
9/5/2013,294.1,1816600
9/6/2013,295.86,2292000
9/9/2013,299.71,1643600
9/10/2013,300.36,1778400
9/11/2013,299.64,1742600
9/12/2013,298.86,1606200
9/13/2013,297.92,1350600
9/16/2013,296.06,1808400
9/17/2013,304.17,2296500
9/18/2013,312.034,2946400
9/19/2013,312.06,2350900
9/20/2013,316.34,5302300
9/23/2013,311.49,1884900
9/24/2013,314.13,2033600
9/25/2013,312.65,2008600
9/26/2013,318.12,1989900
9/27/2013,316.01,1657500
9/30/2013,312.64,1623600
10/1/2013,320.95,2396400
10/2/2013,320.51,2217400
10/3/2013,314.76,2674800
10/4/2013,319.04,1815000
10/7/2013,310.03,2083200
10/8/2013,303.23,3166200
10/9/2013,298.23,3247400
10/10/2013,305.174,2555100
10/11/2013,310.889,2163100
10/14/2013,310.7,1939100
10/15/2013,306.4,2261100
10/16/2013,310.49,2170700
10/17/2013,310.77,2648400
10/18/2013,328.931,5969800
10/21/2013,326.44,2522300
10/22/2013,332.54,3935500
10/23/2013,326.756,2818200
10/24/2013,332.21,5884700
10/25/2013,363.39,12036800
10/28/2013,358.16,3635800
10/29/2013,362.7,2185400
10/30/2013,361.08,4502200
10/31/2013,364.03,2466800
11/1/2013,359.002,3331000
11/4/2013,358.74,1938400
11/5/2013,358.892,2007100
11/6/2013,356.18,2282300
11/7/2013,343.56,4246300
11/8/2013,350.31,2656900
11/11/2013,354.378,2261700
11/12/2013,349.53,2343100
11/13/2013,356.22,2773300
11/14/2013,367.396,4159800
11/15/2013,369.17,4491600
11/18/2013,366.18,2737400
11/19/2013,364.94,1904800
11/20/2013,362.57,1771500
11/21/2013,368.92,1964600
11/22/2013,372.31,2965500
11/25/2013,376.64,2972300
11/26/2013,381.37,2724400
11/27/2013,386.71,2269700
11/29/2013,393.62,2406000
12/2/2013,392.3,4714000
12/3/2013,384.66,3702900
12/4/2013,385.96,2355300
12/5/2013,384.49,1906500
12/6/2013,386.95,1984700
12/9/2013,384.89,2761800
12/10/2013,387.78,2736800
12/11/2013,382.19,2451300
12/12/2013,381.25,2123700
12/13/2013,384.24,3025000
12/16/2013,388.97,2251700
12/17/2013,387.65,2343900
12/18/2013,395.96,3489100
12/19/2013,395.19,2427200
12/20/2013,402.2,5033900
12/23/2013,402.92,2659500
12/24/2013,399.2,1380400
12/26/2013,404.39,1868500
12/27/2013,398.08,1986900
12/30/2013,393.37,2487100
12/31/2013,398.79,1996500
1/2/2014,397.97,2137800
1/3/2014,396.44,2210200
1/6/2014,393.63,3170600
1/7/2014,398.03,1916000
1/8/2014,401.92,2316500
1/9/2014,401.01,2103000
1/10/2014,397.66,2679500
1/13/2014,390.98,2844900
1/14/2014,397.54,2340100
1/15/2014,395.87,2678300
1/16/2014,395.8,2601200
1/17/2014,399.61,4505100
1/21/2014,407.05,3122100
1/22/2014,404.54,2060500
1/23/2014,399.87,3025400
1/24/2014,387.6,4458400
1/27/2014,386.28,3936800
1/28/2014,394.43,2894500
1/29/2014,384.2,3382300
1/30/2014,403.01,10473900
1/31/2014,358.69,16154800
2/3/2014,346.15,10280800
2/4/2014,347.95,4812900
2/5/2014,346.45,4435400
2/6/2014,354.59,3335700
2/7/2014,361.08,4330500
2/10/2014,360.87,3449700
2/11/2014,361.79,3222100
2/12/2014,349.25,6587700
2/13/2014,357.2,4175000
2/14/2014,357.35,3520200
2/18/2014,353.65,4998000
2/19/2014,347.38,4168100
2/20/2014,349.8,3492800
2/21/2014,346.76,4210000
2/24/2014,351.78,3644700
2/25/2014,358.32,3736400
2/26/2014,359.8,3622100
2/27/2014,360.13,3104900
2/28/2014,362.1,3882000
3/3/2014,359.78,2798300
3/4/2014,363.9,2704400
3/5/2014,372.37,3848300
3/6/2014,372.16,2926600
3/7/2014,372.06,2279800
3/10/2014,370.53,2105800
3/11/2014,368.82,2246100
3/12/2014,370.64,2216600
3/13/2014,371.51,6829000
3/14/2014,373.74,4402200
3/17/2014,375.04,2303000
3/18/2014,378.77,2483500
3/19/2014,373.23,2646700
3/20/2014,368.97,2558500
3/21/2014,360.62,5414100
3/24/2014,351.85,4873500
3/25/2014,354.71,4445700
3/26/2014,343.41,4120700
3/27/2014,338.47,5766400
3/28/2014,338.29,3986800
3/31/2014,336.365,4297500
4/1/2014,342.99,3600100
4/2/2014,341.96,4475500
4/3/2014,333.62,6399300
4/4/2014,323,12534600
4/7/2014,317.76,7077400
4/8/2014,327.07,6577600
4/9/2014,331.805,5056600
4/10/2014,317.11,6126700
4/11/2014,311.73,7287500
4/14/2014,315.91,4293500
4/15/2014,316.08,5398600
4/16/2014,323.68,4284900
4/17/2014,324.91,4299200
4/21/2014,330.87,2999400
4/22/2014,329.32,3711600
4/23/2014,324.58,3604600
4/24/2014,337.15,9293700
4/25/2014,303.83,16180200
4/28/2014,296.58,14479800
4/29/2014,300.38,6509300
4/30/2014,304.13,4088600
5/1/2014,307.89,4328600
5/2/2014,308.01,3995100
5/5/2014,310.05,2519900
5/6/2014,297.38,4682300
5/7/2014,292.71,7015200
5/8/2014,288.32,3848200
5/9/2014,292.24,4063000
5/12/2014,302.86,3729600
5/13/2014,304.64,3509900
5/14/2014,297.62,3323300
5/15/2014,295.19,4295100
5/16/2014,297.7,3636800
5/19/2014,296.755,2284200
5/20/2014,301.19,4095700
5/21/2014,305.01,3408800
5/22/2014,304.91,2576800
5/23/2014,312.24,3052900
5/27/2014,310.82,4862100
5/28/2014,310.16,2726000
5/29/2014,313.78,2365500
5/30/2014,312.55,4260200
6/2/2014,308.84,2203400
6/3/2014,307.19,2379200
6/4/2014,306.78,2107100
6/5/2014,323.57,7796700
6/6/2014,329.67,5244000
6/9/2014,327.5,3212200
6/10/2014,332.41,3663400
6/11/2014,335.2,4436800
6/12/2014,325.91,4263000
6/13/2014,326.27,2764800
6/16/2014,327.62,2396100
6/17/2014,325.62,2904200
6/18/2014,334.38,6401500
6/19/2014,327,5320600
6/20/2014,324.2,6054000
6/23/2014,327.24,2604800
6/24/2014,324.16,2626600
6/25/2014,327.44,2327800
6/26/2014,325.69,2699500
6/27/2014,324.57,2416200
6/30/2014,324.78,2671300
7/1/2014,332.39,3173600
7/2/2014,332.85,2681300
7/3/2014,337.492,1944300
7/7/2014,333.55,2128900
7/8/2014,323.81,4271600
7/9/2014,329.97,3166100
7/10/2014,327.92,2665000
7/11/2014,346.2,8300800
7/14/2014,355.32,5609900
7/15/2014,354.44,4170900
7/16/2014,355.9,3503600
7/17/2014,352.454,3636000
7/18/2014,358.66,3407400
7/21/2014,359.76,2278400
7/22/2014,360.84,2888900
7/23/2014,358.14,2687300
7/24/2014,358.61,7000000
7/25/2014,324.01,17846500
7/28/2014,320.41,5932000
7/29/2014,320,2883800
7/30/2014,322.51,3969000
7/31/2014,312.99,5192000
8/1/2014,307.06,7441500
8/4/2014,313.65,4200900
8/5/2014,312.32,2852100
8/6/2014,313.89,2296900
8/7/2014,311.45,2935600
8/8/2014,316.8,2705900
8/11/2014,318.33,2468600
8/12/2014,319.32,1915800
8/13/2014,326.28,4939100
8/14/2014,333.21,3420400
8/15/2014,333.63,3896700
8/18/2014,334.53,2485400
8/19/2014,335.13,1713800
8/20/2014,335.78,1810500
8/21/2014,332.91,1971100
8/22/2014,331.59,2211200
8/25/2014,334.02,1957700
8/26/2014,341.83,3638200
8/27/2014,343.18,2961600
8/28/2014,340.02,2252700
8/29/2014,339.04,1939500
9/2/2014,342.38,2326000
9/3/2014,339,1993700
9/4/2014,345.95,3952200
9/5/2014,346.38,2107000
9/8/2014,342.34,2955300
9/9/2014,329.75,4634000
9/10/2014,331.33,3797400
9/11/2014,330.52,2720200
9/12/2014,331.19,3429300
9/15/2014,323.89,4000400
9/16/2014,327.76,3259900
9/17/2014,324,4136000
9/18/2014,325,2576900
9/19/2014,331.32,6886200
9/22/2014,324.5,3109700
9/23/2014,323.63,2352600
9/24/2014,328.21,2635754
9/25/2014,321.93,2925241
9/26/2014,323.21,3639155
9/29/2014,321.82,1929589
9/30/2014,322.44,2639967
10/1/2014,317.46,3096735
10/2/2014,318.41,3553944
10/3/2014,322.74,3037891
10/6/2014,322.2,2294194
10/7/2014,316.98,2365698
10/8/2014,322.7,3458960
10/9/2014,315.37,3589464
10/10/2014,311.39,3684314
10/13/2014,306.45,4369850
10/14/2014,308.31,3385809
10/15/2014,305.97,5348254
10/16/2014,302.86,4731866
10/17/2014,303.64,4409218
10/20/2014,306.21,3239490
10/21/2014,315.33,3563351
10/22/2014,312.97,3130049
10/23/2014,313.18,9038193
10/24/2014,287.06,19805911
10/27/2014,289.97,5950594
10/28/2014,295.59,5576646
10/29/2014,294.12,4883259
10/30/2014,299.07,4055155
10/31/2014,305.46,4551795
11/3/2014,305.72,3244150
11/4/2014,302.81,3427384
11/5/2014,296.52,4674492
11/6/2014,296.64,3758121
11/7/2014,299.86,2647352
11/10/2014,305.11,2809056
11/11/2014,312.01,3807333
11/12/2014,311.51,2182982
11/13/2014,316.48,3686428
11/14/2014,327.82,8877785
11/17/2014,323.05,4784933
11/18/2014,324.93,3551161
11/19/2014,326.54,3281614
11/20/2014,330.54,3436721
11/21/2014,332.63,4466587
11/24/2014,335.64,2754186
11/25/2014,335.04,2564989
11/26/2014,333.57,1985949
11/28/2014,338.64,3051798
12/1/2014,326,4944861
12/2/2014,326.31,2790257
12/3/2014,316.5,5689904
12/4/2014,316.93,3296642
12/5/2014,312.63,3265214
12/8/2014,306.64,3639180
12/9/2014,312.5,4049506
12/10/2014,305.84,3245890
12/11/2014,307.36,3272919
12/12/2014,307.32,3162322
12/15/2014,306.07,3841577
12/16/2014,295.06,6501252
12/17/2014,298.88,4433505
12/18/2014,297.73,7738067
12/19/2014,299.9,8709129
12/22/2014,306.54,4003827
12/23/2014,306.285,2718359
12/24/2014,303.03,1518107
12/26/2014,309.09,2893801
12/29/2014,312.04,3009046
12/30/2014,310.3,2093023
12/31/2014,310.35,2057766
1/2/2015,308.52,2788101
1/5/2015,302.19,2774231
1/6/2015,295.29,3519034
1/7/2015,298.42,2640349
1/8/2015,300.46,3088398
1/9/2015,296.93,2570947
1/12/2015,291.41,3421392
1/13/2015,294.74,4136442
1/14/2015,293.27,5538666
1/15/2015,286.95,4419196
1/16/2015,290.74,3478176
1/20/2015,289.44,3075081
1/21/2015,297.25,10065076
1/22/2015,310.32,5362640
1/23/2015,312.39,4496419
1/26/2015,309.66,3169665
1/27/2015,306.75,2920315
1/28/2015,303.91,3063774
1/29/2015,311.78,8656567
1/30/2015,354.53,23856060
2/2/2015,364.47,10231914
2/3/2015,363.55,6212565
2/4/2015,364.75,4169927
2/5/2015,373.89,7247605
2/6/2015,374.28,3892382
2/9/2015,370.56,2724630
2/10/2015,372.995,2287232
2/11/2015,375.14,2786523
2/12/2015,377.17,2791050
2/13/2015,381.83,3475069
2/17/2015,375.43,3673208
2/18/2015,373.37,2650610
2/19/2015,378.995,2953752
2/20/2015,383.66,3258023
2/23/2015,380.14,2176989
2/24/2015,378.59,1921850
2/25/2015,385.37,3174495
2/26/2015,384.8,2687107
2/27/2015,380.16,2532309
3/2/2015,385.655,2139205
3/3/2015,384.61,1946498
3/4/2015,382.72,2259141
3/5/2015,387.83,2693518
3/6/2015,380.09,2627042
3/9/2015,378.56,2311390
3/10/2015,369.51,3120972
3/11/2015,366.37,2495097
3/12/2015,374.24,2810001
3/13/2015,370.58,2611658
3/16/2015,373.35,2354059
3/17/2015,371.92,2036961
3/18/2015,375.135,2654135
3/19/2015,373.24,1915671
3/20/2015,378.49,3763553
3/23/2015,375.11,2239343
3/24/2015,374.09,2228214
3/25/2015,370.96,3429497
3/26/2015,367.35,2929962
3/27/2015,370.56,2609774
3/30/2015,374.59,1820933
3/31/2015,372.1,2506122
4/1/2015,370.255,2458095
4/2/2015,372.25,1875279
4/6/2015,377.04,3050709
4/7/2015,374.41,1954902
4/8/2015,381.2,2636434
4/9/2015,383.54,2392328
4/10/2015,382.65,2573519
4/13/2015,382.36,1894453
4/14/2015,385.11,2583575
4/15/2015,383.45,1933229
4/16/2015,386.04,2080418
4/17/2015,375.56,3839664
4/20/2015,389.51,5016148
4/21/2015,391.18,4643524
4/22/2015,389.8,3474724
4/23/2015,389.99,7979985
4/24/2015,445.1,17176904
4/27/2015,438.56,5430949
4/28/2015,429.31,4140483
4/29/2015,429.37,3621688
4/30/2015,421.78,3647877
5/1/2015,422.87,3565824
5/4/2015,423.04,2270448
5/5/2015,421.19,2856386
5/6/2015,419.1,2552474
5/7/2015,426.88,2766132
5/8/2015,433.69,2908838
5/11/2015,432.85,2393737
5/12/2015,431.02,1947822
5/13/2015,426.87,1996328
5/14/2015,432.28,1888477
5/15/2015,426,4240306
5/18/2015,425.24,2390229
5/19/2015,421.71,2465240
5/20/2015,423.86,2196159
5/21/2015,431.63,4121401
5/22/2015,427.63,2020629
5/26/2015,425.47,2244185
5/27/2015,431.42,2231088
5/28/2015,426.57,1912436
5/29/2015,429.23,3016060
6/1/2015,430.92,2253264
6/2/2015,430.99,1669845
6/3/2015,436.59,2727914
6/4/2015,430.78,2510761
6/5/2015,426.95,1907855
6/8/2015,423.5,2172525
6/9/2015,425.48,2288663
6/10/2015,430.77,2172333
6/11/2015,432.97,2922459
6/12/2015,429.92,2054385
6/15/2015,423.67,2050987
6/16/2015,427.26,2297469
6/17/2015,427.81,2185869
6/18/2015,439.39,3378360
6/19/2015,434.92,4495087
6/22/2015,436.29,1823572
6/23/2015,445.99,3245049
6/24/2015,440.84,2620827
6/25/2015,440.1,2237458
6/26/2015,438.1,2624479
6/29/2015,429.86,2753193
6/30/2015,434.09,2596873
7/1/2015,437.39,1987076
7/2/2015,437.71,1343397
7/6/2015,436.04,1903161
7/7/2015,436.72,3454248
7/8/2015,429.7,2383130
7/9/2015,434.39,2271395
7/10/2015,443.51,2400981
7/13/2015,455.57,3956802
7/14/2015,465.57,4736215
7/15/2015,461.19,2987399
7/16/2015,475.48,4095581
7/17/2015,483.01,4932176
7/20/2015,488.1,4752491
7/21/2015,488,3181831
7/22/2015,488.27,3114898
7/23/2015,482.18,9374431
7/24/2015,529.42,21909381
7/27/2015,531.41,7490960
7/28/2015,526.03,5273092
7/29/2015,529,3752634
7/30/2015,536.76,3743065
7/31/2015,536.15,3025598
8/3/2015,535.03,3014236
8/4/2015,531.9,2934590
8/5/2015,537.01,2866861
8/6/2015,529.46,3820453
8/7/2015,522.62,3969215
8/10/2015,524,2615926
8/11/2015,527.46,2676600
8/12/2015,525.91,4014684
8/13/2015,529.66,2895238
8/14/2015,531.52,1994799
8/17/2015,535.22,2581680
8/18/2015,535.02,2071342
8/19/2015,532.92,2324040
8/20/2015,515.78,4407990
8/21/2015,494.47,6706466
8/24/2015,463.37,10097601
8/25/2015,466.37,5679329
8/26/2015,500.77,6358639
8/27/2015,518.37,6114506
8/28/2015,518.01,2746708
8/31/2015,512.89,3002293
9/1/2015,496.54,3864514
9/2/2015,510.55,3707116
9/3/2015,504.72,3149694
9/4/2015,499,2692510
9/8/2015,517.54,3810653
9/9/2015,516.89,4370657
9/10/2015,522.24,2575982
9/11/2015,529.44,3227862
9/14/2015,521.38,3130241
9/15/2015,522.37,2865933
9/16/2015,527.39,2252790
9/17/2015,538.87,4169484
9/18/2015,540.26,6160075
9/21/2015,548.39,3283313
9/22/2015,538.4,3841748
9/23/2015,536.07,2237571
9/24/2015,533.75,3500964
9/25/2015,524.25,4030998
9/28/2015,504.06,5370668
9/29/2015,496.07,4457532
9/30/2015,511.89,3902536
10/1/2015,520.72,3768483
10/2/2015,532.54,4597795
10/5/2015,543.68,3391359
10/6/2015,537.48,4547519
10/7/2015,541.94,3812087
10/8/2015,533.16,4676440
10/9/2015,539.8,3537364
10/12/2015,550.19,2776103
10/13/2015,548.9,2938044
10/14/2015,544.83,3582060
10/15/2015,562.44,4937034
10/16/2015,570.76,4315792
10/19/2015,573.15,4375420
10/20/2015,560.88,4346209
10/21/2015,555.77,3361655
10/22/2015,563.91,7779372
10/23/2015,599.03,10692667
10/26/2015,608.61,4269715
10/27/2015,611.01,3787136
10/28/2015,617.1,3926200
10/29/2015,626.55,3896026
10/30/2015,625.9,3874363
11/2/2015,628.35,2816479
11/3/2015,625.31,3246910
11/4/2015,640.95,4840501
11/5/2015,655.65,4723825
11/6/2015,659.37,4092165
11/9/2015,655.49,4048823
11/10/2015,659.68,3489483
11/11/2015,673.25,5387309
11/12/2015,665.6,4284678
11/13/2015,642.35,6261076
11/16/2015,647.81,7435934
11/17/2015,643.3,4316843
11/18/2015,663.54,4469769
11/19/2015,661.27,4705237
11/20/2015,668.45,3896135
11/23/2015,678.99,4385057
11/24/2015,671.15,4543417
11/25/2015,675.34,2697889
11/27/2015,673.26,1966801
11/30/2015,664.8,5693172
12/1/2015,679.06,4751152
12/2/2015,676.01,4273526
12/3/2015,666.25,5064736
12/4/2015,672.64,4534796
12/7/2015,669.83,3732814
12/8/2015,677.33,3651908
12/9/2015,664.79,5158172
12/10/2015,662.32,3455472
12/11/2015,640.15,5474420
12/14/2015,657.91,4361273
12/15/2015,658.64,4753415
12/16/2015,675.77,3964470
12/17/2015,670.65,3681645
12/18/2015,664.14,6841304
12/21/2015,664.51,3250900
12/22/2015,663.15,2667795
12/23/2015,663.7,2722922
12/24/2015,662.79,1092970
12/28/2015,675.2,3783555
12/29/2015,693.97,5734996
12/30/2015,689.07,3519003
12/31/2015,675.89,3749560
1/4/2016,636.99,9314519
1/5/2016,633.79,5822603
1/6/2016,632.65,5329197
1/7/2016,607.94,7074915
1/8/2016,607.05,5512915
1/11/2016,617.74,4891551
1/12/2016,617.89,4724100
1/13/2016,581.81,7655239
1/14/2016,593,7237978
1/15/2016,570.18,7784523
1/19/2016,574.48,4807165
1/20/2016,571.77,7966406
1/21/2016,575.02,4952217
1/22/2016,596.38,5120144
1/25/2016,596.53,4396079
1/26/2016,601.25,3765655
1/27/2016,583.35,5152853
1/28/2016,635.35,14015171
1/29/2016,587,14677550
2/1/2016,574.81,6355123
2/2/2016,552.1,6312045
2/3/2016,531.07,10048709
2/4/2016,536.26,6199070
2/5/2016,502.13,9708929
2/8/2016,488.1,9825509
2/9/2016,482.07,7077915
2/10/2016,490.48,6786181
2/11/2016,503.82,7397393
2/12/2016,507.08,5384787
2/16/2016,521.1,5118500
2/17/2016,534.1,4824002
2/18/2016,525,4735008
2/19/2016,534.9,4974717
2/22/2016,559.5,5566553
2/23/2016,552.94,4050790
2/24/2016,554.04,6231668
2/25/2016,555.15,4525463
2/26/2016,555.23,4877039
2/29/2016,552.52,4145396
3/1/2016,579.04,5038452
3/2/2016,580.21,4582170
3/3/2016,577.49,2741292
3/4/2016,575.14,3416545
3/7/2016,562.8,4932527
3/8/2016,560.26,4679663
3/9/2016,559.47,4377283
3/10/2016,558.93,3919892
3/11/2016,569.61,3771310
3/14/2016,573.37,3454152
3/15/2016,577.02,3876821
3/16/2016,574.27,3537669
3/17/2016,559.44,5928105
3/18/2016,552.08,7296885
3/21/2016,553.98,5155732
3/22/2016,560.48,4000564
3/23/2016,569.63,3983720
3/24/2016,582.95,5185539
3/28/2016,579.87,3121522
3/29/2016,593.86,4392567
3/30/2016,598.69,3890461
3/31/2016,593.64,2681811
4/1/2016,598.5,2917386
4/4/2016,593.19,2470825
4/5/2016,586.14,2308884
4/6/2016,602.08,2849909
4/7/2016,591.43,3189037
4/8/2016,594.6,2591936
4/11/2016,595.93,2704267
4/12/2016,603.17,2641062
4/13/2016,614.82,4228349
4/14/2016,620.75,3512136
4/15/2016,625.89,2887681
4/18/2016,635.35,4360883
4/19/2016,627.9,4055870
4/20/2016,632.99,2609425
4/21/2016,631,2596298
4/22/2016,620.5,5083904
4/25/2016,626.2,2682924
4/26/2016,616.88,2521433
4/27/2016,606.57,4068767
4/28/2016,602,7872605
4/29/2016,659.59,10310739
5/2/2016,683.85,6578517
5/3/2016,671.32,4923351
5/4/2016,670.9,4635462
5/5/2016,659.09,4884114
5/6/2016,673.95,4365345
5/9/2016,679.75,3982161
5/10/2016,703.07,6105570
5/11/2016,713.23,7338196
5/12/2016,717.93,5048150
5/13/2016,709.92,4763419
5/16/2016,710.66,5432920
5/17/2016,695.27,5121357
5/18/2016,697.45,4283189
5/19/2016,698.52,3025566
5/20/2016,702.8,2916165
5/23/2016,696.75,2595082
5/24/2016,704.2,3033782
5/25/2016,708.35,3276631
5/26/2016,714.91,2446681
5/27/2016,712.24,2249164
5/31/2016,722.79,3618323
6/1/2016,719.44,3263107
6/2/2016,728.24,3026583
6/3/2016,725.54,3367306
6/6/2016,726.73,2704806
6/7/2016,723.74,2732463
6/8/2016,726.64,2223366
6/9/2016,727.65,2170318
6/10/2016,717.91,3425718
6/13/2016,715.24,3352201
6/14/2016,719.3,2506922
6/15/2016,714.26,2709447
6/16/2016,717.51,3097961
6/17/2016,706.39,5897788
6/20/2016,714.01,3677162
6/21/2016,715.82,2137534
6/22/2016,710.6,2260454
6/23/2016,722.08,2824974
6/24/2016,698.96,7632511
6/27/2016,691.36,5584037
6/28/2016,707.95,4036957
6/29/2016,715.6,3070052
6/30/2016,715.62,2855142
7/1/2016,725.68,2920423
7/5/2016,728.1,2431431
7/6/2016,737.61,3938249
7/7/2016,736.57,2945783
7/8/2016,745.81,3429217
7/11/2016,753.78,3195272
7/12/2016,748.21,5623657
7/13/2016,742.63,4142265
7/14/2016,741.2,2390472
7/15/2016,735.44,3121385
7/18/2016,736.07,2954914
7/19/2016,739.95,2216820
7/20/2016,745.72,2214023
7/21/2016,744.43,2317072
7/22/2016,744.86,2277711
7/25/2016,739.61,2679290
7/26/2016,735.59,2529692
7/27/2016,736.67,2913134
7/28/2016,752.61,7617580
7/29/2016,758.81,6777050
8/1/2016,767.74,3578205
8/2/2016,760.58,3603280
8/3/2016,754.64,3581525
8/4/2016,760.77,3178208
8/5/2016,765.98,2704391
8/8/2016,766.56,1986272
8/9/2016,768.31,1876091
8/10/2016,768.56,1604280
8/11/2016,771.24,2019740
8/12/2016,772.56,1563318
8/15/2016,768.49,2118521
8/16/2016,764.04,1604561
8/17/2016,764.63,1891116
8/18/2016,764.46,1458834
8/19/2016,757.31,2343237
8/22/2016,759.48,1679251
8/23/2016,762.45,1524131
8/24/2016,757.25,1744107
8/25/2016,759.22,1622992
8/26/2016,769,2776830
8/29/2016,771.29,2198560
8/30/2016,767.58,1709158
8/31/2016,769.16,1633789
9/1/2016,770.62,1792271
9/2/2016,772.44,2181792
9/6/2016,788.87,3719788
9/7/2016,784.48,2424622
9/8/2016,784.06,2030511
9/9/2016,760.14,4257344
9/12/2016,771.49,3124704
9/13/2016,761.01,3117224
9/14/2016,761.09,2531822
9/15/2016,769.69,3043534
9/16/2016,778.52,5499182
9/19/2016,775.1,2297221
9/20/2016,780.22,1937164
9/21/2016,789.74,2718644
9/22/2016,804.7,4078910
9/23/2016,805.75,2353511
9/26/2016,799.16,2651397
9/27/2016,816.11,3819600
9/28/2016,828.72,4422078
9/29/2016,829.05,4922248
9/30/2016,837.31,4430566
10/3/2016,836.74,2769448
10/4/2016,834.03,2950314
10/5/2016,844.36,3469055
10/6/2016,841.66,2684013
10/7/2016,839.43,2426228
10/10/2016,841.71,1827143
10/11/2016,831,3588180
10/12/2016,834.09,2380416
10/13/2016,829.28,3091387
10/14/2016,822.96,2999814
10/17/2016,812.95,3361492
10/18/2016,817.65,2512504
10/19/2016,817.69,2090706
10/20/2016,810.32,3151954
10/21/2016,818.99,2793015
10/24/2016,838.09,4060899
10/25/2016,835.18,3248358
10/26/2016,822.59,3998102
10/27/2016,818.36,7406385
10/28/2016,776.32,10841073
10/31/2016,789.82,5413326
11/1/2016,785.41,5305428
11/2/2016,765.56,5026504
11/3/2016,767.03,3872496
11/4/2016,755.05,5122103
11/7/2016,784.93,5984354
11/8/2016,787.75,3412629
11/9/2016,771.88,8562892
11/10/2016,742.38,12746994
11/11/2016,739.01,6622784
11/14/2016,719.07,7321344
11/15/2016,743.24,6755785
11/16/2016,746.49,3648791
11/17/2016,756.4,3690112
11/18/2016,760.16,4373408
11/21/2016,780,4614574
11/22/2016,785.33,5311320
11/23/2016,780.12,3540263
11/25/2016,780.37,1837068
11/28/2016,766.77,4438828
11/29/2016,762.52,3272344
11/30/2016,750.57,4625946
12/1/2016,743.65,4665993
12/2/2016,740.34,3561307
12/5/2016,759.36,4314723
12/6/2016,764.72,3794746
12/7/2016,770.42,3684906
12/8/2016,767.33,3189608
12/9/2016,768.66,2470923
12/12/2016,760.12,2963945
12/13/2016,774.34,5285288
12/14/2016,768.82,5454836
12/15/2016,761,3801927
12/16/2016,757.77,4848219
12/19/2016,766,3113240
12/20/2016,771.22,2703629
12/21/2016,770.6,2044629
12/22/2016,766.34,2543551
12/23/2016,760.59,1981616
12/27/2016,771.4,2638725
12/28/2016,772.13,3301025
12/29/2016,765.15,3158299
12/30/2016,749.87,4139449
1/3/2017,753.67,3521066
1/4/2017,757.18,2510526
1/5/2017,780.45,5830068
1/6/2017,795.99,5986234
1/9/2017,796.92,3446109
1/10/2017,795.9,2558369
1/11/2017,799.02,2992791
1/12/2017,813.64,4873922
1/13/2017,817.14,3791945
1/17/2017,809.72,3670529
1/18/2017,807.48,2354201
1/19/2017,809.04,2540784
1/20/2017,808.33,3376196
1/23/2017,817.88,2797474
1/24/2017,822.44,2971740
1/25/2017,836.52,4023078
1/26/2017,839.15,3586323
1/27/2017,835.77,2998700
1/30/2017,830.38,3747336
1/31/2017,823.48,3137196
2/1/2017,832.35,3850181
2/2/2017,839.95,7350492
2/3/2017,810.2,10868773
2/6/2017,807.64,3897301
2/7/2017,812.5,3466091
2/8/2017,819.71,2857985
2/9/2017,821.36,2484948
2/10/2017,827.46,2429609
2/13/2017,836.53,4172618
2/14/2017,836.39,2792442
2/15/2017,842.7,2968853
2/16/2017,844.14,2714667
2/17/2017,845.07,3112275
2/21/2017,856.44,3507742
2/22/2017,855.61,2616971
2/23/2017,852.19,3461984
2/24/2017,845.24,3687963
2/27/2017,848.64,2713627
2/28/2017,845.04,2793709
3/1/2017,853.08,2760083
3/2/2017,848.91,2132098
3/3/2017,849.88,1951575
3/6/2017,846.61,2610370
3/7/2017,846.02,2247554
3/8/2017,850.5,2288317
3/9/2017,853,2048187
3/10/2017,852.46,2436434
3/13/2017,854.59,1909672
3/14/2017,852.53,2130586
3/15/2017,852.97,2562176
3/16/2017,853.42,1842296
3/17/2017,852.31,3384403
3/20/2017,856.97,2282727
3/21/2017,843.2,4382852
3/22/2017,848.06,2658669
3/23/2017,847.38,1952964
3/24/2017,845.61,2138269
3/27/2017,846.82,2755775
3/28/2017,856,3041633
3/29/2017,874.32,4485770
3/30/2017,876.34,2762730
3/31/2017,886.54,3957612
4/3/2017,891.51,3422328
4/4/2017,906.83,4984656
4/5/2017,909.28,7508370
4/6/2017,898.28,6344065
4/7/2017,894.88,3707367
4/10/2017,907.04,3184301
4/11/2017,902.36,3012743
4/12/2017,896.23,2456140
4/13/2017,884.67,3174583
4/17/2017,901.99,2854673
4/18/2017,903.78,2999238
4/19/2017,899.2,2870242
4/20/2017,902.06,2814441
4/21/2017,898.53,2420494
4/24/2017,907.41,3118123
4/25/2017,907.62,3367734
4/26/2017,909.29,2562595
4/27/2017,918.38,4255693
4/28/2017,924.99,7278819
5/1/2017,948.23,5415793
5/2/2017,946.94,3800912
5/3/2017,941.03,3544234
5/4/2017,937.53,2380874
5/5/2017,934.15,2856585
5/8/2017,949.04,3370672
5/9/2017,952.82,3230630
5/10/2017,948.95,2083441
5/11/2017,947.62,2135393
5/12/2017,961.35,3605620
5/15/2017,957.97,4245856
5/16/2017,966.07,3050005
5/17/2017,944.76,5073254
5/18/2017,958.49,3876816
5/19/2017,959.84,3846299
5/22/2017,970.67,2613805
5/23/2017,971.54,2395510
5/24/2017,980.35,2407995
5/25/2017,993.38,4737390
5/26/2017,995.78,3394090
5/30/2017,996.7,3245760
5/31/2017,994.62,3912535
6/1/2017,995.95,2384298
6/2/2017,1006.73,3714954
6/5/2017,1011.34,2676857
6/6/2017,1003,3298378
6/7/2017,1010.07,2779551
6/8/2017,1010.27,2724408
6/9/2017,978.31,7647692
6/12/2017,964.91,9393802
6/13/2017,980.79,4533933
6/14/2017,976.47,3943670
6/15/2017,964.17,5202147
6/16/2017,987.71,11314754
6/19/2017,995.17,4967600
6/20/2017,992.59,4040990
6/21/2017,1002.23,2892563
6/22/2017,1001.3,2221035
6/23/2017,1003.74,2645973
6/26/2017,993.98,3347195
6/27/2017,976.78,3735360
6/28/2017,990.33,3708638
6/29/2017,975.93,4246765
6/30/2017,968,3309138
7/3/2017,953.66,2908267
7/5/2017,971.4,3587645
7/6/2017,965.14,3229378
7/7/2017,978.76,2582645
7/10/2017,996.47,3462884
7/11/2017,994.13,2947479
7/12/2017,1006.51,3491988
7/13/2017,1000.63,2864533
7/14/2017,1001.81,2066362
7/17/2017,1010.04,3636801
7/18/2017,1024.45,3957892
7/19/2017,1026.87,2936902
7/20/2017,1028.7,2964341
7/21/2017,1025.67,2677517
7/24/2017,1038.95,3212499
7/25/2017,1039.87,2432328
7/26/2017,1052.8,2828980
7/27/2017,1046,9905158
7/28/2017,1020.04,7624498
7/31/2017,987.78,7246638
8/1/2017,992.27,4421395
8/2/2017,995.89,4017780
8/3/2017,986.92,3203134
8/4/2017,987.58,2704026
8/7/2017,992.27,2676607
8/8/2017,989.84,2847527
8/9/2017,982.01,3434077
8/10/2017,956.92,5560388
8/11/2017,967.99,3431423
8/14/2017,983.3,3008007
8/15/2017,982.74,2513139
8/16/2017,978.18,3096051
8/17/2017,960.57,3396045
8/18/2017,958.47,3248677
8/21/2017,953.29,3008450
8/22/2017,966.9,2718261
8/23/2017,958,2590245
8/24/2017,952.45,5086748
8/25/2017,945.26,3292776
8/28/2017,946.02,2529087
8/29/2017,954.06,2853972
8/30/2017,967.59,2860718
8/31/2017,980.6,3280945
9/1/2017,978.25,2423132
9/5/2017,965.27,2875228
9/6/2017,967.8,2106605
9/7/2017,979.47,2536000
9/8/2017,965.9,2578269
9/11/2017,977.96,2134582
9/12/2017,982.58,2444699
9/13/2017,999.6,3314978
9/14/2017,992.21,3788472
9/15/2017,986.79,3697742
9/18/2017,974.19,3376772
9/19/2017,969.86,2614059
9/20/2017,973.21,2727355
9/21/2017,964.65,2252940
9/22/2017,955.1,2602418
9/25/2017,939.79,5065542
9/26/2017,938.6,3464183
9/27/2017,950.87,3111263
9/28/2017,956.4,2512567
9/29/2017,961.35,2411643
10/2/2017,959.19,2415846
10/3/2017,957.1,2643484
10/4/2017,965.45,2460721
10/5/2017,980.85,3119487
10/6/2017,989.58,3719840
10/9/2017,990.99,2927994
10/10/2017,987.2,3062820
10/11/2017,995,2310872
10/12/2017,1000.93,4056172
10/13/2017,1002.94,2399403
10/16/2017,1006.34,1991556
10/17/2017,1009.13,2307075
10/18/2017,997,2477357
10/19/2017,986.61,3040066
10/20/2017,982.91,2294145
10/23/2017,966.3,3465469
10/24/2017,975.9,2666782
10/25/2017,972.91,2969295
10/26/2017,972.43,3670282
10/27/2017,1100.95,16360527
10/30/2017,1110.85,6516639
10/31/2017,1105.28,3428461
11/1/2017,1103.68,3723680
11/2/2017,1094.22,3658748
11/3/2017,1111.6,3685172
11/6/2017,1120.66,3313857
11/7/2017,1123.17,2623474
11/8/2017,1132.88,2581451
11/9/2017,1129.13,3661411
11/10/2017,1125.35,2162985
11/13/2017,1129.17,2897563
11/14/2017,1136.84,3042295
11/15/2017,1126.69,3897230
11/16/2017,1137.29,2190456
11/17/2017,1129.88,2333554
11/20/2017,1126.31,2134381
11/21/2017,1139.49,2449503
11/22/2017,1156.16,3516336
11/24/2017,1186,3526582
11/27/2017,1195.83,6701343
11/28/2017,1193.6,4463476
11/29/2017,1161.27,9239087
11/30/2017,1176.75,4470183
12/1/2017,1162.35,4070722
12/4/2017,1133.95,5872358
12/5/2017,1141.57,4033184
12/6/2017,1152.35,2756730
12/7/2017,1159.79,2408323
12/8/2017,1162,2957785
12/11/2017,1168.92,2257922
12/12/2017,1165.08,2197697
12/13/2017,1164.13,2555053
12/14/2017,1174.26,3069993
12/15/2017,1179.14,4539895
12/18/2017,1190.58,2767271
12/19/2017,1187.38,2555235
12/20/2017,1177.62,2318916
12/21/2017,1174.76,2042448
12/22/2017,1168.36,1553997
12/26/2017,1176.76,1964871
12/27/2017,1182.26,1779382
12/28/2017,1186.1,1803460
12/29/2017,1169.47,2625283
1/2/2018,1189.01,2587899
1/3/2018,1204.2,3044664
1/4/2018,1209.59,3000366
1/5/2018,1229.14,3430148
1/8/2018,1246.87,4177533
1/9/2018,1252.7,3646681
1/10/2018,1254.33,2659507
1/11/2018,1276.68,3075315
1/12/2018,1305.2,5360681
1/16/2018,1304.86,7111172
1/17/2018,1295,5166748
1/18/2018,1293.32,3941007
1/19/2018,1294.58,4395070
1/22/2018,1327.31,3970151
1/23/2018,1362.54,5056764
1/24/2018,1357.51,6730084
1/25/2018,1377.95,4621862
1/26/2018,1402.05,4584082
1/29/2018,1417.68,5628992
1/30/2018,1437.82,5736512
1/31/2018,1450.89,6220396
2/1/2018,1390,7812953
2/2/2018,1429.95,10915962
2/5/2018,1390,10756332
2/6/2018,1442.84,10773963
2/7/2018,1416.78,7066828
2/8/2018,1350.5,8108560
2/9/2018,1339.6,13787886
2/12/2018,1386.23,6682214
2/13/2018,1414.51,5858860
2/14/2018,1451.05,5881238
2/15/2018,1461.76,5598111
2/16/2018,1448.69,4410879
2/20/2018,1468.35,6388374
2/21/2018,1482.92,6216694
2/22/2018,1485.34,4732555
2/23/2018,1500,4327008
2/26/2018,1521.95,4909053
2/27/2018,1511.98,4708378
2/28/2018,1512.45,4426580
3/1/2018,1493.45,6835230
3/2/2018,1500.25,6587564
3/5/2018,1523.61,5233934
3/6/2018,1537.64,4561718
3/7/2018,1545,4174123
3/8/2018,1551.86,3512528
3/9/2018,1578.89,4417059
3/12/2018,1598.39,5115886
3/13/2018,1588.18,6427066
3/14/2018,1591,4164395
3/15/2018,1582.32,4026744
3/16/2018,1571.68,5145054
3/19/2018,1544.93,6376619
3/20/2018,1586.51,4507049
3/21/2018,1581.86,4667291
3/22/2018,1544.92,6177737
3/23/2018,1495.56,7843966
3/26/2018,1555.86,5547618
3/27/2018,1497.05,6793279
3/28/2018,1431.42,13705317
3/29/2018,1447.34,12581121
4/2/2018,1371.99,10463607
4/3/2018,1392.05,10231212
4/4/2018,1410.57,6982305
4/5/2018,1451.75,6413459
4/6/2018,1405.23,5882257
4/9/2018,1406.08,4208206
4/10/2018,1436.22,4280144
4/11/2018,1427.05,3582533
4/12/2018,1448.5,3135027
4/13/2018,1430.79,3685267
4/16/2018,1441.5,2808624
4/17/2018,1503.83,5114403
4/18/2018,1527.84,5227509
4/19/2018,1556.91,6523728
4/20/2018,1527.49,5541622
4/23/2018,1517.86,4465424
4/24/2018,1460.09,7494699
4/25/2018,1460.17,6587290
4/26/2018,1517.96,8801101
4/27/2018,1572.62,13053241
4/30/2018,1566.13,5464085
5/1/2018,1582.26,4572071
5/2/2018,1569.68,4360273
5/3/2018,1572.08,4251917
5/4/2018,1580.95,3443567
5/7/2018,1600.14,3801855
5/8/2018,1592.39,3067949
5/9/2018,1608,3637302
5/10/2018,1609.08,2817450
5/11/2018,1602.91,2263900
5/14/2018,1601.54,2509483
5/15/2018,1576.12,5077465
5/16/2018,1587.28,2570572
5/17/2018,1581.76,2147606
5/18/2018,1574.37,2642584
5/21/2018,1585.46,2925235
5/22/2018,1581.4,2115639
5/23/2018,1601.86,3361892
5/24/2018,1603.07,3429975
5/25/2018,1610.15,2698400
5/29/2018,1612.87,3846477
5/30/2018,1624.89,2907357
5/31/2018,1629.62,3166330
6/1/2018,1641.54,3313385
6/4/2018,1665.27,3187737
6/5/2018,1696.35,4782177
6/6/2018,1695.75,5473213
6/7/2018,1689.3,3765687
6/8/2018,1683.99,2955110
6/11/2018,1689.12,2335484
6/12/2018,1698.75,2259215
6/13/2018,1704.86,3327529
6/14/2018,1723.86,3174415
6/15/2018,1715.97,4777646
6/18/2018,1723.79,3107742
6/19/2018,1734.78,4290117
6/20/2018,1750.08,4332591
6/21/2018,1730.22,4941148
6/22/2018,1715.67,4075124
6/25/2018,1663.15,7511196
6/26/2018,1691.09,4386585
6/27/2018,1660.51,4872201
6/28/2018,1701.45,4529700
6/29/2018,1699.8,4543508
7/2/2018,1713.78,3185696
7/3/2018,1693.96,2177276
7/5/2018,1699.73,2983110
7/6/2018,1710.63,2650262
7/9/2018,1739.02,3011988
7/10/2018,1743.07,3002905
7/11/2018,1755,3209782
7/12/2018,1796.62,4532743
7/13/2018,1813.03,4386679
7/16/2018,1822.49,5466195
7/17/2018,1843.93,5682881
7/18/2018,1842.92,4861913
7/19/2018,1812.97,4676942
7/20/2018,1813.7,3891566
7/23/2018,1802,3888462
7/24/2018,1829.24,4278723
7/25/2018,1863.61,3836333
7/26/2018,1808,9924371
7/27/2018,1817.27,9680959
7/30/2018,1779.22,6562321
7/31/2018,1777.44,5738713
8/1/2018,1797.17,4153096
8/2/2018,1834.33,4354681
8/3/2018,1823.29,3460487
8/6/2018,1847.75,3391825
8/7/2018,1862.48,3377473
8/8/2018,1886.52,3963017
8/9/2018,1898.52,4860374
8/10/2018,1886.3,3639927
8/13/2018,1896.2,5531475
8/14/2018,1919.65,3986123
8/15/2018,1882.62,7700682
8/16/2018,1886.52,3957090
8/17/2018,1882.22,4104300
8/20/2018,1876.71,2862016
8/21/2018,1883.42,3105626
8/22/2018,1904.9,3080464
8/23/2018,1902.9,3562997
8/24/2018,1905.39,2800863
8/27/2018,1927.68,3569037
8/28/2018,1932.82,3100727
8/29/2018,1998.1,6531761
8/30/2018,2002.38,7277257
8/31/2018,2012.71,4204378
9/4/2018,2039.51,5721093
9/5/2018,1994.82,8220576
9/6/2018,1958.31,7488680
9/7/2018,1952.07,4892643
9/10/2018,1939.01,4544831
9/11/2018,1987.15,5033645
9/12/2018,1990,4414012
9/13/2018,1989.87,3621511
9/14/2018,1970.19,3642030
9/17/2018,1908.03,7050192
9/18/2018,1941.05,4268706
9/19/2018,1926.42,4056822
9/20/2018,1944.3,3154934
9/21/2018,1915.01,6855898
9/24/2018,1934.36,4213728
9/25/2018,1974.55,4538407
9/26/2018,1974.85,4313459
9/27/2018,2012.98,4329391
9/28/2018,2003,4085135
10/1/2018,2004.36,3468285
10/2/2018,1971.31,5400749
10/3/2018,1952.76,5253131
10/4/2018,1909.42,7256973
10/5/2018,1889.65,6822327
10/8/2018,1864.42,7393199
10/9/2018,1870.32,4772866
10/10/2018,1755.25,10988855
10/11/2018,1719.36,13935872
10/12/2018,1788.61,9444587
10/15/2018,1760.95,6437162
10/16/2018,1819.96,5859918
10/17/2018,1831.73,5295177
10/18/2018,1770.72,5873995
10/19/2018,1764.03,5907246
10/22/2018,1789.3,4500015
10/23/2018,1768.7,6723913
10/24/2018,1664.2,6928383
10/25/2018,1782.17,10285742
10/26/2018,1642.81,14963783
10/29/2018,1538.88,13866077
10/30/2018,1530.42,12460086
10/31/2018,1598.01,9390211
11/1/2018,1665.53,8135539
11/2/2018,1665.53,6955548
11/5/2018,1627.8,5624727
11/6/2018,1642.81,4257353
11/7/2018,1755.49,8192234
11/8/2018,1754.91,6534866
11/9/2018,1712.43,5902186
11/12/2018,1636.85,6806245
11/13/2018,1631.17,5933271
11/14/2018,1599.01,6486891
11/15/2018,1619.44,8427337
11/16/2018,1593.41,6066080
11/19/2018,1512.29,7789981
11/20/2018,1495.46,10878823
11/21/2018,1516.73,5716800
11/23/2018,1502.06,2707642
11/26/2018,1581.33,6257716
11/27/2018,1581.42,5783227
11/28/2018,1677.75,8458738
11/29/2018,1673.57,6613243
11/30/2018,1690.17,5761761
12/3/2018,1772.36,6862160
12/4/2018,1668.4,8694455
12/6/2018,1699.19,8789394
12/7/2018,1629.13,7576132
12/10/2018,1641.03,7494808
12/11/2018,1643.24,6244695
12/12/2018,1663.54,6597968
12/13/2018,1658.38,5271162
12/14/2018,1591.91,6367163
12/17/2018,1520.91,8829762
12/18/2018,1551.48,6522975
12/19/2018,1495.08,8792189
12/20/2018,1460.83,9991833
12/21/2018,1377.45,13640320
12/24/2018,1343.96,7219996
12/26/2018,1470.9,10411801
12/27/2018,1461.64,9722034
12/28/2018,1478.02,8828950
12/31/2018,1501.97,6954507
1/2/2019,1539.13,7983103
1/3/2019,1500.28,6975572
1/4/2019,1575.39,9182575
1/7/2019,1629.51,7993213
1/8/2019,1656.58,8881428
1/9/2019,1659.42,6348801
1/10/2019,1656.22,6507693
1/11/2019,1640.56,4686222
1/14/2019,1617.21,6005888
1/15/2019,1674.56,5998510
1/16/2019,1683.78,6366864
1/17/2019,1693.22,4208875
1/18/2019,1696.2,6020503
1/22/2019,1632.17,6416796
1/23/2019,1640.02,5225212
1/24/2019,1654.93,4089943
1/25/2019,1670.57,4959679
1/28/2019,1637.89,4837711
1/29/2019,1593.88,4632782
1/30/2019,1670.43,5783822
1/31/2019,1718.73,10910338
2/1/2019,1626.23,11506213
2/4/2019,1633.31,4929187
2/5/2019,1658.81,4453105
2/6/2019,1640.26,3939883
2/7/2019,1614.37,4626589
2/8/2019,1588.22,5657457
2/11/2019,1591,3317328
2/12/2019,1638.01,4858604
2/13/2019,1640,3560321
2/14/2019,1622.65,4120524
2/15/2019,1607.95,4343893
2/19/2019,1627.58,3681656
2/20/2019,1622.1,3337589
2/21/2019,1619.44,3483392
2/22/2019,1631.56,3096191
2/25/2019,1633,3184462
2/26/2019,1636.4,2665815
2/27/2019,1641.09,3148824
2/28/2019,1639.83,3025891
3/1/2019,1671.73,4974877
3/4/2019,1696.17,6167358
3/5/2019,1692.43,3681522
3/6/2019,1668.95,3996001
3/7/2019,1625.95,4957017
3/8/2019,1620.8,4667014
3/11/2019,1670.62,3876352
3/12/2019,1673.1,3614498
3/13/2019,1690.81,3552041
3/14/2019,1686.22,2946618
3/15/2019,1712.36,7550870
3/18/2019,1742.15,5429058
3/19/2019,1761.85,6364161
3/20/2019,1797.27,6265633
3/21/2019,1819.26,5767797
3/22/2019,1764.77,6362983
3/25/2019,1774.26,5103803
3/26/2019,1783.76,4865880
3/27/2019,1765.7,4324801
3/28/2019,1773.42,3042958
3/29/2019,1780.75,3320793
4/1/2019,1814.19,4238752
4/2/2019,1813.98,3448115
4/3/2019,1820.7,3980590
4/4/2019,1818.86,3623867
4/5/2019,1837.28,3640476
4/8/2019,1849.86,3752841
4/9/2019,1835.84,3714368
4/10/2019,1847.33,2963973
4/11/2019,1844.07,2654842
4/12/2019,1843.06,3114413
4/15/2019,1844.87,3724423
4/16/2019,1863.04,3044618
4/17/2019,1864.82,2893517
4/18/2019,1861.69,2749882
4/22/2019,1887.31,3373807
4/23/2019,1923.77,4640441
4/24/2019,1901.75,3675781
4/25/2019,1902.25,6099101
4/26/2019,1950.63,8432563
4/29/2019,1938.43,4021255
4/30/2019,1926.52,3506007
5/1/2019,1911.52,3116964
5/2/2019,1900.82,3962915
5/3/2019,1962.46,6381564
5/6/2019,1950.55,5417841
5/7/2019,1921,5902134
5/8/2019,1917.77,4078568
5/9/2019,1899.87,5308263
5/10/2019,1889.98,5717994
5/13/2019,1822.68,5783410
5/14/2019,1840.12,4629107
5/15/2019,1871.15,4692642
5/16/2019,1907.57,4707822
5/17/2019,1869,4736618
5/20/2019,1858.97,3798198
5/21/2019,1857.52,4005122
5/22/2019,1859.68,2936601
5/23/2019,1815.48,4424265
5/24/2019,1823.28,3369673
5/28/2019,1836.43,3199965
5/29/2019,1819.19,4279025
5/30/2019,1816.32,3146850
5/31/2019,1775.07,4618819
6/3/2019,1692.69,9098708
6/4/2019,1729.56,5679121
6/5/2019,1738.5,4239782
6/6/2019,1754.36,3689272
6/7/2019,1804.03,4808246
6/10/2019,1860.63,5371007
6/11/2019,1863.7,4042694
6/12/2019,1855.32,2678335
6/13/2019,1870.3,2795810
6/14/2019,1869.67,2851163
6/17/2019,1886.03,2634342
6/18/2019,1901.37,3895728
6/19/2019,1908.79,2895347
6/20/2019,1918.19,3217153
6/21/2019,1911.3,3933576
6/24/2019,1913.9,2282969
6/25/2019,1878.27,3012347
6/26/2019,1897.83,2441910
6/27/2019,1904.28,2141721
6/28/2019,1893.63,3037358
7/1/2019,1922.19,3203347
7/2/2019,1934.31,2651299
7/3/2019,1939,1690294
7/5/2019,1942.91,2628359
7/8/2019,1952.32,2883371
7/9/2019,1988.3,4345698
7/10/2019,2017.41,4931902
7/11/2019,2001.07,4317766
7/12/2019,2011,2509297
7/15/2019,2020.99,2981343
7/16/2019,2009.9,2618198
7/17/2019,1992.03,2558809
7/18/2019,1977.9,3504252
7/19/2019,1964.52,3185612
7/22/2019,1985.63,2908111
7/23/2019,1994.49,2703480
7/24/2019,2000.81,2631300
7/25/2019,1973.82,4136394
7/26/2019,1943.05,4919870
