Date,Close,Volume
2009-01-02,54.36,7296400.0
2009-01-05,54.06,9509800.0
2009-01-06,57.36,11080100.0
2009-01-07,56.2,7942700.0
2009-01-08,57.16,6577900.0
2009-01-09,55.51,6684100.0
2009-01-12,51.92,9556300.0
2009-01-13,51.45,7883200.0
2009-01-14,48.49,10442600.0
2009-01-15,51.44,11617300.0
2009-01-16,51.59,8258200.0
2009-01-20,48.44,6767200.0
2009-01-21,50.54,5829500.0
2009-01-22,49.94,7133300.0
2009-01-23,50.63,5793300.0
2009-01-26,49.63,7155700.0
2009-01-27,48.44,8738200.0
2009-01-28,50.36,8056600.0
2009-01-29,50.0,17966800.0
2009-01-30,58.82,39783100.0
2009-02-02,61.15,19324300.0
2009-02-03,63.59,14694600.0
2009-02-04,61.06,13726300.0
2009-02-05,63.18,10169600.0
2009-02-06,66.55,12044900.0
2009-02-09,66.71,9437600.0
2009-02-10,63.31,10700600.0
2009-02-11,64.354,8347300.0
2009-02-12,63.96,8095500.0
2009-02-13,63.26,4130900.0
2009-02-17,61.67,7126100.0
2009-02-18,62.35,7366000.0
2009-02-19,61.95,6768900.0
2009-02-20,63.86,9354500.0
2009-02-23,61.71,7336000.0
2009-02-24,65.6,10271400.0
2009-02-25,63.71,9122100.0
2009-02-26,62.34,7275300.0
2009-02-27,64.79,11488300.0
2009-03-02,61.99,10511900.0
2009-03-03,61.7,9691600.0
2009-03-04,64.81,11960900.0
2009-03-05,64.77,11770300.0
2009-03-06,61.69,15093800.0
2009-03-09,60.49,13561400.0
2009-03-10,65.71,15435700.0
2009-03-11,68.54,13881700.0
2009-03-12,69.58,11348900.0
2009-03-13,68.63,8903400.0
2009-03-16,66.98,9437300.0
2009-03-17,71.35,11902800.0
2009-03-18,71.25,10401700.0
2009-03-19,70.1,8819100.0
2009-03-20,69.96,8468100.0
2009-03-23,75.58,8612400.0
2009-03-24,72.63,7457900.0
2009-03-25,72.4,7895600.0
2009-03-26,73.69,6657700.0
2009-03-27,70.52,8568800.0
2009-03-30,71.44,8373100.0
2009-03-31,73.44,8918200.0
2009-04-01,73.5,7041400.0
2009-04-02,76.34,11066900.0
2009-04-03,78.17,5809900.0
2009-04-06,77.99,5751300.0
2009-04-07,75.51,5748800.0
2009-04-08,76.98,5653000.0
2009-04-09,79.77,7082300.0
2009-04-13,78.94,6212200.0
2009-04-14,77.22,6160400.0
2009-04-15,74.71,9412800.0
2009-04-16,77.25,7467800.0
2009-04-17,78.05,7426000.0
2009-04-20,77.57,8686900.0
2009-04-21,78.74,7162200.0
2009-04-22,79.2,8775500.0
2009-04-23,80.61,16187700.0
2009-04-24,84.46,23484300.0
2009-04-27,83.12,9705900.0
2009-04-28,82.4,7924000.0
2009-04-29,79.79,9735100.0
2009-04-30,80.52,8537600.0
2009-05-01,78.96,6121700.0
2009-05-04,79.77,7019300.0
2009-05-05,81.9,5870300.0
2009-05-06,81.99,8604000.0
2009-05-07,79.28,9632100.0
2009-05-08,77.95,8193000.0
2009-05-11,78.61,6872300.0
2009-05-12,77.93,5548700.0
2009-05-13,74.19,8770500.0
2009-05-14,75.11,9343600.0
2009-05-15,73.6,8011700.0
2009-05-18,75.95,6829100.0
2009-05-19,77.87,8028900.0
2009-05-20,77.97,7351000.0
2009-05-21,75.96,5640500.0
2009-05-22,75.64,3484700.0
2009-05-26,78.39,6699600.0
2009-05-27,77.1,5567100.0
2009-05-28,77.65,4943100.0
2009-05-29,77.99,5072200.0
2009-06-01,83.05,10796500.0
2009-06-02,84.93,9397000.0
2009-06-03,85.68,7603400.0
2009-06-04,85.52,5465400.0
2009-06-05,87.56,8263500.0
2009-06-08,86.36,5602100.0
2009-06-09,87.08,4475100.0
2009-06-10,86.59,6073600.0
2009-06-11,85.69,5009700.0
2009-06-12,84.08,6223000.0
2009-06-15,83.18,5401800.0
2009-06-16,82.15,5465800.0
2009-06-17,82.65,7785100.0
2009-06-18,81.595,5453100.0
2009-06-19,82.96,5438200.0
2009-06-22,79.15,9744400.0
2009-06-23,77.68,7415500.0
2009-06-24,79.27,6081400.0
2009-06-25,82.2,7360400.0
2009-06-26,83.88,8775300.0
2009-06-29,83.03,6270300.0
2009-06-30,83.66,7984800.0
2009-07-01,81.6,6981200.0
2009-07-02,79.32,7218600.0
2009-07-06,78.1,7368800.0
2009-07-07,75.63,6491500.0
2009-07-08,77.36,8540700.0
2009-07-09,78.1,6359500.0
2009-07-10,77.63,5976100.0
2009-07-13,81.47,8050200.0
2009-07-14,81.95,4543600.0
2009-07-15,84.55,6339000.0
2009-07-16,86.11,5361900.0
2009-07-17,85.85,5051600.0
2009-07-20,88.23,6056600.0
2009-07-21,89.01,7728600.0
2009-07-22,88.79,5329600.0
2009-07-23,93.87,19162100.0
2009-07-24,86.49,19204600.0
2009-07-27,84.24,11279300.0
2009-07-28,84.98,8774900.0
2009-07-29,84.34,6502900.0
2009-07-30,86.09,7253200.0
2009-07-31,85.76,5886900.0
2009-08-03,87.44,6663000.0
2009-08-04,85.8,6177900.0
2009-08-05,84.29,7279400.0
2009-08-06,84.47,4693000.0
2009-08-07,85.32,5628000.0
2009-08-10,84.44,4440600.0
2009-08-11,83.56,5025000.0
2009-08-12,85.96,5619400.0
2009-08-13,84.6,5712400.0
2009-08-14,83.58,4924700.0
2009-08-17,81.06,6888600.0
2009-08-18,82.12,5884400.0
2009-08-19,83.0,5170600.0
2009-08-20,84.09,5375000.0
2009-08-21,85.0,6130700.0
2009-08-24,84.5,4723200.0
2009-08-25,84.19,4791000.0
2009-08-26,84.0,3613800.0
2009-08-27,84.31,3997700.0
2009-08-28,82.76,4620700.0
2009-08-31,81.19,5263800.0
2009-09-01,79.16,6245800.0
2009-09-02,78.14,6512700.0
2009-09-03,78.46,4140200.0
2009-09-04,78.87,4671500.0
2009-09-08,80.9,7037600.0
2009-09-09,82.24,6776200.0
2009-09-10,83.85,7023100.0
2009-09-11,84.54,6006900.0
2009-09-14,83.86,3572000.0
2009-09-15,83.55,4446800.0
2009-09-16,90.7,13114300.0
2009-09-17,90.44,7872700.0
2009-09-18,90.28,6769500.0
2009-09-21,90.56,4209300.0
2009-09-22,93.75,8264900.0
2009-09-23,92.38,5685300.0
2009-09-24,92.11,5075100.0
2009-09-25,90.52,4256800.0
2009-09-28,92.21,3508000.0
2009-09-29,91.72,4393900.0
2009-09-30,93.36,8539200.0
2009-10-01,91.04,6645100.0
2009-10-02,89.85,5039400.0
2009-10-05,88.67,7028500.0
2009-10-06,90.91,6963700.0
2009-10-07,93.97,7445100.0
2009-10-08,95.22,9674300.0
2009-10-09,95.71,4694000.0
2009-10-12,93.6,5591400.0
2009-10-13,94.83,4720000.0
2009-10-14,97.46,5556800.0
2009-10-15,96.01,6242100.0
2009-10-16,95.32,7038400.0
2009-10-19,94.68,6017400.0
2009-10-20,94.98,7777600.0
2009-10-21,93.42,7761200.0
2009-10-22,93.45,16518500.0
2009-10-23,118.49,58305800.0
2009-10-26,124.6399,32271200.0
2009-10-27,122.07,20304200.0
2009-10-28,121.64,16887700.0
2009-10-29,122.577,12821800.0
2009-10-30,118.81,13312200.0
2009-11-02,118.84,11280000.0
2009-11-03,118.37,9478500.0
2009-11-04,117.1,7617500.0
2009-11-05,120.61,9086800.0
2009-11-06,126.2,13226000.0
2009-11-09,126.67,8624200.0
2009-11-10,130.15,10529300.0
2009-11-11,129.91,7434200.0
2009-11-12,130.53,7210100.0
2009-11-13,132.97,7376800.0
2009-11-16,131.59,9018300.0
2009-11-17,131.25,7748000.0
2009-11-18,131.29,5213500.0
2009-11-19,128.99,5998200.0
2009-11-20,129.66,6652600.0
2009-11-23,133.0,6878100.0
2009-11-24,132.94,7319700.0
2009-11-25,134.03,5071200.0
2009-11-27,131.74,4422600.0
2009-11-30,135.91,10119500.0
2009-12-01,138.5,9657600.0
2009-12-02,142.25,11798000.0
2009-12-03,141.17,16523500.0
2009-12-04,137.58,14827400.0
2009-12-07,134.21,7837000.0
2009-12-08,134.11,8002800.0
2009-12-09,131.31,12632900.0
2009-12-10,135.38,11343600.0
2009-12-11,134.15,8046700.0
2009-12-14,131.38,10022900.0
2009-12-15,130.23,7428800.0
2009-12-16,128.36,10261300.0
2009-12-17,126.91,8476500.0
2009-12-18,128.48,9605400.0
2009-12-21,132.79,9473600.0
2009-12-22,133.75,8257500.0
2009-12-23,138.94,9546100.0
2009-12-24,138.47,5128800.0
2009-12-28,139.31,8763900.0
2009-12-29,139.41,8400600.0
2009-12-30,136.49,6913200.0
2009-12-31,134.52,4523000.0
2010-01-04,133.9,7599900.0
2010-01-05,134.69,8851900.0
2010-01-06,132.25,7178800.0
2010-01-07,130.0,11030200.0
2010-01-08,133.52,9830500.0
2010-01-11,130.308,8779400.0
2010-01-12,127.35,9096300.0
2010-01-13,129.11,10723200.0
2010-01-14,127.35,9774900.0
2010-01-15,127.14,15376500.0
2010-01-19,127.61,8892600.0
2010-01-20,125.78,9074700.0
2010-01-21,126.62,9970600.0
2010-01-22,121.43,11568900.0
2010-01-25,120.31,12023900.0
2010-01-26,119.48,9559000.0
2010-01-27,122.75,14765300.0
2010-01-28,126.03,27293100.0
2010-01-29,125.41,29471300.0
2010-02-01,118.87,37774400.0
2010-02-02,118.12,23079700.0
2010-02-03,119.1,12405900.0
2010-02-04,115.94,12784000.0
2010-02-05,117.39,11024800.0
2010-02-08,116.83,9890200.0
2010-02-09,118.03,9223000.0
2010-02-10,117.36,6233200.0
2010-02-11,120.09,8343500.0
2010-02-12,119.66,8073500.0
2010-02-16,117.53,8932700.0
2010-02-17,116.31,8944800.0
2010-02-18,118.08,9800100.0
2010-02-19,117.52,7115600.0
2010-02-22,118.01,6807300.0
2010-02-23,117.24,7068200.0
2010-02-24,119.72,7389900.0
2010-02-25,118.2,9533400.0
2010-02-26,118.4,5721600.0
2010-03-01,124.54,13296500.0
2010-03-02,125.53,12097500.0
2010-03-03,125.89,6440400.0
2010-03-04,128.53,7509700.0
2010-03-05,128.91,6769300.0
2010-03-08,130.11,5605900.0
2010-03-09,128.82,6070800.0
2010-03-10,130.51,5625700.0
2010-03-11,133.58,7240800.0
2010-03-12,131.82,6150800.0
2010-03-15,131.13,6329200.0
2010-03-16,131.79,4132500.0
2010-03-17,131.34,4358800.0
2010-03-18,132.76,5021300.0
2010-03-19,130.35,8905000.0
2010-03-22,130.47,5383400.0
2010-03-23,129.26,4213100.0
2010-03-24,128.04,4696400.0
2010-03-25,134.73,16209600.0
2010-03-26,135.06,6565700.0
2010-03-29,135.12,4626900.0
2010-03-30,136.579,6192700.0
2010-03-31,135.77,4600600.0
2010-04-01,131.81,8785800.0
2010-04-05,131.49,5816500.0
2010-04-06,135.56,7950300.0
2010-04-07,134.87,5945400.0
2010-04-08,140.96,12689100.0
2010-04-09,140.06,6011100.0
2010-04-12,141.2,5445300.0
2010-04-13,140.16,4785500.0
2010-04-14,144.28,7900300.0
2010-04-15,145.82,7829600.0
2010-04-16,142.171,8396800.0
2010-04-19,142.43,6022000.0
2010-04-20,144.2,4311700.0
2010-04-21,146.43,7374400.0
2010-04-22,150.09,15165800.0
2010-04-23,143.63,18975200.0
2010-04-26,147.11,9318300.0
2010-04-27,142.02,8639000.0
2010-04-28,139.35,9235300.0
2010-04-29,141.73,6314200.0
2010-04-30,137.1,6113500.0
2010-05-03,137.49,5654600.0
2010-05-04,129.83,12667800.0
2010-05-05,130.93,9458100.0
2010-05-06,128.71,10189000.0
2010-05-07,124.98,11927600.0
2010-05-10,131.29,6806100.0
2010-05-11,130.46,6044100.0
2010-05-12,133.87,5904500.0
2010-05-13,131.47,5940200.0
2010-05-14,128.533,5277800.0
2010-05-17,128.91,5642200.0
2010-05-18,126.28,5256900.0
2010-05-19,124.59,6463300.0
2010-05-20,119.71,8594400.0
2010-05-21,122.72,7966900.0
2010-05-24,122.12,4535900.0
2010-05-25,124.86,6913400.0
2010-05-26,123.21,6964600.0
2010-05-27,126.7,4747700.0
2010-05-28,125.46,3954800.0
2010-06-01,123.24,3659500.0
2010-06-02,126.31,4764700.0
2010-06-03,128.76,5276900.0
2010-06-04,122.77,5497700.0
2010-06-07,122.01,6566400.0
2010-06-08,118.835,11484400.0
2010-06-09,117.91,7369200.0
2010-06-10,123.21,6061800.0
2010-06-11,123.03,4204600.0
2010-06-14,123.83,3923000.0
2010-06-15,126.84,4541000.0
2010-06-16,126.9,3964300.0
2010-06-17,125.89,3479000.0
2010-06-18,125.83,3836000.0
2010-06-21,122.55,5327700.0
2010-06-22,122.307,6207200.0
2010-06-23,121.45,5455100.0
2010-06-24,118.33,7771100.0
2010-06-25,121.0,5769700.0
2010-06-28,117.8,5612200.0
2010-06-29,108.61,12866300.0
2010-06-30,109.26,9740700.0
2010-07-01,110.96,8529800.0
2010-07-02,109.14,4477100.0
2010-07-06,110.06,5219300.0
2010-07-07,113.43,4941000.0
2010-07-08,116.22,6775000.0
2010-07-09,117.26,4065100.0
2010-07-12,119.51,4783600.0
2010-07-13,123.65,7091100.0
2010-07-14,123.3,5257000.0
2010-07-15,122.06,6047700.0
2010-07-16,118.49,6227900.0
2010-07-19,119.94,5030900.0
2010-07-20,120.1,6785000.0
2010-07-21,117.43,5011700.0
2010-07-22,120.07,15003400.0
2010-07-23,118.87,42421100.0
2010-07-26,118.4,11137800.0
2010-07-27,117.13,7796100.0
2010-07-28,117.13,5472300.0
2010-07-29,116.86,6175800.0
2010-07-30,117.89,7077500.0
2010-08-02,120.07,5443700.0
2010-08-03,122.42,5953800.0
2010-08-04,127.58,9270800.0
2010-08-05,127.83,4282300.0
2010-08-06,128.32,5065200.0
2010-08-09,128.83,5085800.0
2010-08-10,130.0,5706900.0
2010-08-11,125.89,5541700.0
2010-08-12,126.56,4367900.0
2010-08-13,124.69,3976600.0
2010-08-16,126.07,4024700.0
2010-08-17,128.86,5044700.0
2010-08-18,129.65,7901500.0
2010-08-19,127.57,5582500.0
2010-08-20,127.76,4170100.0
2010-08-23,126.6,3861300.0
2010-08-24,124.53,5369700.0
2010-08-25,126.85,5344500.0
2010-08-26,124.86,4694500.0
2010-08-27,126.64,5080000.0
2010-08-30,123.79,3426000.0
2010-08-31,124.83,4225600.0
2010-09-01,132.49,7138300.0
2010-09-02,135.21,5407400.0
2010-09-03,138.79,6581200.0
2010-09-07,137.22,3883000.0
2010-09-08,139.14,5828500.0
2010-09-09,140.38,4958000.0
2010-09-10,142.44,5043600.0
2010-09-13,145.07,5077400.0
2010-09-14,145.75,4319400.0
2010-09-15,145.45,4903600.0
2010-09-16,148.13,5827000.0
2010-09-17,148.325,7259600.0
2010-09-20,151.3048,6449400.0
2010-09-21,150.73,7542000.0
2010-09-22,151.83,6612400.0
2010-09-23,152.85,7065600.0
2010-09-24,160.73,10590600.0
2010-09-27,159.37,6446300.0
2010-09-28,159.7,8494200.0
2010-09-29,158.99,7287500.0
2010-09-30,157.06,7606000.0
2010-10-01,153.71,8683400.0
2010-10-04,155.39,5346500.0
2010-10-05,160.87,5620000.0
2010-10-06,155.4,6060800.0
2010-10-07,156.27,4622000.0
2010-10-08,155.55,6918400.0
2010-10-11,153.03,4486400.0
2010-10-12,156.48,5280800.0
2010-10-13,155.17,5632800.0
2010-10-14,155.53,4024100.0
2010-10-15,164.64,10135500.0
2010-10-18,163.56,6331300.0
2010-10-19,158.67,7525000.0
2010-10-20,158.67,5790400.0
2010-10-21,164.97,13482500.0
2010-10-22,169.13,16318400.0
2010-10-25,169.0,6530900.0
2010-10-26,169.95,4689600.0
2010-10-27,167.51,5721800.0
2010-10-28,166.84,4684400.0
2010-10-29,165.23,4998500.0
2010-11-01,162.58,5239900.0
2010-11-02,164.61,4260000.0
2010-11-03,168.47,6112100.0
2010-11-04,168.93,7395900.0
2010-11-05,170.77,5212200.0
2010-11-08,171.99,5706000.0
2010-11-09,170.27,3978600.0
2010-11-10,173.33,5440300.0
2010-11-11,170.37,5691700.0
2010-11-12,165.68,7160600.0
2010-11-15,158.9,9648600.0
2010-11-16,157.78,6571400.0
2010-11-17,158.35,4524900.0
2010-11-18,164.17,6225300.0
2010-11-19,164.82,4464800.0
2010-11-22,170.39,6142500.0
2010-11-23,168.2,6465300.0
2010-11-24,177.25,10042500.0
2010-11-26,177.2,4271600.0
2010-11-29,179.49,9695000.0
2010-11-30,175.4,6762200.0
2010-12-01,176.55,5770100.0
2010-12-02,176.53,5537600.0
2010-12-03,175.68,4907500.0
2010-12-06,178.05,5654200.0
2010-12-07,176.77,5077100.0
2010-12-08,176.29,3726900.0
2010-12-09,174.85,4555500.0
2010-12-10,175.62,3565500.0
2010-12-13,174.25,4202500.0
2010-12-14,173.94,3685300.0
2010-12-15,175.57,5810500.0
2010-12-16,178.04,4121500.0
2010-12-17,177.58,4507300.0
2010-12-20,183.29,8735300.0
2010-12-21,184.75,5111000.0
2010-12-22,184.76,2578100.0
2010-12-23,182.59,3358200.0
2010-12-27,182.14,2249400.0
2010-12-28,181.09,1975000.0
2010-12-29,183.37,3120100.0
2010-12-30,182.75,1961200.0
2010-12-31,180.0,3451900.0
2011-01-03,184.22,5331400.0
2011-01-04,185.01,5031800.0
2011-01-05,187.42,3418800.0
2011-01-06,185.86,3179700.0
2011-01-07,185.49,5221700.0
2011-01-10,184.68,3375900.0
2011-01-11,184.34,2814200.0
2011-01-12,184.08,2679100.0
2011-01-13,185.53,3367000.0
2011-01-14,188.75,3662800.0
2011-01-18,191.25,3896200.0
2011-01-19,186.87,3882400.0
2011-01-20,181.96,5709900.0
2011-01-21,177.42,6806200.0
2011-01-24,176.85,5600300.0
2011-01-25,176.7,4651000.0
2011-01-26,175.39,3762200.0
2011-01-27,184.45,14594400.0
2011-01-28,171.14,19908200.0
2011-01-31,169.64,6718100.0
2011-02-01,172.11,5085900.0
2011-02-02,173.53,4547500.0
2011-02-03,173.71,3678900.0
2011-02-04,175.93,4347800.0
2011-02-07,176.43,5254700.0
2011-02-08,183.06,7794900.0
2011-02-09,185.3,8312700.0
2011-02-10,186.21,5331400.0
2011-02-11,189.25,4487900.0
2011-02-14,190.42,4061300.0
2011-02-15,189.03,3890900.0
2011-02-16,186.62,4628200.0
2011-02-17,187.76,3425500.0
2011-02-18,186.5,4178600.0
2011-02-22,180.42,5637100.0
2011-02-23,176.68,5482000.0
2011-02-24,177.75,4656500.0
2011-02-25,177.24,4191400.0
2011-02-28,173.29,6783200.0
2011-03-01,169.44,5847100.0
2011-03-02,172.02,5185700.0
2011-03-03,172.79,4138200.0
2011-03-04,171.67,4924300.0
2011-03-07,169.08,5932900.0
2011-03-08,166.89,4219000.0
2011-03-09,169.05,7108900.0
2011-03-10,166.14,5998400.0
2011-03-11,168.07,4609900.0
2011-03-14,166.73,4022000.0
2011-03-15,165.08,4934500.0
2011-03-16,164.7,5208100.0
2011-03-17,160.97,6471400.0
2011-03-18,161.82,7442700.0
2011-03-21,164.525,4055100.0
2011-03-22,162.6,3611400.0
2011-03-23,165.32,4721300.0
2011-03-24,171.1,6283200.0
2011-03-25,170.98,4293800.0
2011-03-28,169.35,3400800.0
2011-03-29,174.62,4884600.0
2011-03-30,179.42,6859300.0
2011-03-31,180.13,4826500.0
2011-04-01,180.13,5684100.0
2011-04-04,182.94,4186400.0
2011-04-05,185.29,5569200.0
2011-04-06,182.76,5430700.0
2011-04-07,184.91,4564000.0
2011-04-08,184.71,3726400.0
2011-04-11,184.04,3297100.0
2011-04-12,180.48,5334500.0
2011-04-13,182.29,4216300.0
2011-04-14,181.82,3588200.0
2011-04-15,180.01,4272400.0
2011-04-18,178.34,4616500.0
2011-04-19,178.82,2646000.0
2011-04-20,183.87,4067500.0
2011-04-21,185.89,3348100.0
2011-04-25,185.42,3438100.0
2011-04-26,182.3,11200000.0
2011-04-27,196.63,23623000.0
2011-04-28,195.07,7300000.0
2011-04-29,195.81,6640900.0
2011-05-02,201.19,9398100.0
2011-05-03,198.45,6100000.0
2011-05-04,199.97,6550000.0
2011-05-05,197.11,4600000.0
2011-05-06,197.6,4013900.0
2011-05-09,200.8,5825400.0
2011-05-10,203.94,5885900.0
2011-05-11,204.38,4809000.0
2011-05-12,206.07,4800000.0
2011-05-13,202.56,4123700.0
2011-05-16,192.51,9386400.0
2011-05-17,194.81,7073300.0
2011-05-18,197.09,4955800.0
2011-05-19,198.805,3701200.0
2011-05-20,198.65,3381000.0
2011-05-23,196.22,4200000.0
2011-05-24,193.27,2972700.0
2011-05-25,192.26,4661300.0
2011-05-26,195.0,4075200.0
2011-05-27,194.13,2352600.0
2011-05-31,196.69,3409000.0
2011-06-01,192.395,3445200.0
2011-06-02,193.65,3044900.0
2011-06-03,188.32,4974500.0
2011-06-06,185.69,3716000.0
2011-06-07,187.55,4866500.0
2011-06-08,188.05,3716600.0
2011-06-09,189.68,4187300.0
2011-06-10,186.53,3760400.0
2011-06-13,186.29,3868900.0
2011-06-14,189.96,3960300.0
2011-06-15,185.98,6317700.0
2011-06-16,183.65,6032100.0
2011-06-17,186.37,6322200.0
2011-06-20,187.72,2831700.0
2011-06-21,194.23,4182600.0
2011-06-22,191.63,3129700.0
2011-06-23,194.16,4609600.0
2011-06-24,192.55,3614500.0
2011-06-27,201.25,6100700.0
2011-06-28,202.35,3825300.0
2011-06-29,204.18,4608900.0
2011-06-30,204.49,4448100.0
2011-07-01,209.49,4008700.0
2011-07-05,213.19,3585200.0
2011-07-06,214.19,2607600.0
2011-07-07,216.74,3144900.0
2011-07-08,218.28,3707900.0
2011-07-11,212.55,4033700.0
2011-07-12,211.23,3985700.0
2011-07-13,213.5,4229900.0
2011-07-14,210.38,3902500.0
2011-07-15,212.87,4072600.0
2011-07-18,211.53,2898100.0
2011-07-19,218.06,4437200.0
2011-07-20,215.55,3372900.0
2011-07-21,213.21,4545300.0
2011-07-22,216.52,3591700.0
2011-07-25,213.49,3342800.0
2011-07-26,214.18,9863600.0
2011-07-27,222.518,12955600.0
2011-07-28,223.9,5354900.0
2011-07-29,222.52,5167700.0
2011-08-01,221.32,5789300.0
2011-08-02,211.7,6586700.0
2011-08-03,209.96,8197100.0
2011-08-04,201.48,6579500.0
2011-08-05,202.7,10024000.0
2011-08-08,193.7,10427500.0
2011-08-09,205.09,10491200.0
2011-08-10,194.13,8757600.0
2011-08-11,198.36,7401900.0
2011-08-12,202.3,5620400.0
2011-08-15,202.95,4785900.0
2011-08-16,197.68,5205900.0
2011-08-17,195.93,3991100.0
2011-08-18,182.52,8275200.0
2011-08-19,178.93,7244200.0
2011-08-22,177.54,5313700.0
2011-08-23,193.55,7351600.0
2011-08-24,193.73,6248700.0
2011-08-25,192.03,3760800.0
2011-08-26,199.27,5310700.0
2011-08-29,206.53,4511000.0
2011-08-30,210.92,5915700.0
2011-08-31,215.23,7405000.0
2011-09-01,212.54,5275300.0
2011-09-02,210.0,4232000.0
2011-09-06,216.18,6216200.0
2011-09-07,219.9,5295800.0
2011-09-08,217.26,4397900.0
2011-09-09,211.39,4574300.0
2011-09-12,216.56,5342100.0
2011-09-13,219.53,4835900.0
2011-09-14,222.57,5881700.0
2011-09-15,226.78,5608800.0
2011-09-16,239.3,11753000.0
2011-09-19,241.69,8223300.0
2011-09-20,233.25,7385500.0
2011-09-21,231.87,5881500.0
2011-09-22,223.23,8254600.0
2011-09-23,223.61,6468100.0
2011-09-26,229.85,5794100.0
2011-09-27,224.21,7837500.0
2011-09-28,229.71,14436900.0
2011-09-29,222.44,9378500.0
2011-09-30,216.23,6550300.0
2011-10-03,211.98,6624400.0
2011-10-04,212.5,8711600.0
2011-10-05,219.498,6508200.0
2011-10-06,221.51,6849300.0
2011-10-07,224.74,6784300.0
2011-10-10,231.32,5143100.0
2011-10-11,235.48,5003700.0
2011-10-12,236.81,6510800.0
2011-10-13,236.15,4833500.0
2011-10-14,246.71,5923700.0
2011-10-17,242.33,4779000.0
2011-10-18,243.88,4609700.0
2011-10-19,231.53,6715100.0
2011-10-20,233.61,4524900.0
2011-10-21,234.78,4572500.0
2011-10-24,237.61,4975800.0
2011-10-25,227.15,14012600.0
2011-10-26,198.4,24134200.0
2011-10-27,206.78,10774300.0
2011-10-28,217.32,9880400.0
2011-10-31,213.51,7343300.0
2011-11-01,212.105,8511800.0
2011-11-02,215.62,6122000.0
2011-11-03,218.29,5315000.0
2011-11-04,216.48,4065800.0
2011-11-07,217.0,3860000.0
2011-11-08,217.99,3914500.0
2011-11-09,211.22,4680600.0
2011-11-10,210.79,5044600.0
2011-11-11,217.39,5163100.0
2011-11-14,218.93,6522200.0
2011-11-15,217.83,5739000.0
2011-11-16,211.99,5509400.0
2011-11-17,204.52,7983100.0
2011-11-18,197.14,8437500.0
2011-11-21,189.25,11321200.0
2011-11-22,192.34,9915600.0
2011-11-23,188.99,8011300.0
2011-11-25,182.399,4972000.0
2011-11-28,194.15,7207300.0
2011-11-29,188.39,6575100.0
2011-11-30,192.29,7717000.0
2011-12-01,197.13,7327700.0
2011-12-02,196.03,7526200.0
2011-12-05,196.24,5922100.0
2011-12-06,191.99,5202000.0
2011-12-07,195.32,6427300.0
2011-12-08,190.48,4361100.0
2011-12-09,193.03,5158800.0
2011-12-12,189.52,4343200.0
2011-12-13,180.51,9297300.0
2011-12-14,180.21,11614200.0
2011-12-15,181.26,7259900.0
2011-12-16,181.26,6664100.0
2011-12-19,179.33,4533600.0
2011-12-20,182.52,4600100.0
2011-12-21,174.35,8066700.0
2011-12-22,179.03,4694900.0
2011-12-23,177.28,3496500.0
2011-12-27,176.27,2950900.0
2011-12-28,173.89,3659500.0
2011-12-29,173.86,8209300.0
2011-12-30,173.1,4279800.0
2012-01-03,179.03,5110800.0
2012-01-04,177.51,4205200.0
2012-01-05,177.61,3809100.0
2012-01-06,182.61,7008400.0
2012-01-09,178.56,5056900.0
2012-01-10,179.34,3985800.0
2012-01-11,178.9,3102700.0
2012-01-12,175.93,5385800.0
2012-01-13,178.42,4753500.0
2012-01-17,181.66,5644500.0
2012-01-18,189.44,7473500.0
2012-01-19,194.45,7096000.0
2012-01-20,190.93,5610300.0
2012-01-23,186.09,4585300.0
2012-01-24,187.0,4673800.0
2012-01-25,187.8,4306400.0
2012-01-26,193.316,5873600.0
2012-01-27,195.37,4659000.0
2012-01-30,192.15,5424100.0
2012-01-31,194.44,12772200.0
2012-02-01,179.46,21336600.0
2012-02-02,181.72,8736300.0
2012-02-03,187.68,8120500.0
2012-02-06,183.14,5310000.0
2012-02-07,184.19,5103900.0
2012-02-08,185.48,5476600.0
2012-02-09,184.98,7189200.0
2012-02-10,185.54,5797100.0
2012-02-13,191.59,6071400.0
2012-02-14,191.3,9527100.0
2012-02-15,184.47,7794400.0
2012-02-16,179.93,12563800.0
2012-02-17,182.5,7418100.0
2012-02-21,182.26,6756500.0
2012-02-22,180.58,5785400.0
2012-02-23,178.89,5153800.0
2012-02-24,179.13,3668700.0
2012-02-27,178.53,3706200.0
2012-02-28,183.8,5764500.0
2012-02-29,179.69,5300300.0
2012-03-01,180.04,4936000.0
2012-03-02,179.3,3657800.0
2012-03-05,180.26,4682700.0
2012-03-06,181.09,5612200.0
2012-03-07,183.77,4951500.0
2012-03-08,187.64,4221500.0
2012-03-09,184.32,4510600.0
2012-03-12,183.39,2587600.0
2012-03-13,184.59,4405800.0
2012-03-14,182.26,3699700.0
2012-03-15,184.43,4160100.0
2012-03-16,185.05,4934000.0
2012-03-19,185.52,3903400.0
2012-03-20,192.33,9165400.0
2012-03-21,191.73,4214400.0
2012-03-22,192.4,3739600.0
2012-03-23,195.04,5984000.0
2012-03-26,202.87,7613700.0
2012-03-27,205.44,9600800.0
2012-03-28,201.16,6245000.0
2012-03-29,204.61,5711200.0
2012-03-30,202.51,4438100.0
2012-04-02,198.05,6430300.0
2012-04-03,199.66,5000700.0
2012-04-04,193.99,5456900.0
2012-04-05,194.39,3217500.0
2012-04-09,191.87,3135900.0
2012-04-10,186.98,4455000.0
2012-04-11,187.97,4337800.0
2012-04-12,190.69,4027900.0
2012-04-13,188.46,3431800.0
2012-04-16,185.5,4044300.0
2012-04-17,188.39,2829200.0
2012-04-18,191.07,4001900.0
2012-04-19,191.1,4002400.0
2012-04-20,189.98,3243600.0
2012-04-23,188.24,3481000.0
2012-04-24,190.33,3376300.0
2012-04-25,194.42,3955100.0
2012-04-26,195.99,10234000.0
2012-04-27,226.85,22116900.0
2012-04-30,231.9,9756900.0
2012-05-01,230.04,6754900.0
2012-05-02,230.25,4593400.0
2012-05-03,229.45,4055500.0
2012-05-04,223.99,4585200.0
2012-05-07,225.16,3314300.0
2012-05-08,223.9,4522400.0
2012-05-09,222.98,3712000.0
2012-05-10,226.69,4648400.0
2012-05-11,227.68,4193600.0
2012-05-14,222.93,3096600.0
2012-05-15,224.39,5713700.0
2012-05-16,224.06,5261800.0
2012-05-17,218.36,4505500.0
2012-05-18,213.85,5231700.0
2012-05-21,218.11,3579800.0
2012-05-22,215.33,3733100.0
2012-05-23,217.28,4243800.0
2012-05-24,215.24,3141100.0
2012-05-25,212.89,2171400.0
2012-05-29,214.75,2693900.0
2012-05-30,209.23,4078200.0
2012-05-31,212.91,4944000.0
2012-06-01,208.22,3951500.0
2012-06-04,214.57,4299600.0
2012-06-05,213.21,3543900.0
2012-06-06,217.64,2710100.0
2012-06-07,218.8,3503900.0
2012-06-08,218.48,2877000.0
2012-06-11,216.5,3749100.0
2012-06-12,216.42,2833300.0
2012-06-13,214.73,2325200.0
2012-06-14,214.45,3060900.0
2012-06-15,218.35,3785200.0
2012-06-18,222.66,3369600.0
2012-06-19,224.03,2716600.0
2012-06-20,223.02,2444400.0
2012-06-21,220.575,2843000.0
2012-06-22,222.16,2187500.0
2012-06-25,220.07,2382300.0
2012-06-26,225.61,3754100.0
2012-06-27,225.62,2799200.0
2012-06-28,221.31,2994800.0
2012-06-29,228.35,3614400.0
2012-07-02,229.32,2330700.0
2012-07-03,229.53,1331700.0
2012-07-05,227.06,2682300.0
2012-07-06,225.05,3203200.0
2012-07-09,225.05,1922000.0
2012-07-10,219.5,2982100.0
2012-07-11,218.37,2734700.0
2012-07-12,215.36,2616200.0
2012-07-13,218.39,2221900.0
2012-07-16,216.01,2004200.0
2012-07-17,216.93,1987000.0
2012-07-18,217.47,2093000.0
2012-07-19,226.17,5449400.0
2012-07-20,228.29,4170000.0
2012-07-23,226.01,5515100.0
2012-07-24,223.04,5008700.0
2012-07-25,217.05,3646700.0
2012-07-26,220.01,6937400.0
2012-07-27,237.32,11313900.0
2012-07-30,236.09,3736400.0
2012-07-31,233.3,3453600.0
2012-08-01,232.09,2543800.0
2012-08-02,230.81,3048100.0
2012-08-03,234.97,2825300.0
2012-08-06,233.99,1843700.0
2012-08-07,236.56,2058300.0
2012-08-08,234.38,1534300.0
2012-08-09,234.06,1548100.0
2012-08-10,232.75,1852500.0
2012-08-13,232.44,1997300.0
2012-08-14,233.19,2751000.0
2012-08-15,237.42,3264700.0
2012-08-16,241.55,4312100.0
2012-08-17,241.17,3085800.0
2012-08-20,240.35,1889900.0
2012-08-21,239.45,2571500.0
2012-08-22,243.1,2473700.0
2012-08-23,241.198,2453900.0
2012-08-24,245.74,3698800.0
2012-08-27,243.92,2929700.0
2012-08-28,246.11,2742300.0
2012-08-29,247.12,1772600.0
2012-08-30,246.22,3647500.0
2012-08-31,248.27,3347500.0
2012-09-04,247.88,3950800.0
2012-09-05,246.22,2652600.0
2012-09-06,251.38,5361400.0
2012-09-07,259.14,5029500.0
2012-09-10,257.09,2567200.0
2012-09-11,255.67,2524800.0
2012-09-12,255.63,2273200.0
2012-09-13,260.24,3525600.0
2012-09-14,261.27,3666200.0
2012-09-17,258.0,2306300.0
2012-09-18,258.75,2215000.0
2012-09-19,261.68,2636800.0
2012-09-20,260.81,2913600.0
2012-09-21,257.47,6059300.0
2012-09-24,254.805,2707900.0
2012-09-25,252.46,4405800.0
2012-09-26,249.67,2920500.0
2012-09-27,256.59,3397400.0
2012-09-28,254.32,2456600.0
2012-10-01,252.01,2581200.0
2012-10-02,250.6,2195800.0
2012-10-03,255.92,2745600.0
2012-10-04,260.47,2700400.0
2012-10-05,258.51,2806500.0
2012-10-08,259.06,1762300.0
2012-10-09,250.96,3494800.0
2012-10-10,244.99,3948300.0
2012-10-11,244.22,3447300.0
2012-10-12,242.36,2203200.0
2012-10-15,244.18,2959800.0
2012-10-16,243.94,2204100.0
2012-10-17,247.49,3302700.0
2012-10-18,244.85,5305300.0
2012-10-19,240.0,4395300.0
2012-10-22,233.78,4500000.0
2012-10-23,234.31,4430800.0
2012-10-24,228.49,3678700.0
2012-10-25,222.92,6741300.0
2012-10-26,238.24,11367500.0
2012-10-31,232.8931,4797600.0
2012-11-01,232.14,3905100.0
2012-11-02,232.4224,3374700.0
2012-11-05,234.33,1846100.0
2012-11-06,237.56,2661300.0
2012-11-07,232.0608,3624200.0
2012-11-08,227.35,2982400.0
2012-11-09,226.31,3092500.0
2012-11-12,226.47,2128800.0
2012-11-13,226.6,2629800.0
2012-11-14,222.95,3034100.0
2012-11-15,220.599,3404700.0
2012-11-16,225.23,4352800.0
2012-11-19,229.71,3591200.0
2012-11-20,233.78,2771700.0
2012-11-21,238.03,2959300.0
2012-11-23,239.88,1776800.0
2012-11-26,243.62,4178300.0
2012-11-27,243.4017,3048500.0
2012-11-28,247.11,2743400.0
2012-11-29,251.27,5310500.0
2012-11-30,252.05,3797400.0
2012-12-03,250.3291,2990600.0
2012-12-04,252.4881,3114700.0
2012-12-05,253.96,2852200.0
2012-12-06,253.37,3557900.0
2012-12-07,253.2681,2170300.0
2012-12-10,247.77,3503800.0
2012-12-11,250.69,4185200.0
2012-12-12,251.76,2628100.0
2012-12-13,251.25,2460200.0
2012-12-14,249.19,2526900.0
2012-12-17,253.86,2277000.0
2012-12-18,260.4,4961000.0
2012-12-19,257.99,2300000.0
2012-12-20,261.5,2584600.0
2012-12-21,256.92,4704600.0
2012-12-24,258.62,984400.0
2012-12-26,248.6314,4152700.0
2012-12-27,248.31,3639300.0
2012-12-28,245.18,1858700.0
2012-12-31,250.87,3419000.0
2013-01-02,257.31,3271000.0
2013-01-03,258.48,2750900.0
2013-01-04,259.15,1874200.0
2013-01-07,268.4592,4910000.0
2013-01-08,266.38,3010700.0
2013-01-09,266.35,2265600.0
2013-01-10,265.34,2863400.0
2013-01-11,267.94,2413300.0
2013-01-14,272.73,4275000.0
2013-01-15,271.9,2326900.0
2013-01-16,268.93,2065600.0
2013-01-17,270.48,1884600.0
2013-01-18,272.12,2942000.0
2013-01-22,270.19,2137700.0
2013-01-23,268.11,2508900.0
2013-01-24,273.62,3417000.0
2013-01-25,283.99,4968100.0
2013-01-28,276.04,4321400.0
2013-01-29,260.35,10172600.0
2013-01-30,272.764,13075400.0
2013-01-31,265.5,6772100.0
2013-02-01,265.0,6115000.0
2013-02-04,259.98,3723600.0
2013-02-05,266.89,4012900.0
2013-02-06,262.22,2770400.0
2013-02-07,260.23,3975700.0
2013-02-08,261.95,3879200.0
2013-02-11,257.21,3403700.0
2013-02-12,258.7,2943700.0
2013-02-13,269.47,5293000.0
2013-02-14,269.24,3463000.0
2013-02-15,265.09,3979900.0
2013-02-19,269.75,2854200.0
2013-02-20,266.41,3528900.0
2013-02-21,265.94,3637400.0
2013-02-22,265.42,3124800.0
2013-02-25,259.87,3032400.0
2013-02-26,259.36,3348600.0
2013-02-27,263.25,2908100.0
2013-02-28,264.27,2667200.0
2013-03-01,265.74,2957000.0
2013-03-04,273.11,3453000.0
2013-03-05,275.59,3686200.0
2013-03-06,273.79,2050700.0
2013-03-07,273.88,1939000.0
2013-03-08,274.19,1879800.0
2013-03-11,271.24,1904900.0
2013-03-12,274.13,3246200.0
2013-03-13,275.1,1884200.0
2013-03-14,265.74,5226700.0
2013-03-15,261.82,4865900.0
2013-03-18,257.89,2720200.0
2013-03-19,256.41,3738500.0
2013-03-20,257.278,2738900.0
2013-03-21,253.39,2806400.0
2013-03-22,257.75,3124600.0
2013-03-25,256.02,2513900.0
2013-03-26,260.31,2421000.0
2013-03-27,265.3,2874900.0
2013-03-28,266.49,2473700.0
2013-04-01,261.61,2524800.0
2013-04-02,263.322,2631100.0
2013-04-03,259.03,2413800.0
2013-04-04,259.08,1964400.0
2013-04-05,255.48,2557400.0
2013-04-08,258.95,2295600.0
2013-04-09,261.14,2156600.0
2013-04-10,264.77,2322500.0
2013-04-11,269.85,3090500.0
2013-04-12,272.87,2866300.0
2013-04-15,267.72,3326000.0
2013-04-16,272.34,2137200.0
2013-04-17,267.4,3135100.0
2013-04-18,259.42,3137600.0
2013-04-19,260.32,2602500.0
2013-04-22,263.55,2119100.0
2013-04-23,268.9,2270600.0
2013-04-24,268.78,1852800.0
2013-04-25,274.7,6116500.0
2013-04-26,254.81,14030000.0
2013-04-29,249.74,7117000.0
2013-04-30,253.81,4248800.0
2013-05-01,248.23,4391400.0
2013-05-02,252.55,3936200.0
2013-05-03,258.05,3514000.0
2013-05-06,255.72,2347800.0
2013-05-07,257.73,3133700.0
2013-05-08,258.68,2677000.0
2013-05-09,260.16,2769300.0
2013-05-10,263.63,3145300.0
2013-05-13,264.51,2149500.0
2013-05-14,268.33,2700000.0
2013-05-15,266.56,2720500.0
2013-05-16,264.12,1643500.0
2013-05-17,269.9,2527300.0
2013-05-20,267.63,2209000.0
2013-05-21,268.86,1741200.0
2013-05-22,262.96,3332000.0
2013-05-23,261.8,2000300.0
2013-05-24,261.74,1696300.0
2013-05-28,267.29,3471000.0
2013-05-29,265.53,1903400.0
2013-05-30,266.83,1667500.0
2013-05-31,269.2,3374300.0
2013-06-03,266.88,2543900.0
2013-06-04,265.7,2088600.0
2013-06-05,267.17,3512300.0
2013-06-06,267.83,2476300.0
2013-06-07,276.87,4632600.0
2013-06-10,281.07,3086500.0
2013-06-11,274.78,3097800.0
2013-06-12,271.67,2238900.0
2013-06-13,275.79,2649800.0
2013-06-14,273.99,2150800.0
2013-06-17,278.06,2884000.0
2013-06-18,281.76,2146100.0
2013-06-19,278.16,2827500.0
2013-06-20,273.44,2984000.0
2013-06-21,273.36,4201000.0
2013-06-24,270.61,3863800.0
2013-06-25,272.088,2449600.0
2013-06-26,277.57,3029500.0
2013-06-27,277.55,2519500.0
2013-06-28,277.69,3193300.0
2013-07-01,282.1,2888200.0
2013-07-02,283.73,3238200.0
2013-07-03,284.03,1373000.0
2013-07-05,285.88,1985400.0
2013-07-08,290.59,3046700.0
2013-07-09,291.53,2775600.0
2013-07-10,292.33,1810200.0
2013-07-11,299.66,4007300.0
2013-07-12,307.55,4539300.0
2013-07-15,306.57,2245600.0
2013-07-16,306.87,2660200.0
2013-07-17,308.69,2029700.0
2013-07-18,304.11,3063800.0
2013-07-19,305.23,2973100.0
2013-07-22,303.48,2520700.0
2013-07-23,301.06,1999600.0
2013-07-24,298.94,2000500.0
2013-07-25,303.4,5405800.0
2013-07-26,312.01,8817500.0
2013-07-29,306.1,3211800.0
2013-07-30,302.41,3053400.0
2013-07-31,301.22,1891300.0
2013-08-01,305.57,2971700.0
2013-08-02,304.21,2502600.0
2013-08-05,300.99,2233200.0
2013-08-06,300.75,1849000.0
2013-08-07,296.91,1961000.0
2013-08-08,295.74,2343400.0
2013-08-09,297.26,1950300.0
2013-08-12,296.69,1504500.0
2013-08-13,293.97,2349900.0
2013-08-14,291.34,1415000.0
2013-08-15,286.47,2261400.0
2013-08-16,284.82,2422500.0
2013-08-19,285.57,2477400.0
2013-08-20,287.09,1586300.0
2013-08-21,284.57,1815300.0
2013-08-22,289.73,1422600.0
2013-08-23,290.01,1961900.0
2013-08-26,286.21,1711700.0
2013-08-27,280.93,2476000.0
2013-08-28,281.58,1457100.0
2013-08-29,283.98,1566400.0
2013-08-30,280.98,1534700.0
2013-09-03,288.8,2897600.0
2013-09-04,293.64,2438600.0
2013-09-05,294.1,1816600.0
2013-09-06,295.86,2292000.0
2013-09-09,299.71,1643600.0
2013-09-10,300.36,1778400.0
2013-09-11,299.64,1742600.0
2013-09-12,298.86,1606200.0
2013-09-13,297.92,1350600.0
2013-09-16,296.06,1808400.0
2013-09-17,304.17,2296500.0
2013-09-18,312.034,2946400.0
2013-09-19,312.06,2350900.0
2013-09-20,316.34,5302300.0
2013-09-23,311.49,1884900.0
2013-09-24,314.13,2033600.0
2013-09-25,312.65,2008600.0
2013-09-26,318.12,1989900.0
2013-09-27,316.01,1657500.0
2013-09-30,312.64,1623600.0
2013-10-01,320.95,2396400.0
2013-10-02,320.51,2217400.0
2013-10-03,314.76,2674800.0
2013-10-04,319.04,1815000.0
2013-10-07,310.03,2083200.0
2013-10-08,303.23,3166200.0
2013-10-09,298.23,3247400.0
2013-10-10,305.174,2555100.0
2013-10-11,310.889,2163100.0
2013-10-14,310.7,1939100.0
2013-10-15,306.4,2261100.0
2013-10-16,310.49,2170700.0
2013-10-17,310.77,2648400.0
2013-10-18,328.931,5969800.0
2013-10-21,326.44,2522300.0
2013-10-22,332.54,3935500.0
2013-10-23,326.756,2818200.0
2013-10-24,332.21,5884700.0
2013-10-25,363.39,12036800.0
2013-10-28,358.16,3635800.0
2013-10-29,362.7,2185400.0
2013-10-30,361.08,4502200.0
2013-10-31,364.03,2466800.0
2013-11-01,359.002,3331000.0
2013-11-04,358.74,1938400.0
2013-11-05,358.892,2007100.0
2013-11-06,356.18,2282300.0
2013-11-07,343.56,4246300.0
2013-11-08,350.31,2656900.0
2013-11-11,354.378,2261700.0
2013-11-12,349.53,2343100.0
2013-11-13,356.22,2773300.0
2013-11-14,367.396,4159800.0
2013-11-15,369.17,4491600.0
2013-11-18,366.18,2737400.0
2013-11-19,364.94,1904800.0
2013-11-20,362.57,1771500.0
2013-11-21,368.92,1964600.0
2013-11-22,372.31,2965500.0
2013-11-25,376.64,2972300.0
2013-11-26,381.37,2724400.0
2013-11-27,386.71,2269700.0
2013-11-29,393.62,2406000.0
2013-12-02,392.3,4714000.0
2013-12-03,384.66,3702900.0
2013-12-04,385.96,2355300.0
2013-12-05,384.49,1906500.0
2013-12-06,386.95,1984700.0
2013-12-09,384.89,2761800.0
2013-12-10,387.78,2736800.0
2013-12-11,382.19,2451300.0
2013-12-12,381.25,2123700.0
2013-12-13,384.24,3025000.0
2013-12-16,388.97,2251700.0
2013-12-17,387.65,2343900.0
2013-12-18,395.96,3489100.0
2013-12-19,395.19,2427200.0
2013-12-20,402.2,5033900.0
2013-12-23,402.92,2659500.0
2013-12-24,399.2,1380400.0
2013-12-26,404.39,1868500.0
2013-12-27,398.08,1986900.0
2013-12-30,393.37,2487100.0
2013-12-31,398.79,1996500.0
2014-01-02,397.97,2137800.0
2014-01-03,396.44,2210200.0
2014-01-06,393.63,3170600.0
2014-01-07,398.03,1916000.0
2014-01-08,401.92,2316500.0
2014-01-09,401.01,2103000.0
2014-01-10,397.66,2679500.0
2014-01-13,390.98,2844900.0
2014-01-14,397.54,2340100.0
2014-01-15,395.87,2678300.0
2014-01-16,395.8,2601200.0
2014-01-17,399.61,4505100.0
2014-01-21,407.05,3122100.0
2014-01-22,404.54,2060500.0
2014-01-23,399.87,3025400.0
2014-01-24,387.6,4458400.0
2014-01-27,386.28,3936800.0
2014-01-28,394.43,2894500.0
2014-01-29,384.2,3382300.0
2014-01-30,403.01,10473900.0
2014-01-31,358.69,16154800.0
2014-02-03,346.15,10280800.0
2014-02-04,347.95,4812900.0
2014-02-05,346.45,4435400.0
2014-02-06,354.59,3335700.0
2014-02-07,361.08,4330500.0
2014-02-10,360.87,3449700.0
2014-02-11,361.79,3222100.0
2014-02-12,349.25,6587700.0
2014-02-13,357.2,4175000.0
2014-02-14,357.35,3520200.0
2014-02-18,353.65,4998000.0
2014-02-19,347.38,4168100.0
2014-02-20,349.8,3492800.0
2014-02-21,346.76,4210000.0
2014-02-24,351.78,3644700.0
2014-02-25,358.32,3736400.0
2014-02-26,359.8,3622100.0
2014-02-27,360.13,3104900.0
2014-02-28,362.1,3882000.0
2014-03-03,359.78,2798300.0
2014-03-04,363.9,2704400.0
2014-03-05,372.37,3848300.0
2014-03-06,372.16,2926600.0
2014-03-07,372.06,2279800.0
2014-03-10,370.53,2105800.0
2014-03-11,368.82,2246100.0
2014-03-12,370.64,2216600.0
2014-03-13,371.51,6829000.0
2014-03-14,373.74,4402200.0
2014-03-17,375.04,2303000.0
2014-03-18,378.77,2483500.0
2014-03-19,373.23,2646700.0
2014-03-20,368.97,2558500.0
2014-03-21,360.62,5414100.0
2014-03-24,351.85,4873500.0
2014-03-25,354.71,4445700.0
2014-03-26,343.41,4120700.0
2014-03-27,338.47,5766400.0
2014-03-28,338.29,3986800.0
2014-03-31,336.365,4297500.0
2014-04-01,342.99,3600100.0
2014-04-02,341.96,4475500.0
2014-04-03,333.62,6399300.0
2014-04-04,323.0,12534600.0
2014-04-07,317.76,7077400.0
2014-04-08,327.07,6577600.0
2014-04-09,331.805,5056600.0
2014-04-10,317.11,6126700.0
2014-04-11,311.73,7287500.0
2014-04-14,315.91,4293500.0
2014-04-15,316.08,5398600.0
2014-04-16,323.68,4284900.0
2014-04-17,324.91,4299200.0
2014-04-21,330.87,2999400.0
2014-04-22,329.32,3711600.0
2014-04-23,324.58,3604600.0
2014-04-24,337.15,9293700.0
2014-04-25,303.83,16180200.0
2014-04-28,296.58,14479800.0
2014-04-29,300.38,6509300.0
2014-04-30,304.13,4088600.0
2014-05-01,307.89,4328600.0
2014-05-02,308.01,3995100.0
2014-05-05,310.05,2519900.0
2014-05-06,297.38,4682300.0
2014-05-07,292.71,7015200.0
2014-05-08,288.32,3848200.0
2014-05-09,292.24,4063000.0
2014-05-12,302.86,3729600.0
2014-05-13,304.64,3509900.0
2014-05-14,297.62,3323300.0
2014-05-15,295.19,4295100.0
2014-05-16,297.7,3636800.0
2014-05-19,296.755,2284200.0
2014-05-20,301.19,4095700.0
2014-05-21,305.01,3408800.0
2014-05-22,304.91,2576800.0
2014-05-23,312.24,3052900.0
2014-05-27,310.82,4862100.0
2014-05-28,310.16,2726000.0
2014-05-29,313.78,2365500.0
2014-05-30,312.55,4260200.0
2014-06-02,308.84,2203400.0
2014-06-03,307.19,2379200.0
2014-06-04,306.78,2107100.0
2014-06-05,323.57,7796700.0
2014-06-06,329.67,5244000.0
2014-06-09,327.5,3212200.0
2014-06-10,332.41,3663400.0
2014-06-11,335.2,4436800.0
2014-06-12,325.91,4263000.0
2014-06-13,326.27,2764800.0
2014-06-16,327.62,2396100.0
2014-06-17,325.62,2904200.0
2014-06-18,334.38,6401500.0
2014-06-19,327.0,5320600.0
2014-06-20,324.2,6054000.0
2014-06-23,327.24,2604800.0
2014-06-24,324.16,2626600.0
2014-06-25,327.44,2327800.0
2014-06-26,325.69,2699500.0
2014-06-27,324.57,2416200.0
2014-06-30,324.78,2671300.0
2014-07-01,332.39,3173600.0
2014-07-02,332.85,2681300.0
2014-07-03,337.492,1944300.0
2014-07-07,333.55,2128900.0
2014-07-08,323.81,4271600.0
2014-07-09,329.97,3166100.0
2014-07-10,327.92,2665000.0
2014-07-11,346.2,8300800.0
2014-07-14,355.32,5609900.0
2014-07-15,354.44,4170900.0
2014-07-16,355.9,3503600.0
2014-07-17,352.454,3636000.0
2014-07-18,358.66,3407400.0
2014-07-21,359.76,2278400.0
2014-07-22,360.84,2888900.0
2014-07-23,358.14,2687300.0
2014-07-24,358.61,7000000.0
2014-07-25,324.01,17846500.0
2014-07-28,320.41,5932000.0
2014-07-29,320.0,2883800.0
2014-07-30,322.51,3969000.0
2014-07-31,312.99,5192000.0
2014-08-01,307.06,7441500.0
2014-08-04,313.65,4200900.0
2014-08-05,312.32,2852100.0
2014-08-06,313.89,2296900.0
2014-08-07,311.45,2935600.0
2014-08-08,316.8,2705900.0
2014-08-11,318.33,2468600.0
2014-08-12,319.32,1915800.0
2014-08-13,326.28,4939100.0
2014-08-14,333.21,3420400.0
2014-08-15,333.63,3896700.0
2014-08-18,334.53,2485400.0
2014-08-19,335.13,1713800.0
2014-08-20,335.78,1810500.0
2014-08-21,332.91,1971100.0
2014-08-22,331.59,2211200.0
2014-08-25,334.02,1957700.0
2014-08-26,341.83,3638200.0
2014-08-27,343.18,2961600.0
2014-08-28,340.02,2252700.0
2014-08-29,339.04,1939500.0
2014-09-02,342.38,2326000.0
2014-09-03,339.0,1993700.0
2014-09-04,345.95,3952200.0
2014-09-05,346.38,2107000.0
2014-09-08,342.34,2955300.0
2014-09-09,329.75,4634000.0
2014-09-10,331.33,3797400.0
2014-09-11,330.52,2720200.0
2014-09-12,331.19,3429300.0
2014-09-15,323.89,4000400.0
2014-09-16,327.76,3259900.0
2014-09-17,324.0,4136000.0
2014-09-18,325.0,2576900.0
2014-09-19,331.32,6886200.0
2014-09-22,324.5,3109700.0
2014-09-23,323.63,2352600.0
2014-09-24,328.21,2635754.0
2014-09-25,321.93,2925241.0
2014-09-26,323.21,3639155.0
2014-09-29,321.82,1929589.0
2014-09-30,322.44,2639967.0
2014-10-01,317.46,3096735.0
2014-10-02,318.41,3553944.0
2014-10-03,322.74,3037891.0
2014-10-06,322.2,2294194.0
2014-10-07,316.98,2365698.0
2014-10-08,322.7,3458960.0
2014-10-09,315.37,3589464.0
2014-10-10,311.39,3684314.0
2014-10-13,306.45,4369850.0
2014-10-14,308.31,3385809.0
2014-10-15,305.97,5348254.0
2014-10-16,302.86,4731866.0
2014-10-17,303.64,4409218.0
2014-10-20,306.21,3239490.0
2014-10-21,315.33,3563351.0
2014-10-22,312.97,3130049.0
2014-10-23,313.18,9038193.0
2014-10-24,287.06,19805911.0
2014-10-27,289.97,5950594.0
2014-10-28,295.59,5576646.0
2014-10-29,294.12,4883259.0
2014-10-30,299.07,4055155.0
2014-10-31,305.46,4551795.0
2014-11-03,305.72,3244150.0
2014-11-04,302.81,3427384.0
2014-11-05,296.52,4674492.0
2014-11-06,296.64,3758121.0
2014-11-07,299.86,2647352.0
2014-11-10,305.11,2809056.0
2014-11-11,312.01,3807333.0
2014-11-12,311.51,2182982.0
2014-11-13,316.48,3686428.0
2014-11-14,327.82,8877785.0
2014-11-17,323.05,4784933.0
2014-11-18,324.93,3551161.0
2014-11-19,326.54,3281614.0
2014-11-20,330.54,3436721.0
2014-11-21,332.63,4466587.0
2014-11-24,335.64,2754186.0
2014-11-25,335.04,2564989.0
2014-11-26,333.57,1985949.0
2014-11-28,338.64,3051798.0
2014-12-01,326.0,4944861.0
2014-12-02,326.31,2790257.0
2014-12-03,316.5,5689904.0
2014-12-04,316.93,3296642.0
2014-12-05,312.63,3265214.0
2014-12-08,306.64,3639180.0
2014-12-09,312.5,4049506.0
2014-12-10,305.84,3245890.0
2014-12-11,307.36,3272919.0
2014-12-12,307.32,3162322.0
2014-12-15,306.07,3841577.0
2014-12-16,295.06,6501252.0
2014-12-17,298.88,4433505.0
2014-12-18,297.73,7738067.0
2014-12-19,299.9,8709129.0
2014-12-22,306.54,4003827.0
2014-12-23,306.285,2718359.0
2014-12-24,303.03,1518107.0
2014-12-26,309.09,2893801.0
2014-12-29,312.04,3009046.0
2014-12-30,310.3,2093023.0
2014-12-31,310.35,2057766.0
2015-01-02,308.52,2788101.0
2015-01-05,302.19,2774231.0
2015-01-06,295.29,3519034.0
2015-01-07,298.42,2640349.0
2015-01-08,300.46,3088398.0
2015-01-09,296.93,2570947.0
2015-01-12,291.41,3421392.0
2015-01-13,294.74,4136442.0
2015-01-14,293.27,5538666.0
2015-01-15,286.95,4419196.0
2015-01-16,290.74,3478176.0
2015-01-20,289.44,3075081.0
2015-01-21,297.25,10065076.0
2015-01-22,310.32,5362640.0
2015-01-23,312.39,4496419.0
2015-01-26,309.66,3169665.0
2015-01-27,306.75,2920315.0
2015-01-28,303.91,3063774.0
2015-01-29,311.78,8656567.0
2015-01-30,354.53,23856060.0
2015-02-02,364.47,10231914.0
2015-02-03,363.55,6212565.0
2015-02-04,364.75,4169927.0
2015-02-05,373.89,7247605.0
2015-02-06,374.28,3892382.0
2015-02-09,370.56,2724630.0
2015-02-10,372.995,2287232.0
2015-02-11,375.14,2786523.0
2015-02-12,377.17,2791050.0
2015-02-13,381.83,3475069.0
2015-02-17,375.43,3673208.0
2015-02-18,373.37,2650610.0
2015-02-19,378.995,2953752.0
2015-02-20,383.66,3258023.0
2015-02-23,380.14,2176989.0
2015-02-24,378.59,1921850.0
2015-02-25,385.37,3174495.0
2015-02-26,384.8,2687107.0
2015-02-27,380.16,2532309.0
2015-03-02,385.655,2139205.0
2015-03-03,384.61,1946498.0
2015-03-04,382.72,2259141.0
2015-03-05,387.83,2693518.0
2015-03-06,380.09,2627042.0
2015-03-09,378.56,2311390.0
2015-03-10,369.51,3120972.0
2015-03-11,366.37,2495097.0
2015-03-12,374.24,2810001.0
2015-03-13,370.58,2611658.0
2015-03-16,373.35,2354059.0
2015-03-17,371.92,2036961.0
2015-03-18,375.135,2654135.0
2015-03-19,373.24,1915671.0
2015-03-20,378.49,3763553.0
2015-03-23,375.11,2239343.0
2015-03-24,374.09,2228214.0
2015-03-25,370.96,3429497.0
2015-03-26,367.35,2929962.0
2015-03-27,370.56,2609774.0
2015-03-30,374.59,1820933.0
2015-03-31,372.1,2506122.0
2015-04-01,370.255,2458095.0
2015-04-02,372.25,1875279.0
2015-04-06,377.04,3050709.0
2015-04-07,374.41,1954902.0
2015-04-08,381.2,2636434.0
2015-04-09,383.54,2392328.0
2015-04-10,382.65,2573519.0
2015-04-13,382.36,1894453.0
2015-04-14,385.11,2583575.0
2015-04-15,383.45,1933229.0
2015-04-16,386.04,2080418.0
2015-04-17,375.56,3839664.0
2015-04-20,389.51,5016148.0
2015-04-21,391.18,4643524.0
2015-04-22,389.8,3474724.0
2015-04-23,389.99,7979985.0
2015-04-24,445.1,17176904.0
2015-04-27,438.56,5430949.0
2015-04-28,429.31,4140483.0
2015-04-29,429.37,3621688.0
2015-04-30,421.78,3647877.0
2015-05-01,422.87,3565824.0
2015-05-04,423.04,2270448.0
2015-05-05,421.19,2856386.0
2015-05-06,419.1,2552474.0
2015-05-07,426.88,2766132.0
2015-05-08,433.69,2908838.0
2015-05-11,432.85,2393737.0
2015-05-12,431.02,1947822.0
2015-05-13,426.87,1996328.0
2015-05-14,432.28,1888477.0
2015-05-15,426.0,4240306.0
2015-05-18,425.24,2390229.0
2015-05-19,421.71,2465240.0
2015-05-20,423.86,2196159.0
2015-05-21,431.63,4121401.0
2015-05-22,427.63,2020629.0
2015-05-26,425.47,2244185.0
2015-05-27,431.42,2231088.0
2015-05-28,426.57,1912436.0
2015-05-29,429.23,3016060.0
2015-06-01,430.92,2253264.0
2015-06-02,430.99,1669845.0
2015-06-03,436.59,2727914.0
2015-06-04,430.78,2510761.0
2015-06-05,426.95,1907855.0
2015-06-08,423.5,2172525.0
2015-06-09,425.48,2288663.0
2015-06-10,430.77,2172333.0
2015-06-11,432.97,2922459.0
2015-06-12,429.92,2054385.0
2015-06-15,423.67,2050987.0
2015-06-16,427.26,2297469.0
2015-06-17,427.81,2185869.0
2015-06-18,439.39,3378360.0
2015-06-19,434.92,4495087.0
2015-06-22,436.29,1823572.0
2015-06-23,445.99,3245049.0
2015-06-24,440.84,2620827.0
2015-06-25,440.1,2237458.0
2015-06-26,438.1,2624479.0
2015-06-29,429.86,2753193.0
2015-06-30,434.09,2596873.0
2015-07-01,437.39,1987076.0
2015-07-02,437.71,1343397.0
2015-07-06,436.04,1903161.0
2015-07-07,436.72,3454248.0
2015-07-08,429.7,2383130.0
2015-07-09,434.39,2271395.0
2015-07-10,443.51,2400981.0
2015-07-13,455.57,3956802.0
2015-07-14,465.57,4736215.0
2015-07-15,461.19,2987399.0
2015-07-16,475.48,4095581.0
2015-07-17,483.01,4932176.0
2015-07-20,488.1,4752491.0
2015-07-21,488.0,3181831.0
2015-07-22,488.27,3114898.0
2015-07-23,482.18,9374431.0
2015-07-24,529.42,21909381.0
2015-07-27,531.41,7490960.0
2015-07-28,526.03,5273092.0
2015-07-29,529.0,3752634.0
2015-07-30,536.76,3743065.0
2015-07-31,536.15,3025598.0
2015-08-03,535.03,3014236.0
2015-08-04,531.9,2934590.0
2015-08-05,537.01,2866861.0
2015-08-06,529.46,3820453.0
2015-08-07,522.62,3969215.0
2015-08-10,524.0,2615926.0
2015-08-11,527.46,2676600.0
2015-08-12,525.91,4014684.0
2015-08-13,529.66,2895238.0
2015-08-14,531.52,1994799.0
2015-08-17,535.22,2581680.0
2015-08-18,535.02,2071342.0
2015-08-19,532.92,2324040.0
2015-08-20,515.78,4407990.0
2015-08-21,494.47,6706466.0
2015-08-24,463.37,10097601.0
2015-08-25,466.37,5679329.0
2015-08-26,500.77,6358639.0
2015-08-27,518.37,6114506.0
2015-08-28,518.01,2746708.0
2015-08-31,512.89,3002293.0
2015-09-01,496.54,3864514.0
2015-09-02,510.55,3707116.0
2015-09-03,504.72,3149694.0
2015-09-04,499.0,2692510.0
2015-09-08,517.54,3810653.0
2015-09-09,516.89,4370657.0
2015-09-10,522.24,2575982.0
2015-09-11,529.44,3227862.0
2015-09-14,521.38,3130241.0
2015-09-15,522.37,2865933.0
2015-09-16,527.39,2252790.0
2015-09-17,538.87,4169484.0
2015-09-18,540.26,6160075.0
2015-09-21,548.39,3283313.0
2015-09-22,538.4,3841748.0
2015-09-23,536.07,2237571.0
2015-09-24,533.75,3500964.0
2015-09-25,524.25,4030998.0
2015-09-28,504.06,5370668.0
2015-09-29,496.07,4457532.0
2015-09-30,511.89,3902536.0
2015-10-01,520.72,3768483.0
2015-10-02,532.54,4597795.0
2015-10-05,543.68,3391359.0
2015-10-06,537.48,4547519.0
2015-10-07,541.94,3812087.0
2015-10-08,533.16,4676440.0
2015-10-09,539.8,3537364.0
2015-10-12,550.19,2776103.0
2015-10-13,548.9,2938044.0
2015-10-14,544.83,3582060.0
2015-10-15,562.44,4937034.0
2015-10-16,570.76,4315792.0
2015-10-19,573.15,4375420.0
2015-10-20,560.88,4346209.0
2015-10-21,555.77,3361655.0
2015-10-22,563.91,7779372.0
2015-10-23,599.03,10692667.0
2015-10-26,608.61,4269715.0
2015-10-27,611.01,3787136.0
2015-10-28,617.1,3926200.0
2015-10-29,626.55,3896026.0
2015-10-30,625.9,3874363.0
2015-11-02,628.35,2816479.0
2015-11-03,625.31,3246910.0
2015-11-04,640.95,4840501.0
2015-11-05,655.65,4723825.0
2015-11-06,659.37,4092165.0
2015-11-09,655.49,4048823.0
2015-11-10,659.68,3489483.0
2015-11-11,673.25,5387309.0
2015-11-12,665.6,4284678.0
2015-11-13,642.35,6261076.0
2015-11-16,647.81,7435934.0
2015-11-17,643.3,4316843.0
2015-11-18,663.54,4469769.0
2015-11-19,661.27,4705237.0
2015-11-20,668.45,3896135.0
2015-11-23,678.99,4385057.0
2015-11-24,671.15,4543417.0
2015-11-25,675.34,2697889.0
2015-11-27,673.26,1966801.0
2015-11-30,664.8,5693172.0
2015-12-01,679.06,4751152.0
2015-12-02,676.01,4273526.0
2015-12-03,666.25,5064736.0
2015-12-04,672.64,4534796.0
2015-12-07,669.83,3732814.0
2015-12-08,677.33,3651908.0
2015-12-09,664.79,5158172.0
2015-12-10,662.32,3455472.0
2015-12-11,640.15,5474420.0
2015-12-14,657.91,4361273.0
2015-12-15,658.64,4753415.0
2015-12-16,675.77,3964470.0
2015-12-17,670.65,3681645.0
2015-12-18,664.14,6841304.0
2015-12-21,664.51,3250900.0
2015-12-22,663.15,2667795.0
2015-12-23,663.7,2722922.0
2015-12-24,662.79,1092970.0
2015-12-28,675.2,3783555.0
2015-12-29,693.97,5734996.0
2015-12-30,689.07,3519003.0
2015-12-31,675.89,3749560.0
2016-01-04,636.99,9314519.0
2016-01-05,633.79,5822603.0
2016-01-06,632.65,5329197.0
2016-01-07,607.94,7074915.0
2016-01-08,607.05,5512915.0
2016-01-11,617.74,4891551.0
2016-01-12,617.89,4724100.0
2016-01-13,581.81,7655239.0
2016-01-14,593.0,7237978.0
2016-01-15,570.18,7784523.0
2016-01-19,574.48,4807165.0
2016-01-20,571.77,7966406.0
2016-01-21,575.02,4952217.0
2016-01-22,596.38,5120144.0
2016-01-25,596.53,4396079.0
2016-01-26,601.25,3765655.0
2016-01-27,583.35,5152853.0
2016-01-28,635.35,14015171.0
2016-01-29,587.0,14677550.0
2016-02-01,574.81,6355123.0
2016-02-02,552.1,6312045.0
2016-02-03,531.07,10048709.0
2016-02-04,536.26,6199070.0
2016-02-05,502.13,9708929.0
2016-02-08,488.1,9825509.0
2016-02-09,482.07,7077915.0
2016-02-10,490.48,6786181.0
2016-02-11,503.82,7397393.0
2016-02-12,507.08,5384787.0
2016-02-16,521.1,5118500.0
2016-02-17,534.1,4824002.0
2016-02-18,525.0,4735008.0
2016-02-19,534.9,4974717.0
2016-02-22,559.5,5566553.0
2016-02-23,552.94,4050790.0
2016-02-24,554.04,6231668.0
2016-02-25,555.15,4525463.0
2016-02-26,555.23,4877039.0
2016-02-29,552.52,4145396.0
2016-03-01,579.04,5038452.0
2016-03-02,580.21,4582170.0
2016-03-03,577.49,2741292.0
2016-03-04,575.14,3416545.0
2016-03-07,562.8,4932527.0
2016-03-08,560.26,4679663.0
2016-03-09,559.47,4377283.0
2016-03-10,558.93,3919892.0
2016-03-11,569.61,3771310.0
2016-03-14,573.37,3454152.0
2016-03-15,577.02,3876821.0
2016-03-16,574.27,3537669.0
2016-03-17,559.44,5928105.0
2016-03-18,552.08,7296885.0
2016-03-21,553.98,5155732.0
2016-03-22,560.48,4000564.0
2016-03-23,569.63,3983720.0
2016-03-24,582.95,5185539.0
2016-03-28,579.87,3121522.0
2016-03-29,593.86,4392567.0
2016-03-30,598.69,3890461.0
2016-03-31,593.64,2681811.0
2016-04-01,598.5,2917386.0
2016-04-04,593.19,2470825.0
2016-04-05,586.14,2308884.0
2016-04-06,602.08,2849909.0
2016-04-07,591.43,3189037.0
2016-04-08,594.6,2591936.0
2016-04-11,595.93,2704267.0
2016-04-12,603.17,2641062.0
2016-04-13,614.82,4228349.0
2016-04-14,620.75,3512136.0
2016-04-15,625.89,2887681.0
2016-04-18,635.35,4360883.0
2016-04-19,627.9,4055870.0
2016-04-20,632.99,2609425.0
2016-04-21,631.0,2596298.0
2016-04-22,620.5,5083904.0
2016-04-25,626.2,2682924.0
2016-04-26,616.88,2521433.0
2016-04-27,606.57,4068767.0
2016-04-28,602.0,7872605.0
2016-04-29,659.59,10310739.0
2016-05-02,683.85,6578517.0
2016-05-03,671.32,4923351.0
2016-05-04,670.9,4635462.0
2016-05-05,659.09,4884114.0
2016-05-06,673.95,4365345.0
2016-05-09,679.75,3982161.0
2016-05-10,703.07,6105570.0
2016-05-11,713.23,7338196.0
2016-05-12,717.93,5048150.0
2016-05-13,709.92,4763419.0
2016-05-16,710.66,5432920.0
2016-05-17,695.27,5121357.0
2016-05-18,697.45,4283189.0
2016-05-19,698.52,3025566.0
2016-05-20,702.8,2916165.0
2016-05-23,696.75,2595082.0
2016-05-24,704.2,3033782.0
2016-05-25,708.35,3276631.0
2016-05-26,714.91,2446681.0
2016-05-27,712.24,2249164.0
2016-05-31,722.79,3618323.0
2016-06-01,719.44,3263107.0
2016-06-02,728.24,3026583.0
2016-06-03,725.54,3367306.0
2016-06-06,726.73,2704806.0
2016-06-07,723.74,2732463.0
2016-06-08,726.64,2223366.0
2016-06-09,727.65,2170318.0
2016-06-10,717.91,3425718.0
2016-06-13,715.24,3352201.0
2016-06-14,719.3,2506922.0
2016-06-15,714.26,2709447.0
2016-06-16,717.51,3097961.0
2016-06-17,706.39,5897788.0
2016-06-20,714.01,3677162.0
2016-06-21,715.82,2137534.0
2016-06-22,710.6,2260454.0
2016-06-23,722.08,2824974.0
2016-06-24,698.96,7632511.0
2016-06-27,691.36,5584037.0
2016-06-28,707.95,4036957.0
2016-06-29,715.6,3070052.0
2016-06-30,715.62,2855142.0
2016-07-01,725.68,2920423.0
2016-07-05,728.1,2431431.0
2016-07-06,737.61,3938249.0
2016-07-07,736.57,2945783.0
2016-07-08,745.81,3429217.0
2016-07-11,753.78,3195272.0
2016-07-12,748.21,5623657.0
2016-07-13,742.63,4142265.0
2016-07-14,741.2,2390472.0
2016-07-15,735.44,3121385.0
2016-07-18,736.07,2954914.0
2016-07-19,739.95,2216820.0
2016-07-20,745.72,2214023.0
2016-07-21,744.43,2317072.0
2016-07-22,744.86,2277711.0
2016-07-25,739.61,2679290.0
2016-07-26,735.59,2529692.0
2016-07-27,736.67,2913134.0
2016-07-28,752.61,7617580.0
2016-07-29,758.81,6777050.0
2016-08-01,767.74,3578205.0
2016-08-02,760.58,3603280.0
2016-08-03,754.64,3581525.0
2016-08-04,760.77,3178208.0
2016-08-05,765.98,2704391.0
2016-08-08,766.56,1986272.0
2016-08-09,768.31,1876091.0
2016-08-10,768.56,1604280.0
2016-08-11,771.24,2019740.0
2016-08-12,772.56,1563318.0
2016-08-15,768.49,2118521.0
2016-08-16,764.04,1604561.0
2016-08-17,764.63,1891116.0
2016-08-18,764.46,1458834.0
2016-08-19,757.31,2343237.0
2016-08-22,759.48,1679251.0
2016-08-23,762.45,1524131.0
2016-08-24,757.25,1744107.0
2016-08-25,759.22,1622992.0
2016-08-26,769.0,2776830.0
2016-08-29,771.29,2198560.0
2016-08-30,767.58,1709158.0
2016-08-31,769.16,1633789.0
2016-09-01,770.62,1792271.0
2016-09-02,772.44,2181792.0
2016-09-06,788.87,3719788.0
2016-09-07,784.48,2424622.0
2016-09-08,784.06,2030511.0
2016-09-09,760.14,4257344.0
2016-09-12,771.49,3124704.0
2016-09-13,761.01,3117224.0
2016-09-14,761.09,2531822.0
2016-09-15,769.69,3043534.0
2016-09-16,778.52,5499182.0
2016-09-19,775.1,2297221.0
2016-09-20,780.22,1937164.0
2016-09-21,789.74,2718644.0
2016-09-22,804.7,4078910.0
2016-09-23,805.75,2353511.0
2016-09-26,799.16,2651397.0
2016-09-27,816.11,3819600.0
2016-09-28,828.72,4422078.0
2016-09-29,829.05,4922248.0
2016-09-30,837.31,4430566.0
2016-10-03,836.74,2769448.0
2016-10-04,834.03,2950314.0
2016-10-05,844.36,3469055.0
2016-10-06,841.66,2684013.0
2016-10-07,839.43,2426228.0
2016-10-10,841.71,1827143.0
2016-10-11,831.0,3588180.0
2016-10-12,834.09,2380416.0
2016-10-13,829.28,3091387.0
2016-10-14,822.96,2999814.0
2016-10-17,812.95,3361492.0
2016-10-18,817.65,2512504.0
2016-10-19,817.69,2090706.0
2016-10-20,810.32,3151954.0
2016-10-21,818.99,2793015.0
2016-10-24,838.09,4060899.0
2016-10-25,835.18,3248358.0
2016-10-26,822.59,3998102.0
2016-10-27,818.36,7406385.0
2016-10-28,776.32,10841073.0
2016-10-31,789.82,5413326.0
2016-11-01,785.41,5305428.0
2016-11-02,765.56,5026504.0
2016-11-03,767.03,3872496.0
2016-11-04,755.05,5122103.0
2016-11-07,784.93,5984354.0
2016-11-08,787.75,3412629.0
2016-11-09,771.88,8562892.0
2016-11-10,742.38,12746994.0
2016-11-11,739.01,6622784.0
2016-11-14,719.07,7321344.0
2016-11-15,743.24,6755785.0
2016-11-16,746.49,3648791.0
2016-11-17,756.4,3690112.0
2016-11-18,760.16,4373408.0
2016-11-21,780.0,4614574.0
2016-11-22,785.33,5311320.0
2016-11-23,780.12,3540263.0
2016-11-25,780.37,1837068.0
2016-11-28,766.77,4438828.0
2016-11-29,762.52,3272344.0
2016-11-30,750.57,4625946.0
2016-12-01,743.65,4665993.0
2016-12-02,740.34,3561307.0
2016-12-05,759.36,4314723.0
2016-12-06,764.72,3794746.0
2016-12-07,770.42,3684906.0
2016-12-08,767.33,3189608.0
2016-12-09,768.66,2470923.0
2016-12-12,760.12,2963945.0
2016-12-13,774.34,5285288.0
2016-12-14,768.82,5454836.0
2016-12-15,761.0,3801927.0
2016-12-16,757.77,4848219.0
2016-12-19,766.0,3113240.0
2016-12-20,771.22,2703629.0
2016-12-21,770.6,2044629.0
2016-12-22,766.34,2543551.0
2016-12-23,760.59,1981616.0
2016-12-27,771.4,2638725.0
2016-12-28,772.13,3301025.0
2016-12-29,765.15,3158299.0
2016-12-30,749.87,4139449.0
2017-01-03,753.67,3521066.0
2017-01-04,757.18,2510526.0
2017-01-05,780.45,5830068.0
2017-01-06,795.99,5986234.0
2017-01-09,796.92,3446109.0
2017-01-10,795.9,2558369.0
2017-01-11,799.02,2992791.0
2017-01-12,813.64,4873922.0
2017-01-13,817.14,3791945.0
2017-01-17,809.72,3670529.0
2017-01-18,807.48,2354201.0
2017-01-19,809.04,2540784.0
2017-01-20,808.33,3376196.0
2017-01-23,817.88,2797474.0
2017-01-24,822.44,2971740.0
2017-01-25,836.52,4023078.0
2017-01-26,839.15,3586323.0
2017-01-27,835.77,2998700.0
2017-01-30,830.38,3747336.0
2017-01-31,823.48,3137196.0
2017-02-01,832.35,3850181.0
2017-02-02,839.95,7350492.0
2017-02-03,810.2,10868773.0
2017-02-06,807.64,3897301.0
2017-02-07,812.5,3466091.0
2017-02-08,819.71,2857985.0
2017-02-09,821.36,2484948.0
2017-02-10,827.46,2429609.0
2017-02-13,836.53,4172618.0
2017-02-14,836.39,2792442.0
2017-02-15,842.7,2968853.0
2017-02-16,844.14,2714667.0
2017-02-17,845.07,3112275.0
2017-02-21,856.44,3507742.0
2017-02-22,855.61,2616971.0
2017-02-23,852.19,3461984.0
2017-02-24,845.24,3687963.0
2017-02-27,848.64,2713627.0
2017-02-28,845.04,2793709.0
2017-03-01,853.08,2760083.0
2017-03-02,848.91,2132098.0
2017-03-03,849.88,1951575.0
2017-03-06,846.61,2610370.0
2017-03-07,846.02,2247554.0
2017-03-08,850.5,2288317.0
2017-03-09,853.0,2048187.0
2017-03-10,852.46,2436434.0
2017-03-13,854.59,1909672.0
2017-03-14,852.53,2130586.0
2017-03-15,852.97,2562176.0
2017-03-16,853.42,1842296.0
2017-03-17,852.31,3384403.0
2017-03-20,856.97,2282727.0
2017-03-21,843.2,4382852.0
2017-03-22,848.06,2658669.0
2017-03-23,847.38,1952964.0
2017-03-24,845.61,2138269.0
2017-03-27,846.82,2755775.0
2017-03-28,856.0,3041633.0
2017-03-29,874.32,4485770.0
2017-03-30,876.34,2762730.0
2017-03-31,886.54,3957612.0
2017-04-03,891.51,3422328.0
2017-04-04,906.83,4984656.0
2017-04-05,909.28,7508370.0
2017-04-06,898.28,6344065.0
2017-04-07,894.88,3707367.0
2017-04-10,907.04,3184301.0
2017-04-11,902.36,3012743.0
2017-04-12,896.23,2456140.0
2017-04-13,884.67,3174583.0
2017-04-17,901.99,2854673.0
2017-04-18,903.78,2999238.0
2017-04-19,899.2,2870242.0
2017-04-20,902.06,2814441.0
2017-04-21,898.53,2420494.0
2017-04-24,907.41,3118123.0
2017-04-25,907.62,3367734.0
2017-04-26,909.29,2562595.0
2017-04-27,918.38,4255693.0
2017-04-28,924.99,7278819.0
2017-05-01,948.23,5415793.0
2017-05-02,946.94,3800912.0
2017-05-03,941.03,3544234.0
2017-05-04,937.53,2380874.0
2017-05-05,934.15,2856585.0
2017-05-08,949.04,3370672.0
2017-05-09,952.82,3230630.0
2017-05-10,948.95,2083441.0
2017-05-11,947.62,2135393.0
2017-05-12,961.35,3605620.0
2017-05-15,957.97,4245856.0
2017-05-16,966.07,3050005.0
2017-05-17,944.76,5073254.0
2017-05-18,958.49,3876816.0
2017-05-19,959.84,3846299.0
2017-05-22,970.67,2613805.0
2017-05-23,971.54,2395510.0
2017-05-24,980.35,2407995.0
2017-05-25,993.38,4737390.0
2017-05-26,995.78,3394090.0
2017-05-30,996.7,3245760.0
2017-05-31,994.62,3912535.0
2017-06-01,995.95,2384298.0
2017-06-02,1006.73,3714954.0
2017-06-05,1011.34,2676857.0
2017-06-06,1003.0,3298378.0
2017-06-07,1010.07,2779551.0
2017-06-08,1010.27,2724408.0
2017-06-09,978.31,7647692.0
2017-06-12,964.91,9393802.0
2017-06-13,980.79,4533933.0
2017-06-14,976.47,3943670.0
2017-06-15,964.17,5202147.0
2017-06-16,987.71,11314754.0
2017-06-19,995.17,4967600.0
2017-06-20,992.59,4040990.0
2017-06-21,1002.23,2892563.0
2017-06-22,1001.3,2221035.0
2017-06-23,1003.74,2645973.0
2017-06-26,993.98,3347195.0
2017-06-27,976.78,3735360.0
2017-06-28,990.33,3708638.0
2017-06-29,975.93,4246765.0
2017-06-30,968.0,3309138.0
2017-07-03,953.66,2908267.0
2017-07-05,971.4,3587645.0
2017-07-06,965.14,3229378.0
2017-07-07,978.76,2582645.0
2017-07-10,996.47,3462884.0
2017-07-11,994.13,2947479.0
2017-07-12,1006.51,3491988.0
2017-07-13,1000.63,2864533.0
2017-07-14,1001.81,2066362.0
2017-07-17,1010.04,3636801.0
2017-07-18,1024.45,3957892.0
2017-07-19,1026.87,2936902.0
2017-07-20,1028.7,2964341.0
2017-07-21,1025.67,2677517.0
2017-07-24,1038.95,3212499.0
2017-07-25,1039.87,2432328.0
2017-07-26,1052.8,2828980.0
2017-07-27,1046.0,9905158.0
2017-07-28,1020.04,7624498.0
2017-07-31,987.78,7246638.0
2017-08-01,992.27,4421395.0
2017-08-02,995.89,4017780.0
2017-08-03,986.92,3203134.0
2017-08-04,987.58,2704026.0
2017-08-07,992.27,2676607.0
2017-08-08,989.84,2847527.0
2017-08-09,982.01,3434077.0
2017-08-10,956.92,5560388.0
2017-08-11,967.99,3431423.0
2017-08-14,983.3,3008007.0
2017-08-15,982.74,2513139.0
2017-08-16,978.18,3096051.0
2017-08-17,960.57,3396045.0
2017-08-18,958.47,3248677.0
2017-08-21,953.29,3008450.0
2017-08-22,966.9,2718261.0
2017-08-23,958.0,2590245.0
2017-08-24,952.45,5086748.0
2017-08-25,945.26,3292776.0
2017-08-28,946.02,2529087.0
2017-08-29,954.06,2853972.0
2017-08-30,967.59,2860718.0
2017-08-31,980.6,3280945.0
2017-09-01,978.25,2423132.0
2017-09-05,965.27,2875228.0
2017-09-06,967.8,2106605.0
2017-09-07,979.47,2536000.0
2017-09-08,965.9,2578269.0
2017-09-11,977.96,2134582.0
2017-09-12,982.58,2444699.0
2017-09-13,999.6,3314978.0
2017-09-14,992.21,3788472.0
2017-09-15,986.79,3697742.0
2017-09-18,974.19,3376772.0
2017-09-19,969.86,2614059.0
2017-09-20,973.21,2727355.0
2017-09-21,964.65,2252940.0
2017-09-22,955.1,2602418.0
2017-09-25,939.79,5065542.0
2017-09-26,938.6,3464183.0
2017-09-27,950.87,3111263.0
2017-09-28,956.4,2512567.0
2017-09-29,961.35,2411643.0
2017-10-02,959.19,2415846.0
2017-10-03,957.1,2643484.0
2017-10-04,965.45,2460721.0
2017-10-05,980.85,3119487.0
2017-10-06,989.58,3719840.0
2017-10-09,990.99,2927994.0
2017-10-10,987.2,3062820.0
2017-10-11,995.0,2310872.0
2017-10-12,1000.93,4056172.0
2017-10-13,1002.94,2399403.0
2017-10-16,1006.34,1991556.0
2017-10-17,1009.13,2307075.0
2017-10-18,997.0,2477357.0
2017-10-19,986.61,3040066.0
2017-10-20,982.91,2294145.0
2017-10-23,966.3,3465469.0
2017-10-24,975.9,2666782.0
2017-10-25,972.91,2969295.0
2017-10-26,972.43,3670282.0
2017-10-27,1100.95,16360527.0
2017-10-30,1110.85,6516639.0
2017-10-31,1105.28,3428461.0
2017-11-01,1103.68,3723680.0
2017-11-02,1094.22,3658748.0
2017-11-03,1111.6,3685172.0
2017-11-06,1120.66,3313857.0
2017-11-07,1123.17,2623474.0
2017-11-08,1132.88,2581451.0
2017-11-09,1129.13,3661411.0
2017-11-10,1125.35,2162985.0
2017-11-13,1129.17,2897563.0
2017-11-14,1136.84,3042295.0
2017-11-15,1126.69,3897230.0
2017-11-16,1137.29,2190456.0
2017-11-17,1129.88,2333554.0
2017-11-20,1126.31,2134381.0
2017-11-21,1139.49,2449503.0
2017-11-22,1156.16,3516336.0
2017-11-24,1186.0,3526582.0
2017-11-27,1195.83,6701343.0
2017-11-28,1193.6,4463476.0
2017-11-29,1161.27,9239087.0
2017-11-30,1176.75,4470183.0
2017-12-01,1162.35,4070722.0
2017-12-04,1133.95,5872358.0
2017-12-05,1141.57,4033184.0
2017-12-06,1152.35,2756730.0
2017-12-07,1159.79,2408323.0
2017-12-08,1162.0,2957785.0
2017-12-11,1168.92,2257922.0
2017-12-12,1165.08,2197697.0
2017-12-13,1164.13,2555053.0
2017-12-14,1174.26,3069993.0
2017-12-15,1179.14,4539895.0
2017-12-18,1190.58,2767271.0
2017-12-19,1187.38,2555235.0
2017-12-20,1177.62,2318916.0
2017-12-21,1174.76,2042448.0
2017-12-22,1168.36,1553997.0
2017-12-26,1176.76,1964871.0
2017-12-27,1182.26,1779382.0
2017-12-28,1186.1,1803460.0
2017-12-29,1169.47,2625283.0
2018-01-02,1189.01,2587899.0
2018-01-03,1204.2,3044664.0
2018-01-04,1209.59,3000366.0
2018-01-05,1229.14,3430148.0
2018-01-08,1246.87,4177533.0
2018-01-09,1252.7,3646681.0
2018-01-10,1254.33,2659507.0
2018-01-11,1276.68,3075315.0
2018-01-12,1305.2,5360681.0
2018-01-16,1304.86,7111172.0
2018-01-17,1295.0,5166748.0
2018-01-18,1293.32,3941007.0
2018-01-19,1294.58,4395070.0
2018-01-22,1327.31,3970151.0
2018-01-23,1362.54,5056764.0
2018-01-24,1357.51,6730084.0
2018-01-25,1377.95,4621862.0
2018-01-26,1402.05,4584082.0
2018-01-29,1417.68,5628992.0
2018-01-30,1437.82,5736512.0
2018-01-31,1450.89,6220396.0
2018-02-01,1390.0,7812953.0
2018-02-02,1429.95,10915962.0
2018-02-05,1390.0,10756332.0
2018-02-06,1442.84,10773963.0
2018-02-07,1416.78,7066828.0
2018-02-08,1350.5,8108560.0
2018-02-09,1339.6,13787886.0
2018-02-12,1386.23,6682214.0
2018-02-13,1414.51,5858860.0
2018-02-14,1451.05,5881238.0
2018-02-15,1461.76,5598111.0
2018-02-16,1448.69,4410879.0
2018-02-20,1468.35,6388374.0
2018-02-21,1482.92,6216694.0
2018-02-22,1485.34,4732555.0
2018-02-23,1500.0,4327008.0
2018-02-26,1521.95,4909053.0
2018-02-27,1511.98,4708378.0
2018-02-28,1512.45,4426580.0
2018-03-01,1493.45,6835230.0
2018-03-02,1500.25,6587564.0
2018-03-05,1523.61,5233934.0
2018-03-06,1537.64,4561718.0
2018-03-07,1545.0,4174123.0
2018-03-08,1551.86,3512528.0
2018-03-09,1578.89,4417059.0
2018-03-12,1598.39,5115886.0
2018-03-13,1588.18,6427066.0
2018-03-14,1591.0,4164395.0
2018-03-15,1582.32,4026744.0
2018-03-16,1571.68,5145054.0
2018-03-19,1544.93,6376619.0
2018-03-20,1586.51,4507049.0
2018-03-21,1581.86,4667291.0
2018-03-22,1544.92,6177737.0
2018-03-23,1495.56,7843966.0
2018-03-26,1555.86,5547618.0
2018-03-27,1497.05,6793279.0
2018-03-28,1431.42,13705317.0
2018-03-29,1447.34,12581121.0
2018-04-02,1371.99,10463607.0
2018-04-03,1392.05,10231212.0
2018-04-04,1410.57,6982305.0
2018-04-05,1451.75,6413459.0
2018-04-06,1405.23,5882257.0
2018-04-09,1406.08,4208206.0
2018-04-10,1436.22,4280144.0
2018-04-11,1427.05,3582533.0
2018-04-12,1448.5,3135027.0
2018-04-13,1430.79,3685267.0
2018-04-16,1441.5,2808624.0
2018-04-17,1503.83,5114403.0
2018-04-18,1527.84,5227509.0
2018-04-19,1556.91,6523728.0
2018-04-20,1527.49,5541622.0
2018-04-23,1517.86,4465424.0
2018-04-24,1460.09,7494699.0
2018-04-25,1460.17,6587290.0
2018-04-26,1517.96,8801101.0
2018-04-27,1572.62,13053241.0
2018-04-30,1566.13,5464085.0
2018-05-01,1582.26,4572071.0
2018-05-02,1569.68,4360273.0
2018-05-03,1572.08,4251917.0
2018-05-04,1580.95,3443567.0
2018-05-07,1600.14,3801855.0
2018-05-08,1592.39,3067949.0
2018-05-09,1608.0,3637302.0
2018-05-10,1609.08,2817450.0
2018-05-11,1602.91,2263900.0
2018-05-14,1601.54,2509483.0
2018-05-15,1576.12,5077465.0
2018-05-16,1587.28,2570572.0
2018-05-17,1581.76,2147606.0
2018-05-18,1574.37,2642584.0
2018-05-21,1585.46,2925235.0
2018-05-22,1581.4,2115639.0
2018-05-23,1601.86,3361892.0
2018-05-24,1603.07,3429975.0
2018-05-25,1610.15,2698400.0
2018-05-29,1612.87,3846477.0
2018-05-30,1624.89,2907357.0
2018-05-31,1629.62,3166330.0
2018-06-01,1641.54,3313385.0
2018-06-04,1665.27,3187737.0
2018-06-05,1696.35,4782177.0
2018-06-06,1695.75,5473213.0
2018-06-07,1689.3,3765687.0
2018-06-08,1683.99,2955110.0
2018-06-11,1689.12,2335484.0
2018-06-12,1698.75,2259215.0
2018-06-13,1704.86,3327529.0
2018-06-14,1723.86,3174415.0
2018-06-15,1715.97,4777646.0
2018-06-18,1723.79,3107742.0
2018-06-19,1734.78,4290117.0
2018-06-20,1750.08,4332591.0
2018-06-21,1730.22,4941148.0
2018-06-22,1715.67,4075124.0
2018-06-25,1663.15,7511196.0
2018-06-26,1691.09,4386585.0
2018-06-27,1660.51,4872201.0
2018-06-28,1701.45,4529700.0
2018-06-29,1699.8,4543508.0
2018-07-02,1713.78,3185696.0
2018-07-03,1693.96,2177276.0
2018-07-05,1699.73,2983110.0
2018-07-06,1710.63,2650262.0
2018-07-09,1739.02,3011988.0
2018-07-10,1743.07,3002905.0
2018-07-11,1755.0,3209782.0
2018-07-12,1796.62,4532743.0
2018-07-13,1813.03,4386679.0
2018-07-16,1822.49,5466195.0
2018-07-17,1843.93,5682881.0
2018-07-18,1842.92,4861913.0
2018-07-19,1812.97,4676942.0
2018-07-20,1813.7,3891566.0
2018-07-23,1802.0,3888462.0
2018-07-24,1829.24,4278723.0
2018-07-25,1863.61,3836333.0
2018-07-26,1808.0,9924371.0
2018-07-27,1817.27,9680959.0
2018-07-30,1779.22,6562321.0
2018-07-31,1777.44,5738713.0
2018-08-01,1797.17,4153096.0
2018-08-02,1834.33,4354681.0
2018-08-03,1823.29,3460487.0
2018-08-06,1847.75,3391825.0
2018-08-07,1862.48,3377473.0
2018-08-08,1886.52,3963017.0
2018-08-09,1898.52,4860374.0
2018-08-10,1886.3,3639927.0
2018-08-13,1896.2,5531475.0
2018-08-14,1919.65,3986123.0
2018-08-15,1882.62,7700682.0
2018-08-16,1886.52,3957090.0
2018-08-17,1882.22,4104300.0
2018-08-20,1876.71,2862016.0
2018-08-21,1883.42,3105626.0
2018-08-22,1904.9,3080464.0
2018-08-23,1902.9,3562997.0
2018-08-24,1905.39,2800863.0
2018-08-27,1927.68,3569037.0
2018-08-28,1932.82,3100727.0
2018-08-29,1998.1,6531761.0
2018-08-30,2002.38,7277257.0
2018-08-31,2012.71,4204378.0
2018-09-04,2039.51,5721093.0
2018-09-05,1994.82,8220576.0
2018-09-06,1958.31,7488680.0
2018-09-07,1952.07,4892643.0
2018-09-10,1939.01,4544831.0
2018-09-11,1987.15,5033645.0
2018-09-12,1990.0,4414012.0
2018-09-13,1989.87,3621511.0
2018-09-14,1970.19,3642030.0
2018-09-17,1908.03,7050192.0
2018-09-18,1941.05,4268706.0
2018-09-19,1926.42,4056822.0
2018-09-20,1944.3,3154934.0
2018-09-21,1915.01,6855898.0
2018-09-24,1934.36,4213728.0
2018-09-25,1974.55,4538407.0
2018-09-26,1974.85,4313459.0
2018-09-27,2012.98,4329391.0
2018-09-28,2003.0,4085135.0
2018-10-01,2004.36,3468285.0
2018-10-02,1971.31,5400749.0
2018-10-03,1952.76,5253131.0
2018-10-04,1909.42,7256973.0
2018-10-05,1889.65,6822327.0
2018-10-08,1864.42,7393199.0
2018-10-09,1870.32,4772866.0
2018-10-10,1755.25,10988855.0
2018-10-11,1719.36,13935872.0
2018-10-12,1788.61,9444587.0
2018-10-15,1760.95,6437162.0
2018-10-16,1819.96,5859918.0
2018-10-17,1831.73,5295177.0
2018-10-18,1770.72,5873995.0
2018-10-19,1764.03,5907246.0
2018-10-22,1789.3,4500015.0
2018-10-23,1768.7,6723913.0
2018-10-24,1664.2,6928383.0
2018-10-25,1782.17,10285742.0
2018-10-26,1642.81,14963783.0
2018-10-29,1538.88,13866077.0
2018-10-30,1530.42,12460086.0
2018-10-31,1598.01,9390211.0
2018-11-01,1665.53,8135539.0
2018-11-02,1665.53,6955548.0
2018-11-05,1627.8,5624727.0
2018-11-06,1642.81,4257353.0
2018-11-07,1755.49,8192234.0
2018-11-08,1754.91,6534866.0
2018-11-09,1712.43,5902186.0
2018-11-12,1636.85,6806245.0
2018-11-13,1631.17,5933271.0
2018-11-14,1599.01,6486891.0
2018-11-15,1619.44,8427337.0
2018-11-16,1593.41,6066080.0
2018-11-19,1512.29,7789981.0
2018-11-20,1495.46,10878823.0
2018-11-21,1516.73,5716800.0
2018-11-23,1502.06,2707642.0
2018-11-26,1581.33,6257716.0
2018-11-27,1581.42,5783227.0
2018-11-28,1677.75,8458738.0
2018-11-29,1673.57,6613243.0
2018-11-30,1690.17,5761761.0
2018-12-03,1772.36,6862160.0
2018-12-04,1668.4,8694455.0
2018-12-06,1699.19,8789394.0
2018-12-07,1629.13,7576132.0
2018-12-10,1641.03,7494808.0
2018-12-11,1643.24,6244695.0
2018-12-12,1663.54,6597968.0
2018-12-13,1658.38,5271162.0
2018-12-14,1591.91,6367163.0
2018-12-17,1520.91,8829762.0
2018-12-18,1551.48,6522975.0
2018-12-19,1495.08,8792189.0
2018-12-20,1460.83,9991833.0
2018-12-21,1377.45,13640320.0
2018-12-24,1343.96,7219996.0
2018-12-26,1470.9,10411801.0
2018-12-27,1461.64,9722034.0
2018-12-28,1478.02,8828950.0
2018-12-31,1501.97,6954507.0
2019-01-02,1539.13,7983103.0
2019-01-03,1500.28,6975572.0
2019-01-04,1575.39,9182575.0
2019-01-07,1629.51,7993213.0
2019-01-08,1656.58,8881428.0
2019-01-09,1659.42,6348801.0
2019-01-10,1656.22,6507693.0
2019-01-11,1640.56,4686222.0
2019-01-14,1617.21,6005888.0
2019-01-15,1674.56,5998510.0
2019-01-16,1683.78,6366864.0
2019-01-17,1693.22,4208875.0
2019-01-18,1696.2,6020503.0
2019-01-22,1632.17,6416796.0
2019-01-23,1640.02,5225212.0
2019-01-24,1654.93,4089943.0
2019-01-25,1670.57,4959679.0
2019-01-28,1637.89,4837711.0
2019-01-29,1593.88,4632782.0
2019-01-30,1670.43,5783822.0
2019-01-31,1718.73,10910338.0
2019-02-01,1626.23,11506213.0
2019-02-04,1633.31,4929187.0
2019-02-05,1658.81,4453105.0
2019-02-06,1640.26,3939883.0
2019-02-07,1614.37,4626589.0
2019-02-08,1588.22,5657457.0
2019-02-11,1591.0,3317328.0
2019-02-12,1638.01,4858604.0
2019-02-13,1640.0,3560321.0
2019-02-14,1622.65,4120524.0
2019-02-15,1607.95,4343893.0
2019-02-19,1627.58,3681656.0
2019-02-20,1622.1,3337589.0
2019-02-21,1619.44,3483392.0
2019-02-22,1631.56,3096191.0
2019-02-25,1633.0,3184462.0
2019-02-26,1636.4,2665815.0
2019-02-27,1641.09,3148824.0
2019-02-28,1639.83,3025891.0
2019-03-01,1671.73,4974877.0
2019-03-04,1696.17,6167358.0
2019-03-05,1692.43,3681522.0
2019-03-06,1668.95,3996001.0
2019-03-07,1625.95,4957017.0
2019-03-08,1620.8,4667014.0
2019-03-11,1670.62,3876352.0
2019-03-12,1673.1,3614498.0
2019-03-13,1690.81,3552041.0
2019-03-14,1686.22,2946618.0
2019-03-15,1712.36,7550870.0
2019-03-18,1742.15,5429058.0
2019-03-19,1761.85,6364161.0
2019-03-20,1797.27,6265633.0
2019-03-21,1819.26,5767797.0
2019-03-22,1764.77,6362983.0
2019-03-25,1774.26,5103803.0
2019-03-26,1783.76,4865880.0
2019-03-27,1765.7,4324801.0
2019-03-28,1773.42,3042958.0
2019-03-29,1780.75,3320793.0
2019-04-01,1814.19,4238752.0
2019-04-02,1813.98,3448115.0
2019-04-03,1820.7,3980590.0
2019-04-04,1818.86,3623867.0
2019-04-05,1837.28,3640476.0
2019-04-08,1849.86,3752841.0
2019-04-09,1835.84,3714368.0
2019-04-10,1847.33,2963973.0
2019-04-11,1844.07,2654842.0
2019-04-12,1843.06,3114413.0
2019-04-15,1844.87,3724423.0
2019-04-16,1863.04,3044618.0
2019-04-17,1864.82,2893517.0
2019-04-18,1861.69,2749882.0
2019-04-22,1887.31,3373807.0
2019-04-23,1923.77,4640441.0
2019-04-24,1901.75,3675781.0
2019-04-25,1902.25,6099101.0
2019-04-26,1950.63,8432563.0
2019-04-29,1938.43,4021255.0
2019-04-30,1926.52,3506007.0
2019-05-01,1911.52,3116964.0
2019-05-02,1900.82,3962915.0
2019-05-03,1962.46,6381564.0
2019-05-06,1950.55,5417841.0
2019-05-07,1921.0,5902134.0
2019-05-08,1917.77,4078568.0
2019-05-09,1899.87,5308263.0
2019-05-10,1889.98,5717994.0
2019-05-13,1822.68,5783410.0
2019-05-14,1840.12,4629107.0
2019-05-15,1871.15,4692642.0
2019-05-16,1907.57,4707822.0
2019-05-17,1869.0,4736618.0
2019-05-20,1858.97,3798198.0
2019-05-21,1857.52,4005122.0
2019-05-22,1859.68,2936601.0
2019-05-23,1815.48,4424265.0
2019-05-24,1823.28,3369673.0
2019-05-28,1836.43,3199965.0
2019-05-29,1819.19,4279025.0
2019-05-30,1816.32,3146850.0
2019-05-31,1775.07,4618819.0
2019-06-03,1692.69,9098708.0
2019-06-04,1729.56,5679121.0
2019-06-05,1738.5,4239782.0
2019-06-06,1754.36,3689272.0
2019-06-07,1804.03,4808246.0
2019-06-10,1860.63,5371007.0
2019-06-11,1863.7,4042694.0
2019-06-12,1855.32,2678335.0
2019-06-13,1870.3,2795810.0
2019-06-14,1869.67,2851163.0
2019-06-17,1886.03,2634342.0
2019-06-18,1901.37,3895728.0
2019-06-19,1908.79,2895347.0
2019-06-20,1918.19,3217153.0
2019-06-21,1911.3,3933576.0
2019-06-24,1913.9,2282969.0
2019-06-25,1878.27,3012347.0
2019-06-26,1897.83,2441910.0
2019-06-27,1904.28,2141721.0
2019-06-28,1893.63,3037358.0
2019-07-01,1922.19,3203347.0
2019-07-02,1934.31,2651299.0
2019-07-03,1939.0,1690294.0
2019-07-05,1942.91,2628359.0
2019-07-08,1952.32,2883371.0
2019-07-09,1988.3,4345698.0
2019-07-10,2017.41,4931902.0
2019-07-11,2001.07,4317766.0
2019-07-12,2011.0,2509297.0
2019-07-15,2020.99,2981343.0
2019-07-16,2009.9,2618198.0
2019-07-17,1992.03,2558809.0
2019-07-18,1977.9,3504252.0
2019-07-19,1964.52,3185612.0
2019-07-22,1985.63,2908111.0
2019-07-23,1994.49,2703480.0
2019-07-24,2000.81,2631300.0
2019-07-25,1973.82,4136394.0
2019-07-26,1943.05,4919870.0
