date,Close,Volume
2009-01-02,321.32,7213700.0
2009-01-05,328.05,9768200.0
2009-01-06,334.06,12837500.0
2009-01-07,322.01,8980000.0
2009-01-08,325.19,7194100.0
2009-01-09,315.07,8672300.0
2009-01-12,312.69,6601900.0
2009-01-13,314.32,8856100.0
2009-01-14,300.97,10924800.0
2009-01-15,298.99,11857100.0
2009-01-16,299.67,10438300.0
2009-01-20,282.75,10086300.0
2009-01-21,303.08,9839100.0
2009-01-22,306.5,16517400.0
2009-01-23,324.7,21444100.0
2009-01-26,323.87,9212100.0
2009-01-27,331.48,9844700.0
2009-01-28,348.67,15367400.0
2009-01-29,343.32,14553000.0
2009-01-30,338.53,9334600.0
2009-02-02,340.57,10403300.0
2009-02-03,340.45,13099800.0
2009-02-04,343.0,13621100.0
2009-02-05,353.72,14514200.0
2009-02-06,371.28,14062100.0
2009-02-09,378.77,9944600.0
2009-02-10,358.51,14193100.0
2009-02-11,358.04,10452700.0
2009-02-12,363.05,11089400.0
2009-02-13,357.68,8285100.0
2009-02-17,342.66,11349400.0
2009-02-18,353.11,12036900.0
2009-02-19,342.64,9967400.0
2009-02-20,346.45,12421700.0
2009-02-23,330.06,10431700.0
2009-02-24,345.45,12179600.0
2009-02-25,341.64,12865300.0
2009-02-26,337.18,11199900.0
2009-02-27,337.99,10829100.0
2009-03-02,327.16,11565400.0
2009-03-03,325.48,13036500.0
2009-03-04,318.92,15621100.0
2009-03-05,305.64,13046700.0
2009-03-06,308.57,14453900.0
2009-03-09,290.89,12929600.0
2009-03-10,308.17,13446900.0
2009-03-11,317.91,11835300.0
2009-03-12,323.53,10038100.0
2009-03-13,324.42,7804900.0
2009-03-16,319.69,9883700.0
2009-03-17,335.34,9415500.0
2009-03-18,333.1,10014300.0
2009-03-19,329.94,8214100.0
2009-03-20,330.16,9466300.0
2009-03-23,348.601,8534400.0
2009-03-24,347.32,7632300.0
2009-03-25,344.07,8663900.0
2009-03-26,353.29,11994500.0
2009-03-27,347.7,6638900.0
2009-03-30,342.69,6182000.0
2009-03-31,348.06,7303200.0
2009-04-01,354.09,6595700.0
2009-04-02,362.5,8967000.0
2009-04-03,369.78,7572000.0
2009-04-06,368.24,6554000.0
2009-04-07,358.65,7352800.0
2009-04-08,362.0,5524800.0
2009-04-09,372.5,6758400.0
2009-04-13,378.11,6094000.0
2009-04-14,368.91,6850300.0
2009-04-15,379.5,9851500.0
2009-04-16,388.74,20349800.0
2009-04-17,392.24,21440100.0
2009-04-20,379.3,8848900.0
2009-04-21,381.47,7383400.0
2009-04-22,383.86,6996500.0
2009-04-23,384.69,5212700.0
2009-04-24,389.49,6764000.0
2009-04-27,385.95,4576600.0
2009-04-28,383.71,5881300.0
2009-04-29,391.47,7212700.0
2009-04-30,395.97,8702600.0
2009-05-01,393.69,4850500.0
2009-05-04,401.9793,6399500.0
2009-05-05,402.99,4796700.0
2009-05-06,403.47,5260500.0
2009-05-07,396.61,5993600.0
2009-05-08,407.33,7722400.0
2009-05-11,407.98,5113400.0
2009-05-12,399.01,7574000.0
2009-05-13,389.54,5679900.0
2009-05-14,387.5,5868100.0
2009-05-15,390.0,6011300.0
2009-05-18,396.84,6696600.0
2009-05-19,398.88,5669300.0
2009-05-20,397.18,4563400.0
2009-05-21,396.5,5434100.0
2009-05-22,393.5,3433700.0
2009-05-26,404.36,6202700.0
2009-05-27,405.56,6062500.0
2009-05-28,410.4,5332200.0
2009-05-29,417.23,5291100.0
2009-06-01,426.56,6638100.0
2009-06-02,428.4,5241900.0
2009-06-03,431.65,7058500.0
2009-06-04,440.28,7268900.0
2009-06-05,444.32,7354200.0
2009-06-08,438.77,6191200.0
2009-06-09,435.62,6503200.0
2009-06-10,432.6,6711000.0
2009-06-11,429.0,5724600.0
2009-06-12,424.84,5830900.0
2009-06-15,416.77,7466300.0
2009-06-16,416.0,6093300.0
2009-06-17,415.16,6973200.0
2009-06-18,414.06,6164200.0
2009-06-19,420.09,8509600.0
2009-06-22,407.35,8240500.0
2009-06-23,405.68,5793400.0
2009-06-24,409.29,4910600.0
2009-06-25,415.77,6082900.0
2009-06-26,425.32,6506800.0
2009-06-29,424.14,4334200.0
2009-06-30,421.59,5182600.0
2009-07-01,418.99,4616900.0
2009-07-02,408.49,5030100.0
2009-07-06,409.61,4520600.0
2009-07-07,396.63,6512000.0
2009-07-08,402.49,6875500.0
2009-07-09,410.39,6544600.0
2009-07-10,414.4,5847300.0
2009-07-13,424.3,8083300.0
2009-07-14,424.69,5785800.0
2009-07-15,438.17,7546400.0
2009-07-16,442.6,13095800.0
2009-07-17,430.25,13694400.0
2009-07-20,430.17,6300600.0
2009-07-21,427.9,5930400.0
2009-07-22,427.69,5168200.0
2009-07-23,437.342,6949400.0
2009-07-24,446.72,7246500.0
2009-07-27,444.8,5003700.0
2009-07-28,439.85,5059900.0
2009-07-29,436.24,3970000.0
2009-07-30,445.64,6390800.0
2009-07-31,443.05,5715000.0
2009-08-03,452.21,5175400.0
2009-08-04,453.734,4774800.0
2009-08-05,451.14,4679300.0
2009-08-06,450.36,4217500.0
2009-08-07,457.1,5081100.0
2009-08-10,456.61,3480500.0
2009-08-11,453.936,3421500.0
2009-08-12,458.58,4678100.0
2009-08-13,462.28,3986400.0
2009-08-14,460.0,3346800.0
2009-08-17,444.89,5235100.0
2009-08-18,445.28,4697400.0
2009-08-19,443.97,4505400.0
2009-08-20,460.41,7989800.0
2009-08-21,465.24,7113800.0
2009-08-24,468.73,4901800.0
2009-08-25,471.37,4677300.0
2009-08-26,468.0,3971600.0
2009-08-27,466.06,3993800.0
2009-08-28,464.75,3539600.0
2009-08-31,461.67,3911800.0
2009-09-01,455.761,5184600.0
2009-09-02,453.01,3605900.0
2009-09-03,457.52,3289100.0
2009-09-04,461.3,2995400.0
2009-09-08,458.62,5308000.0
2009-09-09,463.97,4386400.0
2009-09-10,470.94,5064100.0
2009-09-11,472.14,3801900.0
2009-09-14,475.12,3947400.0
2009-09-15,477.54,4791400.0
2009-09-16,488.29,5165400.0
2009-09-17,491.72,8957200.0
2009-09-18,491.46,6560400.0
2009-09-21,497.0,4228500.0
2009-09-22,499.06,6076300.0
2009-09-23,498.46,5402900.0
2009-09-24,496.77,5050100.0
2009-09-25,492.48,4095100.0
2009-09-28,498.53,3674900.0
2009-09-29,498.53,4194200.0
2009-09-30,495.85,6277100.0
2009-10-01,487.2,5620700.0
2009-10-02,484.58,5196300.0
2009-10-05,488.52,4284900.0
2009-10-06,498.74,5459100.0
2009-10-07,517.54,9738600.0
2009-10-08,514.18,8598900.0
2009-10-09,516.25,5470700.0
2009-10-12,524.04,6637700.0
2009-10-13,526.11,6068700.0
2009-10-14,535.32,6510200.0
2009-10-15,529.91,12188500.0
2009-10-16,549.85,17666100.0
2009-10-19,552.09,6429300.0
2009-10-20,551.72,8079300.0
2009-10-21,551.1,7333800.0
2009-10-22,554.09,4668300.0
2009-10-23,553.69,4780600.0
2009-10-26,554.21,5934800.0
2009-10-27,548.29,6426500.0
2009-10-28,540.3,5130400.0
2009-10-29,551.05,5040100.0
2009-10-30,536.12,6930000.0
2009-11-02,533.99,6397700.0
2009-11-03,537.29,4755600.0
2009-11-04,540.33,4660700.0
2009-11-05,548.65,3691700.0
2009-11-06,551.1,3649700.0
2009-11-09,562.51,5294500.0
2009-11-10,566.76,4457100.0
2009-11-11,570.56,4634700.0
2009-11-12,567.85,3768800.0
2009-11-13,572.05,3330200.0
2009-11-16,576.28,4394000.0
2009-11-17,577.49,3829500.0
2009-11-18,576.65,3096100.0
2009-11-19,572.99,4331600.0
2009-11-20,569.964,4008300.0
2009-11-23,582.35,5089900.0
2009-11-24,583.09,3207100.0
2009-11-25,585.74,2919400.0
2009-11-27,579.76,2766400.0
2009-11-30,583.0,3446700.0
2009-12-01,589.87,4635900.0
2009-12-02,587.51,3323000.0
2009-12-03,585.74,2854500.0
2009-12-04,585.01,5022100.0
2009-12-07,586.25,3269100.0
2009-12-08,587.05,3044900.0
2009-12-09,589.02,3558400.0
2009-12-10,591.5,3333200.0
2009-12-11,590.51,3436500.0
2009-12-14,595.73,3822900.0
2009-12-15,593.14,4556200.0
2009-12-16,597.76,5613100.0
2009-12-17,593.94,5272300.0
2009-12-18,596.42,7055900.0
2009-12-21,598.68,5137200.0
2009-12-22,601.12,3757800.0
2009-12-23,611.68,4141200.0
2009-12-24,618.48,1715600.0
2009-12-28,622.87,3392400.0
2009-12-29,619.4,2846700.0
2009-12-30,622.73,2928200.0
2009-12-31,619.98,2437100.0
2010-01-04,626.75,3908400.0
2010-01-05,623.99,6003300.0
2010-01-06,608.26,7949400.0
2010-01-07,594.1,12815700.0
2010-01-08,602.02,9439100.0
2010-01-11,601.11,14411300.0
2010-01-12,590.48,9696800.0
2010-01-13,587.09,12980200.0
2010-01-14,589.85,8471700.0
2010-01-15,580.0,10858100.0
2010-01-19,587.62,8624700.0
2010-01-20,580.41,6494800.0
2010-01-21,582.98,12602700.0
2010-01-22,550.01,13587100.0
2010-01-25,540.0,8830900.0
2010-01-26,542.42,8702200.0
2010-01-27,542.1,7920800.0
2010-01-28,534.29,6451700.0
2010-01-29,529.944,8272700.0
2010-02-01,533.02,4497000.0
2010-02-02,531.12,8184200.0
2010-02-03,540.82,5992200.0
2010-02-04,526.778,6748600.0
2010-02-05,531.29,6305600.0
2010-02-08,533.47,5383200.0
2010-02-09,536.44,5633500.0
2010-02-10,534.445,5343600.0
2010-02-11,536.4,4815100.0
2010-02-12,533.12,4554800.0
2010-02-16,541.3,7301400.0
2010-02-17,538.207,4055300.0
2010-02-18,543.22,4669100.0
2010-02-19,540.763,5101000.0
2010-02-22,542.8,4284900.0
2010-02-23,535.07,5739400.0
2010-02-24,531.47,4648500.0
2010-02-25,526.43,6611700.0
2010-02-26,526.8,4094500.0
2010-03-01,532.69,4471300.0
2010-03-02,541.06,8704800.0
2010-03-03,545.32,6172600.0
2010-03-04,554.59,6361200.0
2010-03-05,564.21,7816500.0
2010-03-08,562.48,4768000.0
2010-03-09,560.19,6346800.0
2010-03-10,576.45,11298400.0
2010-03-11,581.14,8458100.0
2010-03-12,579.54,5501200.0
2010-03-15,563.18,9298400.0
2010-03-16,565.2,6856100.0
2010-03-17,565.56,6636500.0
2010-03-18,566.4,3550800.0
2010-03-19,560.0,9578800.0
2010-03-22,557.5,8001500.0
2010-03-23,549.0,10991500.0
2010-03-24,557.33,13117200.0
2010-03-25,562.88,7853900.0
2010-03-26,562.69,5387000.0
2010-03-29,562.45,6202700.0
2010-03-30,566.71,3951800.0
2010-03-31,567.12,6055500.0
2010-04-01,568.8,4201100.0
2010-04-05,571.01,3799100.0
2010-04-06,568.22,4116000.0
2010-04-07,563.54,5156800.0
2010-04-08,567.49,3891100.0
2010-04-09,566.22,4109000.0
2010-04-12,572.73,4700000.0
2010-04-13,586.77,7816700.0
2010-04-14,589.0,6798500.0
2010-04-15,595.3,13510000.0
2010-04-16,550.145,24446500.0
2010-04-19,550.1,7780200.0
2010-04-20,555.04,5948800.0
2010-04-21,554.3,4778200.0
2010-04-22,547.06,6554800.0
2010-04-23,544.99,4174600.0
2010-04-26,531.64,8728800.0
2010-04-27,529.06,7681700.0
2010-04-28,529.19,6805300.0
2010-04-29,532.0,6111600.0
2010-04-30,525.695,4865900.0
2010-05-03,530.6,3711800.0
2010-05-04,506.37,12140400.0
2010-05-05,509.76,9155200.0
2010-05-06,498.67,9990100.0
2010-05-07,493.14,10167800.0
2010-05-10,521.65,8247700.0
2010-05-11,509.05,6638500.0
2010-05-12,505.39,7695800.0
2010-05-13,510.88,6644900.0
2010-05-14,507.53,8223700.0
2010-05-17,507.97,5582000.0
2010-05-18,498.37,5645300.0
2010-05-19,494.43,6884500.0
2010-05-20,475.01,9816700.0
2010-05-21,472.05,19362200.0
2010-05-24,477.16,8682500.0
2010-05-25,477.07,6028700.0
2010-05-26,475.47,6944200.0
2010-05-27,490.46,5612500.0
2010-05-28,485.63,5783800.0
2010-06-01,482.37,5328200.0
2010-06-02,493.37,5076500.0
2010-06-03,505.6,7294000.0
2010-06-04,498.72,7832700.0
2010-06-07,485.52,7258100.0
2010-06-08,484.78,5364800.0
2010-06-09,474.02,5452500.0
2010-06-10,487.01,5150600.0
2010-06-11,488.5,3559800.0
2010-06-14,483.19,4076700.0
2010-06-15,497.99,8510600.0
2010-06-16,501.27,4574000.0
2010-06-17,500.08,3950600.0
2010-06-18,500.03,5740000.0
2010-06-21,488.56,5961000.0
2010-06-22,486.25,4434900.0
2010-06-23,482.05,4054100.0
2010-06-24,475.1,3783400.0
2010-06-25,472.68,4485900.0
2010-06-28,472.08,3521000.0
2010-06-29,454.26,6997100.0
2010-06-30,444.95,7199100.0
2010-07-01,439.49,7020100.0
2010-07-02,436.55,3868100.0
2010-07-06,436.07,5115000.0
2010-07-07,450.2,6253100.0
2010-07-08,456.56,5332400.0
2010-07-09,467.49,8654300.0
2010-07-12,475.83,6662100.0
2010-07-13,489.2,7944600.0
2010-07-14,491.336,6229700.0
2010-07-15,494.02,9706600.0
2010-07-16,459.605,15633900.0
2010-07-19,466.18,9091400.0
2010-07-20,481.59,8100800.0
2010-07-21,477.5,6552600.0
2010-07-22,484.81,4291100.0
2010-07-23,490.06,4524200.0
2010-07-26,488.97,3986400.0
2010-07-27,492.63,4897400.0
2010-07-28,484.35,4987000.0
2010-07-29,484.99,5345600.0
2010-07-30,484.85,4283900.0
2010-08-02,490.41,3713600.0
2010-08-03,489.83,3600900.0
2010-08-04,506.32,7617300.0
2010-08-05,508.1,4835900.0
2010-08-06,500.22,6632300.0
2010-08-09,505.35,3740600.0
2010-08-10,503.71,4143800.0
2010-08-11,491.74,4441500.0
2010-08-12,492.01,4404700.0
2010-08-13,486.35,3865500.0
2010-08-16,485.59,2607300.0
2010-08-17,490.52,3777600.0
2010-08-18,482.15,5367400.0
2010-08-19,467.97,7842100.0
2010-08-20,462.02,7827300.0
2010-08-23,464.07,5966400.0
2010-08-24,451.39,5519800.0
2010-08-25,454.62,5179000.0
2010-08-26,450.98,3550400.0
2010-08-27,458.83,4620100.0
2010-08-30,452.69,2460300.0
2010-08-31,450.02,3889700.0
2010-09-01,460.33,6450100.0
2010-09-02,463.18,3365000.0
2010-09-03,470.3,5075700.0
2010-09-07,464.4,3416300.0
2010-09-08,470.58,4798700.0
2010-09-09,476.18,4856300.0
2010-09-10,476.14,3944600.0
2010-09-13,482.27,4478500.0
2010-09-14,480.43,4428500.0
2010-09-15,480.64,4800700.0
2010-09-16,481.06,3935000.0
2010-09-17,490.15,11271900.0
2010-09-20,508.28,8798100.0
2010-09-21,513.46,8923600.0
2010-09-22,516.0,5069100.0
2010-09-23,513.48,4630100.0
2010-09-24,527.29,6707000.0
2010-09-27,530.41,6208500.0
2010-09-28,527.17,7302000.0
2010-09-29,527.69,4340000.0
2010-09-30,525.79,6481700.0
2010-10-01,525.62,4445500.0
2010-10-04,522.35,3877100.0
2010-10-05,538.23,7007100.0
2010-10-06,534.35,5519000.0
2010-10-07,530.01,4786800.0
2010-10-08,536.35,5712600.0
2010-10-11,538.84,5247300.0
2010-10-12,541.39,7499600.0
2010-10-13,543.3,6105000.0
2010-10-14,540.93,13254900.0
2010-10-15,601.45,29619900.0
2010-10-18,617.71,14182200.0
2010-10-19,607.83,9166600.0
2010-10-20,607.98,7043100.0
2010-10-21,611.99,5835100.0
2010-10-22,612.53,4507600.0
2010-10-25,616.5,6310400.0
2010-10-26,618.6,5020700.0
2010-10-27,616.47,4479300.0
2010-10-28,618.58,4364200.0
2010-10-29,613.7,4552000.0
2010-11-01,615.0,6168000.0
2010-11-02,615.6,3991200.0
2010-11-03,620.18,6754200.0
2010-11-04,624.27,7134400.0
2010-11-05,625.08,3527800.0
2010-11-08,626.77,4198300.0
2010-11-09,624.82,4469900.0
2010-11-10,622.88,4989000.0
2010-11-11,617.19,4518600.0
2010-11-12,603.29,6779200.0
2010-11-15,595.47,6950800.0
2010-11-16,583.72,6608100.0
2010-11-17,583.55,4880100.0
2010-11-18,596.56,5174800.0
2010-11-19,590.83,4590400.0
2010-11-22,591.22,4368800.0
2010-11-23,583.01,4320800.0
2010-11-24,594.97,4788000.0
2010-11-26,590.0,2619500.0
2010-11-29,582.11,5713600.0
2010-11-30,555.71,14220500.0
2010-12-01,564.35,7500600.0
2010-12-02,571.82,5090700.0
2010-12-03,573.0,5257100.0
2010-12-06,578.36,4183400.0
2010-12-07,587.14,6078300.0
2010-12-08,590.54,3510200.0
2010-12-09,591.5,3734000.0
2010-12-10,592.21,3405900.0
2010-12-13,594.62,4792200.0
2010-12-14,594.91,3283300.0
2010-12-15,590.3,4331000.0
2010-12-16,591.71,3190600.0
2010-12-17,590.8,6168000.0
2010-12-20,595.06,3942600.0
2010-12-21,603.07,3755200.0
2010-12-22,605.49,2412500.0
2010-12-23,604.23,2219300.0
2010-12-27,602.38,2413700.0
2010-12-28,598.92,2127400.0
2010-12-29,601.0,2036300.0
2010-12-30,598.86,1977000.0
2010-12-31,593.97,3075500.0
2011-01-03,604.35,4725600.0
2011-01-04,602.12,3645300.0
2011-01-05,609.07,5059500.0
2011-01-06,613.5,4111400.0
2011-01-07,616.44,4198100.0
2011-01-10,614.21,3155200.0
2011-01-11,616.01,2875700.0
2011-01-12,616.87,3262100.0
2011-01-13,616.69,2665300.0
2011-01-14,624.18,4726400.0
2011-01-18,639.63,7226700.0
2011-01-19,631.75,6805300.0
2011-01-20,626.77,10960600.0
2011-01-21,611.83,17790900.0
2011-01-24,611.08,9189200.0
2011-01-25,619.91,7286300.0
2011-01-26,616.5,4072100.0
2011-01-27,616.79,4034300.0
2011-01-28,600.99,8453700.0
2011-01-31,600.36,5604100.0
2011-02-01,611.04,5485100.0
2011-02-02,612.0,3517800.0
2011-02-03,610.15,2987200.0
2011-02-04,610.98,3098400.0
2011-02-07,614.295,3595600.0
2011-02-08,618.38,3386400.0
2011-02-09,616.5,3681300.0
2011-02-10,616.44,4664100.0
2011-02-11,624.5,5174600.0
2011-02-14,628.15,4251700.0
2011-02-15,624.15,4179800.0
2011-02-16,624.22,3364600.0
2011-02-17,625.26,2954600.0
2011-02-18,630.08,6429300.0
2011-02-22,610.21,7272500.0
2011-02-23,611.32,5773400.0
2011-02-24,608.82,5417900.0
2011-02-25,610.04,3860900.0
2011-02-28,613.4,4558400.0
2011-03-01,600.76,6639700.0
2011-03-02,600.79,4049300.0
2011-03-03,609.56,3886700.0
2011-03-04,600.62,6015900.0
2011-03-07,591.66,6918400.0
2011-03-08,592.31,4565200.0
2011-03-09,591.77,4297600.0
2011-03-10,580.3,6249900.0
2011-03-11,576.71,6057900.0
2011-03-14,569.99,5626500.0
2011-03-15,569.56,8003100.0
2011-03-16,557.1,7589400.0
2011-03-17,561.36,5792800.0
2011-03-18,561.06,6590600.0
2011-03-21,576.5,6035700.0
2011-03-22,577.32,3770000.0
2011-03-23,582.16,3628700.0
2011-03-24,586.89,4193200.0
2011-03-25,579.74,5711000.0
2011-03-28,575.36,4432300.0
2011-03-29,581.73,3206300.0
2011-03-30,581.84,2841700.0
2011-03-31,586.76,4054700.0
2011-04-01,591.8,5221100.0
2011-04-04,587.68,4104800.0
2011-04-05,569.09,12082900.0
2011-04-06,574.18,5331200.0
2011-04-07,580.0,5057900.0
2011-04-08,578.16,3799700.0
2011-04-11,577.37,3712600.0
2011-04-12,570.61,4167000.0
2011-04-13,576.28,4134600.0
2011-04-14,578.51,10901600.0
2011-04-15,530.7,28059300.0
2011-04-18,526.84,10069500.0
2011-04-19,521.53,5362800.0
2011-04-20,525.73,6113800.0
2011-04-21,525.1,4935200.0
2011-04-25,525.05,3258300.0
2011-04-26,532.82,6993000.0
2011-04-27,537.76,4592200.0
2011-04-28,537.97,3996000.0
2011-04-29,544.1,8448500.0
2011-05-02,538.56,4263100.0
2011-05-03,533.89,4158800.0
2011-05-04,535.79,4229700.0
2011-05-05,534.27,3991600.0
2011-05-06,535.3,4108000.0
2011-05-09,537.68,3893500.0
2011-05-10,542.66,4081700.0
2011-05-11,535.45,4672900.0
2011-05-12,535.05,2893700.0
2011-05-13,529.55,4213100.0
2011-05-16,518.42,5910400.0
2011-05-17,530.46,6600500.0
2011-05-18,529.81,3902400.0
2011-05-19,531.25,4932400.0
2011-05-20,524.03,4630300.0
2011-05-23,518.39,4595400.0
2011-05-24,518.26,3796200.0
2011-05-25,519.67,2600500.0
2011-05-26,518.13,4232700.0
2011-05-27,520.9,3488100.0
2011-05-31,529.02,5369200.0
2011-06-01,525.6,5905800.0
2011-06-02,528.06,4404500.0
2011-06-03,523.08,3493500.0
2011-06-06,521.06,3880300.0
2011-06-07,519.03,3811300.0
2011-06-08,519.17,3303400.0
2011-06-09,516.73,3374800.0
2011-06-10,509.505,4874900.0
2011-06-13,504.73,4849700.0
2011-06-14,508.37,4678300.0
2011-06-15,502.95,4142400.0
2011-06-16,500.37,5508400.0
2011-06-17,485.02,10480300.0
2011-06-20,484.58,6051100.0
2011-06-21,493.0,5525200.0
2011-06-22,487.005,4809300.0
2011-06-23,480.22,9593700.0
2011-06-24,474.88,7603500.0
2011-06-27,482.8,6882500.0
2011-06-28,493.65,5424700.0
2011-06-29,497.57,4681300.0
2011-06-30,506.38,4851900.0
2011-07-01,521.028,7266100.0
2011-07-05,532.44,7690700.0
2011-07-06,535.36,5385800.0
2011-07-07,546.6,7863100.0
2011-07-08,531.99,9530800.0
2011-07-11,527.28,5672900.0
2011-07-12,534.01,5676700.0
2011-07-13,538.26,5574800.0
2011-07-14,528.94,13285700.0
2011-07-15,597.62,27436700.0
2011-07-18,594.94,8927600.0
2011-07-19,602.55,5929000.0
2011-07-20,595.35,4451100.0
2011-07-21,606.99,6932000.0
2011-07-22,618.23,7049300.0
2011-07-25,618.98,6256900.0
2011-07-26,622.52,4681100.0
2011-07-27,607.22,7860900.0
2011-07-28,610.94,6210500.0
2011-07-29,603.69,8266500.0
2011-08-01,606.77,7924200.0
2011-08-02,592.4,6394700.0
2011-08-03,601.17,7643700.0
2011-08-04,577.52,9819300.0
2011-08-05,579.04,11846300.0
2011-08-08,546.02,14978200.0
2011-08-09,573.41,12926400.0
2011-08-10,549.01,10728400.0
2011-08-11,562.13,9651500.0
2011-08-12,563.77,6302200.0
2011-08-15,557.23,14275500.0
2011-08-16,539.0,13864900.0
2011-08-17,533.15,8150000.0
2011-08-18,504.88,12568800.0
2011-08-19,490.92,10809100.0
2011-08-22,498.17,9801900.0
2011-08-23,518.82,8684900.0
2011-08-24,523.29,7181800.0
2011-08-25,520.04,6579400.0
2011-08-26,526.86,7185400.0
2011-08-29,539.08,4666900.0
2011-08-30,540.7,5972000.0
2011-08-31,540.96,5381200.0
2011-09-01,532.5,4826100.0
2011-09-02,524.84,4797500.0
2011-09-06,522.18,5426100.0
2011-09-07,534.03,5506000.0
2011-09-08,534.96,4756200.0
2011-09-09,524.85,6531000.0
2011-09-12,530.12,5335400.0
2011-09-13,529.52,4703600.0
2011-09-14,532.07,5383400.0
2011-09-15,542.56,5915600.0
2011-09-16,546.68,7061500.0
2011-09-19,546.67,4931800.0
2011-09-20,546.625,5552600.0
2011-09-21,539.2,5023500.0
2011-09-22,520.66,8791700.0
2011-09-23,525.51,5549000.0
2011-09-26,531.89,5263100.0
2011-09-27,539.34,6015700.0
2011-09-28,528.84,4522000.0
2011-09-29,527.5,5807300.0
2011-09-30,515.04,5441700.0
2011-10-03,495.52,8939800.0
2011-10-04,501.9,8309200.0
2011-10-05,504.7,9059100.0
2011-10-06,514.71,6841700.0
2011-10-07,515.12,5706000.0
2011-10-10,537.17,4639700.0
2011-10-11,543.18,5701000.0
2011-10-12,548.5,6349200.0
2011-10-13,558.99,11363800.0
2011-10-14,591.68,17042700.0
2011-10-17,582.41,8008300.0
2011-10-18,590.51,7593900.0
2011-10-19,580.7,5857100.0
2011-10-20,583.67,6751200.0
2011-10-21,590.49,6775200.0
2011-10-24,596.42,6846900.0
2011-10-25,583.16,5075900.0
2011-10-26,586.31,5740400.0
2011-10-27,598.67,7553000.0
2011-10-28,600.14,5010900.0
2011-10-31,592.64,5110400.0
2011-11-01,578.65,6243900.0
2011-11-02,584.82,4237500.0
2011-11-03,597.5,5334200.0
2011-11-04,596.14,5663900.0
2011-11-07,608.33,6708000.0
2011-11-08,612.34,6052700.0
2011-11-09,600.95,7414500.0
2011-11-10,595.08,5731000.0
2011-11-11,608.35,7946000.0
2011-11-14,613.0,6371000.0
2011-11-15,616.56,5346600.0
2011-11-16,611.47,5211700.0
2011-11-17,600.87,6979600.0
2011-11-18,594.88,6568800.0
2011-11-21,580.94,5996500.0
2011-11-22,580.0,4805700.0
2011-11-23,570.11,4646900.0
2011-11-25,563.0,3121600.0
2011-11-28,588.19,5652100.0
2011-11-29,582.93,3659900.0
2011-11-30,599.39,6787200.0
2011-12-01,613.77,7233900.0
2011-12-02,620.36,8163200.0
2011-12-05,625.65,6388600.0
2011-12-06,623.77,4648300.0
2011-12-07,623.39,4510000.0
2011-12-08,616.05,4821300.0
2011-12-09,627.42,5526800.0
2011-12-12,625.39,4363400.0
2011-12-13,625.63,8048300.0
2011-12-14,618.07,7799500.0
2011-12-15,619.54,4812300.0
2011-12-16,625.96,8909600.0
2011-12-19,621.83,4282700.0
2011-12-20,630.37,4771600.0
2011-12-21,625.82,4990800.0
2011-12-22,629.7,3640900.0
2011-12-23,633.14,2904400.0
2011-12-27,640.25,3209500.0
2011-12-28,639.7,4250100.0
2011-12-29,642.4,3147600.0
2011-12-30,645.9,3561000.0
2012-01-03,665.41,7345600.0
2012-01-04,668.28,5722200.0
2012-01-05,659.01,6559200.0
2012-01-06,650.02,5380400.0
2012-01-09,622.46,11633500.0
2012-01-10,623.14,8782400.0
2012-01-11,625.96,4795200.0
2012-01-12,629.64,3746600.0
2012-01-13,624.99,4609900.0
2012-01-17,628.58,3814700.0
2012-01-18,632.91,5517800.0
2012-01-19,639.57,12597900.0
2012-01-20,585.99,21131400.0
2012-01-23,585.52,6818900.0
2012-01-24,580.93,6105400.0
2012-01-25,569.49,9965400.0
2012-01-26,568.1,6445900.0
2012-01-27,579.98,7227700.0
2012-01-30,577.69,4656300.0
2012-01-31,580.11,4280500.0
2012-02-01,580.83,4636700.0
2012-02-02,585.11,4824500.0
2012-02-03,596.33,6330600.0
2012-02-06,609.09,7351800.0
2012-02-07,606.77,4180000.0
2012-02-08,609.85,3669100.0
2012-02-09,611.46,4524800.0
2012-02-10,605.91,4645700.0
2012-02-13,612.2,3628900.0
2012-02-14,609.76,3603700.0
2012-02-15,605.56,4846900.0
2012-02-16,606.52,5056700.0
2012-02-17,604.64,4893300.0
2012-02-21,614.0,4956600.0
2012-02-22,607.94,3930000.0
2012-02-23,606.11,4105800.0
2012-02-24,609.9,3867300.0
2012-02-27,609.31,3624100.0
2012-02-28,618.39,5689500.0
2012-02-29,618.25,6267500.0
2012-03-01,622.4,4470900.0
2012-03-02,621.25,3143400.0
2012-03-05,614.25,3183400.0
2012-03-06,604.96,6342400.0
2012-03-07,606.8,2526400.0
2012-03-08,607.14,2688300.0
2012-03-09,600.25,5335800.0
2012-03-12,605.15,3334600.0
2012-03-13,617.78,4487100.0
2012-03-14,615.99,5867900.0
2012-03-15,621.13,4865300.0
2012-03-16,625.04,6094800.0
2012-03-19,633.98,4341200.0
2012-03-20,633.49,3077900.0
2012-03-21,639.98,4934200.0
2012-03-22,646.05,4815500.0
2012-03-23,642.59,3876500.0
2012-03-26,649.33,3634700.0
2012-03-27,647.02,4010300.0
2012-03-28,655.76,5072700.0
2012-03-29,648.41,3844700.0
2012-03-30,641.24,4616700.0
2012-04-02,646.92,4563800.0
2012-04-03,642.62,4085700.0
2012-04-04,635.15,3251900.0
2012-04-05,632.32,4632700.0
2012-04-09,630.84,4361000.0
2012-04-10,626.86,4959000.0
2012-04-11,635.96,4393600.0
2012-04-12,651.01,11501600.0
2012-04-13,624.6,16302200.0
2012-04-16,606.07,11372800.0
2012-04-17,609.57,6041700.0
2012-04-18,607.45,5333600.0
2012-04-19,599.3,6582600.0
2012-04-20,596.06,6110600.0
2012-04-23,597.6,4391200.0
2012-04-24,601.27,3854300.0
2012-04-25,609.72,3638500.0
2012-04-26,615.47,4180800.0
2012-04-27,614.98,3269500.0
2012-04-30,604.85,4809700.0
2012-05-01,604.43,4000500.0
2012-05-02,607.26,3219700.0
2012-05-03,611.02,3732200.0
2012-05-04,596.97,4410300.0
2012-05-07,607.55,3985000.0
2012-05-08,612.79,5349200.0
2012-05-09,609.15,4652900.0
2012-05-10,613.66,3068700.0
2012-05-11,605.23,4194600.0
2012-05-14,604.0,3645100.0
2012-05-15,611.11,4199900.0
2012-05-16,628.93,9660500.0
2012-05-17,623.05,6700800.0
2012-05-18,600.4,11935000.0
2012-05-21,614.11,6144600.0
2012-05-22,600.8,6097600.0
2012-05-23,609.46,6349800.0
2012-05-24,603.66,3778800.0
2012-05-25,591.53,7156600.0
2012-05-29,594.34,5206100.0
2012-05-30,588.23,3809500.0
2012-05-31,580.86,5930600.0
2012-06-01,570.98,6109600.0
2012-06-04,578.59,4860500.0
2012-06-05,570.41,4675100.0
2012-06-06,580.57,4187400.0
2012-06-07,578.23,3513400.0
2012-06-08,580.45,2817900.0
2012-06-11,568.5,5316800.0
2012-06-12,565.1,6441900.0
2012-06-13,561.09,3904400.0
2012-06-14,559.05,4685100.0
2012-06-15,564.51,5996300.0
2012-06-18,570.85,4988800.0
2012-06-19,581.53,4148200.0
2012-06-20,577.51,4688700.0
2012-06-21,565.21,4018500.0
2012-06-22,571.48,4451300.0
2012-06-25,560.7,3160000.0
2012-06-26,564.68,2697600.0
2012-06-27,569.3,3381200.0
2012-06-28,564.31,3837900.0
2012-06-29,580.07,5033900.0
2012-07-02,580.47,3307600.0
2012-07-03,587.83,2376600.0
2012-07-05,595.92,4687100.0
2012-07-06,585.98,4319200.0
2012-07-09,586.01,3426700.0
2012-07-10,581.7,3842300.0
2012-07-11,571.19,6991600.0
2012-07-12,570.48,4614900.0
2012-07-13,576.52,3948000.0
2012-07-16,574.92,2922200.0
2012-07-17,576.73,3356800.0
2012-07-18,580.76,3093300.0
2012-07-19,593.06,9340000.0
2012-07-20,610.82,12914400.0
2012-07-23,615.51,7116200.0
2012-07-24,607.57,4014700.0
2012-07-25,607.99,3642300.0
2012-07-26,613.36,3367000.0
2012-07-27,634.96,7092300.0
2012-07-30,632.3,4369000.0
2012-07-31,632.97,3727400.0
2012-08-01,632.68,3685500.0
2012-08-02,628.75,3951400.0
2012-08-03,641.33,3790400.0
2012-08-06,642.82,3561200.0
2012-08-07,640.54,3959600.0
2012-08-08,642.23,2641700.0
2012-08-09,642.35,2138400.0
2012-08-10,642.0,2866300.0
2012-08-13,660.01,6529200.0
2012-08-14,668.66,7316000.0
2012-08-15,667.54,4816500.0
2012-08-16,672.87,3431900.0
2012-08-17,677.14,4351000.0
2012-08-20,675.54,3512600.0
2012-08-21,669.51,4439900.0
2012-08-22,677.18,3814500.0
2012-08-23,676.8,3564800.0
2012-08-24,678.63,2850300.0
2012-08-27,669.22,5222100.0
2012-08-28,677.25,4113000.0
2012-08-29,688.01,5974600.0
2012-08-30,681.68,3250500.0
2012-08-31,685.09,4249900.0
2012-09-04,681.04,3775400.0
2012-09-05,680.72,3412900.0
2012-09-06,699.4,6080900.0
2012-09-07,706.15,6459500.0
2012-09-10,700.77,5114800.0
2012-09-11,692.19,3743800.0
2012-09-12,690.88,5279300.0
2012-09-13,706.04,5312600.0
2012-09-14,709.68,5231700.0
2012-09-17,709.98,3013500.0
2012-09-18,718.28,4129400.0
2012-09-19,727.5,6190400.0
2012-09-20,728.1166,5808900.0
2012-09-21,733.99,12705400.0
2012-09-24,749.38,7120400.0
2012-09-25,749.16,12104800.0
2012-09-26,753.46,11334400.0
2012-09-27,756.5,7854300.0
2012-09-28,754.5,5561400.0
2012-10-01,761.78,6329600.0
2012-10-02,756.99,5574800.0
2012-10-03,762.5,4412100.0
2012-10-04,768.05,4903400.0
2012-10-05,767.65,5466300.0
2012-10-08,757.84,3913200.0
2012-10-09,744.09,6000300.0
2012-10-10,744.56,4075700.0
2012-10-11,751.48,4763000.0
2012-10-12,744.75,4803500.0
2012-10-15,740.98,6032100.0
2012-10-16,744.7,4112200.0
2012-10-17,755.49,4581200.0
2012-10-18,695.0,24859900.0
2012-10-19,681.79,22941400.0
2012-10-22,678.67,8103000.0
2012-10-23,680.35,5827300.0
2012-10-24,677.3022,4988000.0
2012-10-25,677.76,4797300.0
2012-10-26,675.15,3897600.0
2012-10-31,680.2976,3070900.0
2012-11-01,687.59,4096000.0
2012-11-02,687.918,4644100.0
2012-11-05,682.96,3268500.0
2012-11-06,681.72,3162400.0
2012-11-07,667.12,4460100.0
2012-11-08,652.29,5188800.0
2012-11-09,663.03,6221900.0
2012-11-12,665.9,2808900.0
2012-11-13,659.0532,3185200.0
2012-11-14,652.55,3333400.0
2012-11-15,647.26,3694100.0
2012-11-16,647.18,6869500.0
2012-11-19,668.21,4731600.0
2012-11-20,669.97,4173200.0
2012-11-21,665.87,4220100.0
2012-11-23,667.97,1843100.0
2012-11-26,661.15,4404700.0
2012-11-27,670.71,5012300.0
2012-11-28,683.67,6077900.0
2012-11-29,691.89,5547400.0
2012-11-30,698.37,6320800.0
2012-12-03,695.25,4380600.0
2012-12-04,691.03,3979400.0
2012-12-05,687.82,3721000.0
2012-12-06,691.13,2921600.0
2012-12-07,684.21,3834700.0
2012-12-10,685.42,2730600.0
2012-12-11,696.88,5369800.0
2012-12-12,697.56,4847100.0
2012-12-13,702.7,6882900.0
2012-12-14,701.9632,4255900.0
2012-12-17,720.78,6064700.0
2012-12-18,721.07,6003700.0
2012-12-19,720.11,3833300.0
2012-12-20,722.36,3310600.0
2012-12-21,715.63,7044900.0
2012-12-24,709.5,1680100.0
2012-12-26,708.87,2362400.0
2012-12-27,706.29,3291500.0
2012-12-28,700.01,2801100.0
2012-12-31,707.38,3990800.0
2013-01-02,723.25,5077500.0
2013-01-03,723.67,4631700.0
2013-01-04,737.97,5521400.0
2013-01-07,734.75,3308000.0
2013-01-08,733.3,3348800.0
2013-01-09,738.118,4045300.0
2013-01-10,741.48,3667700.0
2013-01-11,739.99,2567800.0
2013-01-14,723.25,5722000.0
2013-01-15,724.93,7847500.0
2013-01-16,715.19,4042700.0
2013-01-17,711.32,4418500.0
2013-01-18,704.51,6447100.0
2013-01-22,702.87,7577200.0
2013-01-23,741.5,11806300.0
2013-01-24,753.83,6758600.0
2013-01-25,753.67,4447300.0
2013-01-28,750.73,3250900.0
2013-01-29,753.68,3490700.0
2013-01-30,753.83,3462500.0
2013-01-31,755.69,3265100.0
2013-02-01,775.6,7484700.0
2013-02-04,759.02,6074900.0
2013-02-05,765.74,3737600.0
2013-02-06,770.17,4152000.0
2013-02-07,773.95,5674700.0
2013-02-08,785.37,6034100.0
2013-02-11,782.42,4331200.0
2013-02-12,780.7,3714200.0
2013-02-13,782.86,2394000.0
2013-02-14,787.82,3467100.0
2013-02-15,792.89,5454100.0
2013-02-19,806.85,5857700.0
2013-02-20,792.46,5522800.0
2013-02-21,795.53,7005700.0
2013-02-22,799.71,4103600.0
2013-02-25,790.77,4603100.0
2013-02-26,790.13,4400500.0
2013-02-27,799.78,4048100.0
2013-02-28,801.2,4527000.0
2013-03-01,806.19,4346400.0
2013-03-04,821.504,5545600.0
2013-03-05,838.604,8080100.0
2013-03-06,831.38,5740200.0
2013-03-07,832.596,4101200.0
2013-03-08,831.52,5817900.0
2013-03-11,834.82,3186200.0
2013-03-12,827.61,4012500.0
2013-03-13,825.31,3279300.0
2013-03-14,821.54,3299000.0
2013-03-15,814.302,6193200.0
2013-03-18,807.79,3672900.0
2013-03-19,811.32,4192200.0
2013-03-20,814.708,2924600.0
2013-03-21,811.26,2952200.0
2013-03-22,810.31,2973400.0
2013-03-25,809.64,3420500.0
2013-03-26,812.42,2381400.0
2013-03-27,802.66,4322000.0
2013-03-28,794.188,4571000.0
2013-04-01,801.19,3610900.0
2013-04-02,813.04,4078900.0
2013-04-03,806.202,3473500.0
2013-04-04,795.07,4890300.0
2013-04-05,783.05,6860900.0
2013-04-08,774.85,5658500.0
2013-04-09,777.65,4310200.0
2013-04-10,790.18,3953200.0
2013-04-11,790.39,4053300.0
2013-04-12,790.05,3270100.0
2013-04-15,781.93,4901200.0
2013-04-16,793.37,3480500.0
2013-04-17,782.56,4069900.0
2013-04-18,765.914,6638300.0
2013-04-19,799.87,11594700.0
2013-04-22,800.114,5761000.0
2013-04-23,807.9,4580000.0
2013-04-24,813.454,3654500.0
2013-04-25,809.1,3980400.0
2013-04-26,801.42,4970400.0
2013-04-29,819.06,4596900.0
2013-04-30,824.57,4608700.0
2013-05-01,820.43,2907000.0
2013-05-02,829.61,4032500.0
2013-05-03,845.72,5020100.0
2013-05-06,861.55,4278300.0
2013-05-07,857.23,3914000.0
2013-05-08,873.63,4931600.0
2013-05-09,871.48,4396700.0
2013-05-10,880.23,3791600.0
2013-05-13,877.53,2894100.0
2013-05-14,887.1,3155400.0
2013-05-15,915.89,7963800.0
2013-05-16,903.87,6412700.0
2013-05-17,909.18,5578400.0
2013-05-20,908.53,4540800.0
2013-05-21,906.97,3962000.0
2013-05-22,889.42,5116000.0
2013-05-23,882.79,4545600.0
2013-05-24,873.32,4589000.0
2013-05-28,881.27,4510400.0
2013-05-29,868.31,4022700.0
2013-05-30,870.76,4237100.0
2013-05-31,871.218,3934800.0
2013-06-03,867.63,4946400.0
2013-06-04,859.1,3733400.0
2013-06-05,859.7,4209300.0
2013-06-06,864.64,5153000.0
2013-06-07,879.73,5343800.0
2013-06-10,890.22,4670900.0
2013-06-11,879.81,3511600.0
2013-06-12,871.98,4405100.0
2013-06-13,877.0,4135600.0
2013-06-14,875.04,4485500.0
2013-06-17,886.25,4288300.0
2013-06-18,900.62,4329400.0
2013-06-19,900.68,5825900.0
2013-06-20,884.74,6737200.0
2013-06-21,880.93,7956600.0
2013-06-24,869.79,6027700.0
2013-06-25,866.2,5101200.0
2013-06-26,873.65,3659100.0
2013-06-27,877.07,3849100.0
2013-06-28,880.37,4693900.0
2013-07-01,887.88,3446100.0
2013-07-02,882.31,3779200.0
2013-07-03,886.43,2091900.0
2013-07-05,893.49,3400300.0
2013-07-08,905.09,3935000.0
2013-07-09,905.24,3954800.0
2013-07-10,905.99,3413300.0
2013-07-11,920.24,5163200.0
2013-07-12,923.0,5131200.0
2013-07-15,924.69,3917000.0
2013-07-16,919.608,3962000.0
2013-07-17,918.55,3009100.0
2013-07-18,910.68,7261700.0
2013-07-19,896.598,14703800.0
2013-07-22,910.7,5800500.0
2013-07-23,903.8,4087300.0
2013-07-24,902.9,4152800.0
2013-07-25,887.7,5996100.0
2013-07-26,885.35,3551800.0
2013-07-29,882.27,3780000.0
2013-07-30,890.92,3507600.0
2013-07-31,887.75,4342600.0
2013-08-01,904.22,4272500.0
2013-08-02,906.57,3424300.0
2013-08-05,905.0,2616700.0
2013-08-06,896.57,3009100.0
2013-08-07,890.65,2755600.0
2013-08-08,892.66,2973000.0
2013-08-09,890.41,2644700.0
2013-08-12,885.51,2751200.0
2013-08-13,881.25,2836700.0
2013-08-14,869.81,4160200.0
2013-08-15,859.66,3734600.0
2013-08-16,856.908,3346800.0
2013-08-19,865.65,3618100.0
2013-08-20,865.42,2463500.0
2013-08-21,869.33,3511000.0
2013-08-22,873.71,1738000.0
2013-08-23,870.21,2152000.0
2013-08-26,866.39,2102800.0
2013-08-27,850.15,3464700.0
2013-08-28,848.55,2657100.0
2013-08-29,855.43,2954000.0
2013-08-30,846.9,3719400.0
2013-09-03,860.38,4091100.0
2013-09-04,871.634,4078300.0
2013-09-05,879.56,2580000.0
2013-09-06,879.58,3120000.0
2013-09-09,888.054,2466700.0
2013-09-10,888.67,2572600.0
2013-09-11,896.19,3217900.0
2013-09-12,893.064,2188800.0
2013-09-13,889.068,2648100.0
2013-09-16,887.76,2670300.0
2013-09-17,886.11,2516200.0
2013-09-18,903.32,3865500.0
2013-09-19,898.39,3192600.0
2013-09-20,903.11,8681900.0
2013-09-23,886.5,3551200.0
2013-09-24,886.84,2970600.0
2013-09-25,877.23,3294700.0
2013-09-26,878.17,2517200.0
2013-09-27,876.39,2515000.0
2013-09-30,875.91,3441300.0
2013-10-01,887.004,3366200.0
2013-10-02,887.99,2987600.0
2013-10-03,876.09,4229700.0
2013-10-04,872.35,2713200.0
2013-10-07,865.74,2584600.0
2013-10-08,853.67,3883500.0
2013-10-09,855.86,5297200.0
2013-10-10,868.24,4506000.0
2013-10-11,871.99,2814900.0
2013-10-14,876.11,2484700.0
2013-10-15,882.01,3180600.0
2013-10-16,898.029,4011100.0
2013-10-17,888.794,8504600.0
2013-10-18,1011.41,23109600.0
2013-10-21,1003.3,7249300.0
2013-10-22,1007.0,4412700.0
2013-10-23,1031.41,5321000.0
2013-10-24,1025.55,4180000.0
2013-10-25,1015.2,4056900.0
2013-10-28,1015.0,2315000.0
2013-10-29,1036.24,3206700.0
2013-10-30,1030.42,2645500.0
2013-10-31,1030.58,3276700.0
2013-11-01,1027.04,2564000.0
2013-11-04,1026.11,2275300.0
2013-11-05,1021.52,2360400.0
2013-11-06,1022.75,1823900.0
2013-11-07,1007.95,3355800.0
2013-11-08,1016.03,2579000.0
2013-11-11,1010.59,2222900.0
2013-11-12,1011.78,2433700.0
2013-11-13,1032.47,3155600.0
2013-11-14,1035.23,2331000.0
2013-11-15,1033.56,2550000.0
2013-11-18,1031.55,3515800.0
2013-11-19,1025.2,2260900.0
2013-11-20,1022.31,1925400.0
2013-11-21,1034.07,2181400.0
2013-11-22,1031.89,2505800.0
2013-11-25,1045.93,3222700.0
2013-11-26,1058.41,4568000.0
2013-11-27,1063.11,2244900.0
2013-11-29,1059.59,2383200.0
2013-12-02,1054.48,2743600.0
2013-12-03,1053.26,3348800.0
2013-12-04,1058.18,2380800.0
2013-12-05,1057.34,2265100.0
2013-12-06,1069.87,2854700.0
2013-12-09,1078.14,2962200.0
2013-12-10,1084.66,3704000.0
2013-12-11,1077.29,3420100.0
2013-12-12,1069.96,3189800.0
2013-12-13,1060.79,4320400.0
2013-12-16,1072.98,3200700.0
2013-12-17,1069.86,3068300.0
2013-12-18,1084.75,4416100.0
2013-12-19,1086.22,3328000.0
2013-12-20,1100.62,6516600.0
2013-12-23,1115.1,3439700.0
2013-12-24,1111.84,1466900.0
2013-12-26,1117.46,2672900.0
2013-12-27,1118.4,3136200.0
2013-12-30,1109.46,2469700.0
2013-12-31,1120.71,2713000.0
2014-01-02,1113.12,3639100.0
2014-01-03,1105.0,3330000.0
2014-01-06,1117.32,3535000.0
2014-01-07,1138.86,5100000.0
2014-01-08,1141.23,4480500.0
2014-01-09,1130.24,4164800.0
2014-01-10,1130.18,4282700.0
2014-01-13,1122.98,4832900.0
2014-01-14,1149.4,4960200.0
2014-01-15,1148.62,3896400.0
2014-01-16,1156.22,3364400.0
2014-01-17,1150.53,5397100.0
2014-01-21,1163.7,3955800.0
2014-01-22,1165.02,3139600.0
2014-01-23,1160.1,3894300.0
2014-01-24,1123.83,7777200.0
2014-01-27,1101.23,8698400.0
2014-01-28,1123.01,4415900.0
2014-01-29,1106.92,4755000.0
2014-01-30,1135.39,10172600.0
2014-01-31,1180.97,11121400.0
2014-02-03,1133.43,9129000.0
2014-02-04,1138.16,5618100.0
2014-02-05,1143.2,4784200.0
2014-02-06,1159.96,3889300.0
2014-02-07,1177.44,5267100.0
2014-02-10,1172.93,3886500.0
2014-02-11,1190.18,4097400.0
2014-02-12,1186.69,3445500.0
2014-02-13,1199.9,3669100.0
2014-02-14,1202.8,4369000.0
2014-02-18,1210.88,4213500.0
2014-02-19,1202.34,4202900.0
2014-02-20,1204.11,3398100.0
2014-02-21,1203.79,3720800.0
2014-02-24,1212.51,3345200.0
2014-02-25,1220.0,2874500.0
2014-02-26,1220.17,3960400.0
2014-02-27,1219.21,2517400.0
2014-02-28,1215.65,4622500.0
2014-03-03,1202.69,4205300.0
2014-03-04,1214.91,2932400.0
2014-03-05,1218.26,2468100.0
2014-03-06,1219.61,2533600.0
2014-03-07,1214.79,3027100.0
2014-03-10,1211.57,2426700.0
2014-03-11,1199.99,3422500.0
2014-03-12,1207.3,3924600.0
2014-03-13,1189.06,4686500.0
2014-03-14,1172.8,4583200.0
2014-03-17,1192.1,4319800.0
2014-03-18,1211.26,3626300.0
2014-03-19,1199.25,3222500.0
2014-03-20,1197.16,3366000.0
2014-03-21,1183.04,6410500.0
2014-03-24,1157.93,6068100.0
2014-03-25,1158.72,4815500.0
2014-03-26,1131.97,5154800.0
2014-03-27,1114.28,7636700.0
2014-03-28,1120.15,4513200.0
2014-03-31,1114.51,3880700.0
2014-04-01,1134.89,2181000.0
2014-04-02,1135.1,4168000.0
2014-04-03,571.5,4018300.0
2014-04-04,545.25,5363700.0
2014-04-07,540.63,3961600.0
2014-04-08,557.51,3482500.0
2014-04-09,567.04,3031600.0
2014-04-10,546.69,3294500.0
2014-04-11,537.76,3174700.0
2014-04-14,545.2,2541200.0
2014-04-15,548.7,3997800.0
2014-04-16,563.9,4582200.0
2014-04-17,543.34,5614700.0
2014-04-21,539.37,2425100.0
2014-04-22,545.5,2331100.0
2014-04-23,537.51,1955700.0
2014-04-24,534.44,2067400.0
2014-04-25,523.1,2370000.0
2014-04-28,522.98,3752800.0
2014-04-29,536.33,2535200.0
2014-04-30,534.88,2038500.0
2014-05-01,538.53,2004300.0
2014-05-02,533.87,1780800.0
2014-05-05,535.33,1228400.0
2014-05-06,522.57,1835000.0
2014-05-07,518.0,3074300.0
2014-05-08,520.17,2452000.0
2014-05-09,526.62,2261200.0
2014-05-12,538.43,1948400.0
2014-05-13,541.54,2012000.0
2014-05-14,534.41,1280900.0
2014-05-15,529.12,1832900.0
2014-05-16,528.3,1907700.0
2014-05-19,538.83,1976500.0
2014-05-20,540.39,2425300.0
2014-05-21,549.7,1564700.0
2014-05-22,555.45,2149700.0
2014-05-23,563.8,2672500.0
2014-05-27,574.87,2185800.0
2014-05-28,570.45,1581600.0
2014-05-29,570.56,1411100.0
2014-05-30,571.65,1871700.0
2014-06-02,564.34,1660500.0
2014-06-03,554.51,2031300.0
2014-06-04,553.76,1729100.0
2014-06-05,564.93,1793400.0
2014-06-06,566.03,1740200.0
2014-06-09,570.73,1529700.0
2014-06-10,568.3,1483800.0
2014-06-11,567.5,1129000.0
2014-06-12,559.5,1546500.0
2014-06-13,560.35,1353300.0
2014-06-16,552.3,1938500.0
2014-06-17,550.615,1477600.0
2014-06-18,560.66,2060600.0
2014-06-19,564.99,2627400.0
2014-06-20,566.52,3160600.0
2014-06-23,574.29,1722800.0
2014-06-24,572.54,2844300.0
2014-06-25,585.93,2114700.0
2014-06-26,584.77,2002300.0
2014-06-27,585.69,2021300.0
2014-06-30,584.67,1478900.0
2014-07-01,591.49,1643200.0
2014-07-02,590.78,1195800.0
2014-07-03,593.08,898900.0
2014-07-07,590.76,1336700.0
2014-07-08,578.4,2125200.0
2014-07-09,583.36,1372800.0
2014-07-10,580.04,1436200.0
2014-07-11,586.65,1511600.0
2014-07-14,594.26,1951600.0
2014-07-15,593.06,1673800.0
2014-07-16,590.62,1440800.0
2014-07-17,580.82,2935300.0
2014-07-18,605.11,4871600.0
2014-07-21,598.44,2237900.0
2014-07-22,603.57,1881600.0
2014-07-23,605.19,1106000.0
2014-07-24,603.01,1355000.0
2014-07-25,598.08,1360000.0
2014-07-28,599.02,1358100.0
2014-07-29,593.95,1366600.0
2014-07-30,595.44,1215100.0
2014-07-31,579.55,2309500.0
2014-08-01,573.6,2213300.0
2014-08-04,582.27,1519400.0
2014-08-05,573.14,1643800.0
2014-08-06,574.49,1322800.0
2014-08-07,571.81,1163000.0
2014-08-08,577.94,1493300.0
2014-08-11,577.25,1171300.0
2014-08-12,572.12,1394500.0
2014-08-13,584.56,1899400.0
2014-08-14,584.65,1272900.0
2014-08-15,583.71,1723400.0
2014-08-18,592.7,1466000.0
2014-08-19,597.11,1043200.0
2014-08-20,595.41,967300.0
2014-08-21,592.42,1132000.0
2014-08-22,592.54,877200.0
2014-08-25,590.57,1295600.0
2014-08-26,588.12,1471700.0
2014-08-27,583.0,1364600.0
2014-08-28,580.32,1405800.0
2014-08-29,582.36,1206100.0
2014-09-02,588.63,1583000.0
2014-09-03,589.52,1579000.0
2014-09-04,593.14,1630800.0
2014-09-05,597.78,1799100.0
2014-09-08,601.63,1599200.0
2014-09-09,591.97,1571200.0
2014-09-10,593.42,1160100.0
2014-09-11,591.11,1501400.0
2014-09-12,584.9,1851500.0
2014-09-15,581.64,1545400.0
2014-09-16,588.78,1579600.0
2014-09-17,593.29,1719500.0
2014-09-18,597.27,1494500.0
2014-09-19,605.4,4191600.0
2014-09-22,597.27,1785101.0
2014-09-23,591.18,1398949.0
2014-09-24,598.42,1754676.0
2014-09-25,585.25,1663317.0
2014-09-26,587.9,1289090.0
2014-09-29,587.81,1144982.0
2014-09-30,588.41,1571688.0
2014-10-01,579.63,1449686.0
2014-10-02,580.88,1536935.0
2014-10-03,586.25,1214593.0
2014-10-06,587.78,1286130.0
2014-10-07,574.1,1546228.0
2014-10-08,583.74,2210360.0
2014-10-09,570.81,2413453.0
2014-10-10,555.19,2979673.0
2014-10-13,544.75,2756508.0
2014-10-14,548.69,2610033.0
2014-10-15,540.73,3836222.0
2014-10-16,536.92,3805046.0
2014-10-17,522.97,5998740.0
2014-10-20,532.38,2749830.0
2014-10-21,538.03,2460140.0
2014-10-22,542.69,2974550.0
2014-10-23,553.65,2153678.0
2014-10-24,548.9,2175767.0
2014-10-27,549.88,1598409.0
2014-10-28,558.94,1739666.0
2014-10-29,558.45,2053355.0
2014-10-30,560.27,1612469.0
2014-10-31,567.87,2341539.0
2014-11-03,563.77,1544338.0
2014-11-04,564.19,1386509.0
2014-11-05,555.95,1645264.0
2014-11-06,551.69,1650721.0
2014-11-07,551.82,1589131.0
2014-11-10,558.23,1304481.0
2014-11-11,561.29,1100179.0
2014-11-12,558.25,1094114.0
2014-11-13,556.44,1510989.0
2014-11-14,555.19,1425060.0
2014-11-17,546.64,1680621.0
2014-11-18,544.51,1822166.0
2014-11-19,547.2,1517286.0
2014-11-20,543.76,1750758.0
2014-11-21,545.89,2505988.0
2014-11-24,547.48,1653773.0
2014-11-25,549.23,1903589.0
2014-11-26,547.73,1480294.0
2014-11-28,549.08,1210061.0
2014-12-01,539.65,1994399.0
2014-12-02,538.59,2073974.0
2014-12-03,536.97,1623977.0
2014-12-04,542.58,1633688.0
2014-12-05,528.08,3070118.0
2014-12-08,530.73,3231818.0
2014-12-09,536.11,2168813.0
2014-12-10,528.04,2316204.0
2014-12-11,532.11,2073290.0
2014-12-12,521.51,2371543.0
2014-12-15,515.84,2621977.0
2014-12-16,498.16,4349882.0
2014-12-17,506.45,3639437.0
2014-12-18,514.62,3876732.0
2014-12-19,520.04,4872059.0
2014-12-22,532.3,3319461.0
2014-12-23,538.77,2877222.0
2014-12-24,536.93,737848.0
2014-12-26,541.52,1113464.0
2014-12-29,537.31,2218632.0
2014-12-30,535.28,1048631.0
2014-12-31,530.66,1236445.0
2015-01-02,529.55,1327870.0
2015-01-05,519.46,2059119.0
2015-01-06,506.64,2731813.0
2015-01-07,505.15,2345875.0
2015-01-08,506.91,3662224.0
2015-01-09,500.72,2065403.0
2015-01-12,497.06,2856938.0
2015-01-13,501.8,3050295.0
2015-01-14,505.93,2639959.0
2015-01-15,504.01,2556682.0
2015-01-16,510.455,2482858.0
2015-01-20,509.94,2343612.0
2015-01-21,520.39,2317789.0
2015-01-22,537.3,2803401.0
2015-01-23,541.95,2298290.0
2015-01-26,536.72,1546563.0
2015-01-27,521.19,1957440.0
2015-01-28,512.43,1791077.0
2015-01-29,513.23,3950857.0
2015-01-30,537.55,6055445.0
2015-02-02,532.2,3768861.0
2015-02-03,533.3,2353096.0
2015-02-04,526.1,1694832.0
2015-02-05,529.83,1658751.0
2015-02-06,533.875,2146922.0
2015-02-09,529.28,1515687.0
2015-02-10,540.16,2371468.0
2015-02-11,538.0,1915336.0
2015-02-12,546.01,2429520.0
2015-02-13,551.16,2369115.0
2015-02-17,545.01,1958679.0
2015-02-18,542.65,1558153.0
2015-02-19,546.45,1541669.0
2015-02-20,541.8,1911732.0
2015-02-23,535.0,1645276.0
2015-02-24,538.65,1421373.0
2015-02-25,547.33,2041827.0
2015-02-26,559.29,2701584.0
2015-02-27,562.63,3416445.0
2015-03-02,575.02,2520304.0
2015-03-03,578.795,2526280.0
2015-03-04,578.33,1898150.0
2015-03-05,581.435,1795889.0
2015-03-06,572.9,1879619.0
2015-03-09,574.1,1174244.0
2015-03-10,559.85,2004024.0
2015-03-11,555.69,2026158.0
2015-03-12,561.17,1780057.0
2015-03-13,553.0,1771354.0
2015-03-16,561.64,1842754.0
2015-03-17,557.61,1444560.0
2015-03-18,566.16,1766221.0
2015-03-19,563.67,1232969.0
2015-03-20,564.95,2216038.0
2015-03-23,565.37,1511686.0
2015-03-24,577.54,3957844.0
2015-03-25,567.0,2653451.0
2015-03-26,563.64,2492141.0
2015-03-27,557.55,1727629.0
2015-03-30,561.135,1239350.0
2015-03-31,554.7,1746622.0
2015-04-01,549.49,1945090.0
2015-04-02,541.31,2388019.0
2015-04-06,543.95,1685894.0
2015-04-07,544.86,1365916.0
2015-04-08,548.84,1419316.0
2015-04-09,548.02,1618299.0
2015-04-10,548.54,1305219.0
2015-04-13,548.64,1466277.0
2015-04-14,539.78,2360329.0
2015-04-15,541.04,2348087.0
2015-04-16,543.52,1586088.0
2015-04-17,532.74,2461698.0
2015-04-20,544.53,1926064.0
2015-04-21,542.925,1456387.0
2015-04-22,549.18,1590320.0
2015-04-23,557.46,3909155.0
2015-04-24,573.66,4608403.0
2015-04-27,566.12,2403105.0
2015-04-28,564.37,1859787.0
2015-04-29,561.39,1681064.0
2015-04-30,548.77,2362024.0
2015-05-01,551.16,1828566.0
2015-05-04,552.84,1762952.0
2015-05-05,543.045,1426417.0
2015-05-06,535.08,1951728.0
2015-05-07,542.04,1592220.0
2015-05-08,548.95,1411264.0
2015-05-11,545.78,1092923.0
2015-05-12,538.73,1764123.0
2015-05-13,539.49,1211920.0
2015-05-14,549.2,1586833.0
2015-05-15,546.49,1671977.0
2015-05-18,546.67,1335256.0
2015-05-19,549.28,2356274.0
2015-05-20,552.51,1541962.0
2015-05-21,556.81,1708512.0
2015-05-22,554.52,1213288.0
2015-05-26,547.19,1873709.0
2015-05-27,554.25,1742237.0
2015-05-28,554.18,1177318.0
2015-05-29,545.32,2172282.0
2015-06-01,549.21,1660500.0
2015-06-02,553.95,1592828.0
2015-06-03,555.29,1335479.0
2015-06-04,551.69,1343317.0
2015-06-05,549.53,1219841.0
2015-06-08,543.48,1366816.0
2015-06-09,542.16,1500846.0
2015-06-10,552.6,1515805.0
2015-06-11,550.04,1293560.0
2015-06-12,547.47,1273383.0
2015-06-15,543.0,1357481.0
2015-06-16,544.87,1626349.0
2015-06-17,546.6,1222049.0
2015-06-18,556.18,2059603.0
2015-06-19,557.52,2964489.0
2015-06-22,559.68,1737569.0
2015-06-23,563.39,1569808.0
2015-06-24,558.57,1446156.0
2015-06-25,557.95,1335270.0
2015-06-26,553.06,2183753.0
2015-06-29,541.25,1887816.0
2015-06-30,540.04,1725464.0
2015-07-01,543.3,1537973.0
2015-07-02,547.34,1406213.0
2015-07-06,545.62,1280687.0
2015-07-07,550.03,1679759.0
2015-07-08,541.7,1383065.0
2015-07-09,544.65,1488324.0
2015-07-10,556.11,2171750.0
2015-07-13,571.73,2089641.0
2015-07-14,584.18,3741583.0
2015-07-15,583.96,2073330.0
2015-07-16,601.78,5632054.0
2015-07-17,699.62,12858136.0
2015-07-20,692.84,5121752.0
2015-07-21,695.35,3780230.0
2015-07-22,695.1,4154987.0
2015-07-23,674.73,3811598.0
2015-07-24,654.77,4131137.0
2015-07-27,658.27,2919110.0
2015-07-28,659.66,1718193.0
2015-07-29,661.43,1837805.0
2015-07-30,664.56,1980345.0
2015-07-31,657.5,1746094.0
2015-08-03,664.72,1567407.0
2015-08-04,661.28,1309410.0
2015-08-05,673.29,1812589.0
2015-08-06,670.15,2032984.0
2015-08-07,664.39,1377152.0
2015-08-10,663.14,1722915.0
2015-08-11,690.3,5494011.0
2015-08-12,691.47,2932328.0
2015-08-13,686.51,1817748.0
2015-08-14,689.37,1379855.0
2015-08-17,694.11,1233951.0
2015-08-18,688.73,1385544.0
2015-08-19,694.04,2509697.0
2015-08-20,679.48,2889877.0
2015-08-21,644.03,4593970.0
2015-08-24,618.11,6489430.0
2015-08-25,612.47,3571469.0
2015-08-26,659.74,4386985.0
2015-08-27,667.96,2948736.0
2015-08-28,659.69,1941833.0
2015-08-31,647.82,1946844.0
2015-09-01,629.56,2572884.0
2015-09-02,644.91,1881489.0
2015-09-03,637.05,1728562.0
2015-09-04,628.96,2024990.0
2015-09-08,643.88,1954648.0
2015-09-09,643.41,2048908.0
2015-09-10,651.08,1392481.0
2015-09-11,655.3,1744615.0
2015-09-14,652.47,1497627.0
2015-09-15,665.07,1777320.0
2015-09-16,665.52,1312598.0
2015-09-17,671.67,2387605.0
2015-09-18,660.92,3627210.0
2015-09-21,666.98,1954667.0
2015-09-22,653.2,2718081.0
2015-09-23,653.29,1457995.0
2015-09-24,654.91,1934639.0
2015-09-25,640.15,2423992.0
2015-09-28,624.25,2361393.0
2015-09-29,622.61,2106466.0
2015-09-30,638.37,2549938.0
2015-10-01,642.0,2125315.0
2015-10-02,656.99,2439435.0
2015-10-05,671.68,1898012.0
2015-10-06,671.64,2157409.0
2015-10-07,670.0,2217672.0
2015-10-08,667.0,1965397.0
2015-10-09,671.24,1606178.0
2015-10-12,676.43,1334225.0
2015-10-13,683.17,2122338.0
2015-10-14,680.41,1564582.0
2015-10-15,693.02,2357829.0
2015-10-16,695.32,1815759.0
2015-10-19,699.95,1508585.0
2015-10-20,680.0,2621719.0
2015-10-21,671.8,1608436.0
2015-10-22,681.14,4431595.0
2015-10-23,719.33,6336319.0
2015-10-26,731.12,2438847.0
2015-10-27,732.82,1938916.0
2015-10-28,736.92,1980154.0
2015-10-29,744.85,1825957.0
2015-10-30,737.39,1999161.0
2015-11-02,747.74,1995708.0
2015-11-03,748.82,1815300.0
2015-11-04,755.31,2091999.0
2015-11-05,760.67,2274314.0
2015-11-06,761.6,1677199.0
2015-11-09,754.77,1776861.0
2015-11-10,758.26,1489929.0
2015-11-11,765.25,2095922.0
2015-11-12,756.53,1772555.0
2015-11-13,740.07,2409363.0
2015-11-16,750.42,2535198.0
2015-11-17,745.98,1939934.0
2015-11-18,760.01,1813336.0
2015-11-19,759.94,1403913.0
2015-11-20,777.0,2773944.0
2015-11-23,776.7,1732400.0
2015-11-24,769.63,2394010.0
2015-11-25,769.26,1180643.0
2015-11-27,771.97,722320.0
2015-11-30,762.85,1679349.0
2015-12-01,783.79,2019864.0
2015-12-02,777.85,2343841.0
2015-12-03,768.2,2097494.0
2015-12-04,779.21,2489998.0
2015-12-07,772.99,1831287.0
2015-12-08,775.14,1554121.0
2015-12-09,762.55,2327471.0
2015-12-10,760.04,1622940.0
2015-12-11,750.42,2159164.0
2015-12-14,762.54,2708520.0
2015-12-15,760.09,2469319.0
2015-12-16,776.59,2656010.0
2015-12-17,769.83,1825538.0
2015-12-18,756.85,3389702.0
2015-12-21,760.8,1742368.0
2015-12-22,767.13,1816935.0
2015-12-23,768.51,1529742.0
2015-12-24,765.84,521141.0
2015-12-28,782.24,1557755.0
2015-12-29,793.96,1921480.0
2015-12-30,790.3,1428280.0
2015-12-31,778.01,1637561.0
2016-01-04,759.44,3369068.0
2016-01-05,761.53,2260795.0
2016-01-06,759.33,2410301.0
2016-01-07,741.0,3156563.0
2016-01-08,730.91,2375348.0
2016-01-11,733.07,2544806.0
2016-01-12,745.34,2340753.0
2016-01-13,719.57,2586395.0
2016-01-14,731.39,2777868.0
2016-01-15,710.49,3833751.0
2016-01-19,719.08,2436220.0
2016-01-20,718.56,4122010.0
2016-01-21,726.67,2596916.0
2016-01-22,745.46,2357315.0
2016-01-25,733.62,2267031.0
2016-01-26,733.79,1547049.0
2016-01-27,717.58,2121434.0
2016-01-28,748.3,3105222.0
2016-01-29,761.35,3790395.0
2016-02-01,770.77,5576089.0
2016-02-02,780.91,6792331.0
2016-02-03,749.38,6555731.0
2016-02-04,730.03,5246123.0
2016-02-05,703.76,5477821.0
2016-02-08,704.16,4470514.0
2016-02-09,701.02,4214950.0
2016-02-10,706.85,3015733.0
2016-02-11,706.36,3250206.0
2016-02-12,706.89,2326889.0
2016-02-16,717.64,2172213.0
2016-02-17,731.97,2457715.0
2016-02-18,717.51,2363846.0
2016-02-19,722.11,1745940.0
2016-02-22,729.05,1875824.0
2016-02-23,717.29,2066566.0
2016-02-24,720.9,1854612.0
2016-02-25,729.12,1807258.0
2016-02-26,724.86,2123690.0
2016-02-29,717.22,2253426.0
2016-03-01,742.17,3005553.0
2016-03-02,739.48,1814643.0
2016-03-03,731.59,2026700.0
2016-03-04,730.22,2425750.0
2016-03-07,712.8,3088278.0
2016-03-08,713.53,2521688.0
2016-03-09,725.41,1977169.0
2016-03-10,732.17,2230811.0
2016-03-11,744.87,1768995.0
2016-03-14,750.24,1641189.0
2016-03-15,750.57,1491578.0
2016-03-16,757.36,1465285.0
2016-03-17,758.48,2228244.0
2016-03-18,755.41,2811518.0
2016-03-21,762.16,1438658.0
2016-03-22,760.05,1104784.0
2016-03-23,757.56,1233854.0
2016-03-24,754.84,1555844.0
2016-03-28,753.28,1083823.0
2016-03-29,765.89,2003061.0
2016-03-30,768.34,2019755.0
2016-03-31,762.9,1627669.0
2016-04-01,769.67,1583698.0
2016-04-04,765.12,1346424.0
2016-04-05,758.57,1223905.0
2016-04-06,768.07,1265577.0
2016-04-07,760.12,1274852.0
2016-04-08,759.47,1171867.0
2016-04-11,757.54,1588692.0
2016-04-12,764.32,1369358.0
2016-04-13,771.91,1771308.0
2016-04-14,775.39,1349610.0
2016-04-15,780.0,1585584.0
2016-04-18,787.68,1677015.0
2016-04-19,776.25,2197615.0
2016-04-20,774.92,1713088.0
2016-04-21,780.0,3881420.0
2016-04-22,737.77,7039948.0
2016-04-25,742.21,2472061.0
2016-04-26,725.37,2793210.0
2016-04-27,721.46,3313137.0
2016-04-28,705.06,3129502.0
2016-04-29,707.88,2913898.0
2016-05-02,714.41,1673820.0
2016-05-03,708.44,1931040.0
2016-05-04,711.37,1708609.0
2016-05-05,714.71,1483357.0
2016-05-06,725.18,1997628.0
2016-05-09,729.13,1903689.0
2016-05-10,739.38,1631714.0
2016-05-11,730.55,1491746.0
2016-05-12,728.07,1354717.0
2016-05-13,724.83,1262161.0
2016-05-16,730.3,1126862.0
2016-05-17,720.19,1670176.0
2016-05-18,721.78,1626800.0
2016-05-19,715.31,1529910.0
2016-05-20,721.71,1739895.0
2016-05-23,717.25,1240826.0
2016-05-24,733.03,1894161.0
2016-05-25,738.1,1616624.0
2016-05-26,736.93,1360119.0
2016-05-27,747.6,1740130.0
2016-05-31,748.85,2124248.0
2016-06-01,748.46,1039847.0
2016-06-02,744.27,1695824.0
2016-06-03,735.86,1230376.0
2016-06-06,730.06,1499648.0
2016-06-07,731.09,1215741.0
2016-06-08,742.93,1615727.0
2016-06-09,742.52,958963.0
2016-06-10,733.19,1452456.0
2016-06-13,731.88,1167736.0
2016-06-14,733.25,1329176.0
2016-06-15,732.19,1161701.0
2016-06-16,724.25,2250083.0
2016-06-17,704.25,4113085.0
2016-06-20,706.13,2282725.0
2016-06-21,708.88,1515918.0
2016-06-22,710.47,1452884.0
2016-06-23,714.87,2125028.0
2016-06-24,685.2,4771780.0
2016-06-27,681.14,2919486.0
2016-06-28,691.26,1912280.0
2016-06-29,695.19,2156218.0
2016-06-30,703.53,2112513.0
2016-07-01,710.25,1549160.0
2016-07-05,704.89,1422028.0
2016-07-06,708.97,1445126.0
2016-07-07,707.26,1058698.0
2016-07-08,717.78,1497323.0
2016-07-11,727.2,1441113.0
2016-07-12,732.51,1328680.0
2016-07-13,729.48,1021827.0
2016-07-14,735.8,1070351.0
2016-07-15,735.63,1617087.0
2016-07-18,753.2,1934900.0
2016-07-19,753.41,1521795.0
2016-07-20,757.08,1125117.0
2016-07-21,754.41,953053.0
2016-07-22,759.28,1046024.0
2016-07-25,757.52,1073310.0
2016-07-26,757.65,1189573.0
2016-07-27,761.97,1608589.0
2016-07-28,765.84,3673221.0
2016-07-29,791.34,5090527.0
2016-08-01,800.94,3029658.0
2016-08-02,800.12,1996354.0
2016-08-03,798.92,1461025.0
2016-08-04,797.25,1076031.0
2016-08-05,806.93,1807271.0
2016-08-08,805.23,1221609.0
2016-08-09,807.48,1607685.0
2016-08-10,808.49,918514.0
2016-08-11,808.2,1282274.0
2016-08-12,807.05,897283.0
2016-08-15,805.96,930074.0
2016-08-16,801.19,1057897.0
2016-08-17,805.42,1066070.0
2016-08-18,802.75,865160.0
2016-08-19,799.65,1120763.0
2016-08-22,796.95,853365.0
2016-08-23,796.59,917513.0
2016-08-24,793.6,1284437.0
2016-08-25,791.3,1202680.0
2016-08-26,793.22,1248881.0
2016-08-29,795.82,773698.0
2016-08-30,791.92,1167413.0
2016-08-31,789.85,1071420.0
2016-09-01,791.4,1303460.0
2016-09-02,796.87,1349896.0
2016-09-06,808.02,1989537.0
2016-09-07,807.99,1145724.0
2016-09-08,802.84,1177660.0
2016-09-09,788.48,1887633.0
2016-09-12,798.82,1863737.0
2016-09-13,788.72,1809044.0
2016-09-14,790.46,1313912.0
2016-09-15,801.23,1566360.0
2016-09-16,797.97,2130571.0
2016-09-19,795.39,1149522.0
2016-09-20,799.78,1050041.0
2016-09-21,805.03,1348476.0
2016-09-22,815.95,1759290.0
2016-09-23,814.96,1411673.0
2016-09-26,802.65,1472732.0
2016-09-27,810.73,1367271.0
2016-09-28,810.06,1470280.0
2016-09-29,802.64,1349974.0
2016-09-30,804.06,1660201.0
2016-10-03,800.38,1489212.0
2016-10-04,802.79,1258706.0
2016-10-05,801.23,1213820.0
2016-10-06,803.08,1099909.0
2016-10-07,800.71,1163899.0
2016-10-10,814.17,1496115.0
2016-10-11,809.57,1721575.0
2016-10-12,811.77,907876.0
2016-10-13,804.08,1368981.0
2016-10-14,804.6,1111934.0
2016-10-17,806.84,1056367.0
2016-10-18,821.49,2289265.0
2016-10-19,827.09,1500142.0
2016-10-20,821.63,1393870.0
2016-10-21,824.06,1615814.0
2016-10-24,835.74,1447616.0
2016-10-25,828.55,1890712.0
2016-10-26,822.1,1794868.0
2016-10-27,817.35,2973486.0
2016-10-28,819.56,4354884.0
2016-10-31,809.9,2242679.0
2016-11-01,805.48,2355890.0
2016-11-02,788.42,2350736.0
2016-11-03,782.19,2175216.0
2016-11-04,781.1,1970603.0
2016-11-07,802.03,1992570.0
2016-11-08,811.98,1769069.0
2016-11-09,805.59,3098510.0
2016-11-10,780.29,5909609.0
2016-11-11,771.75,3592641.0
2016-11-14,753.22,3688274.0
2016-11-15,775.16,2943889.0
2016-11-16,779.98,1798360.0
2016-11-17,786.16,1533679.0
2016-11-18,775.97,1806264.0
2016-11-21,784.8,1630835.0
2016-11-22,785.0,1394174.0
2016-11-23,779.0,1312981.0
2016-11-25,780.23,613549.0
2016-11-28,785.79,2575432.0
2016-11-29,789.44,1561981.0
2016-11-30,775.88,2279054.0
2016-12-01,764.33,2867074.0
2016-12-02,764.46,1718846.0
2016-12-05,778.22,1688473.0
2016-12-06,776.18,1734099.0
2016-12-07,791.47,2029415.0
2016-12-08,795.17,1612531.0
2016-12-09,809.45,1904463.0
2016-12-12,807.9,1628602.0
2016-12-13,815.34,2128210.0
2016-12-14,817.89,1799654.0
2016-12-15,815.65,1769719.0
2016-12-16,809.84,2598866.0
2016-12-19,812.5,1263581.0
2016-12-20,815.2,1271883.0
2016-12-21,812.2,1459628.0
2016-12-22,809.68,1132119.0
2016-12-23,807.8,765537.0
2016-12-27,809.93,975962.0
2016-12-28,804.57,1214756.0
2016-12-29,802.88,1057392.0
2016-12-30,792.45,1735879.0
2017-01-03,808.01,1959033.0
2017-01-04,807.77,1515339.0
2017-01-05,813.02,1340535.0
2017-01-06,825.21,2017097.0
2017-01-09,827.18,1408924.0
2017-01-10,826.01,1197442.0
2017-01-11,829.86,1325394.0
2017-01-12,829.53,1350308.0
2017-01-13,830.94,1290182.0
2017-01-17,827.46,1440905.0
2017-01-18,829.02,1027698.0
2017-01-19,824.37,1070454.0
2017-01-20,828.17,1306183.0
2017-01-23,844.43,2457377.0
2017-01-24,849.53,1688375.0
2017-01-25,858.45,1662148.0
2017-01-26,856.98,3493251.0
2017-01-27,845.03,3752497.0
2017-01-30,823.83,3516933.0
2017-01-31,820.19,2020180.0
2017-02-01,815.24,2251047.0
2017-02-02,818.26,1689179.0
2017-02-03,820.13,1528095.0
2017-02-06,821.62,1350875.0
2017-02-07,829.23,1666605.0
2017-02-08,829.88,1302225.0
2017-02-09,830.06,1194238.0
2017-02-10,834.85,1415128.0
2017-02-13,838.96,1295708.0
2017-02-14,840.03,1363345.0
2017-02-15,837.32,1357185.0
2017-02-16,842.17,1005084.0
2017-02-17,846.55,1461210.0
2017-02-21,849.27,1261062.0
2017-02-22,851.36,1224889.0
2017-02-23,851.0,1386681.0
2017-02-24,847.81,1346189.0
2017-02-27,849.67,1010333.0
2017-02-28,844.93,1383119.0
2017-03-01,856.75,1818671.0
2017-03-02,849.85,1250938.0
2017-03-03,849.08,1006612.0
2017-03-06,847.27,1047872.0
2017-03-07,851.15,1038696.0
2017-03-08,853.64,1029834.0
2017-03-09,857.84,1347697.0
2017-03-10,861.405,1336585.0
2017-03-13,864.58,1166605.0
2017-03-14,865.91,1061692.0
2017-03-15,868.39,1332885.0
2017-03-16,870.0,1104452.0
2017-03-17,872.37,1868252.0
2017-03-20,867.91,1542199.0
2017-03-21,850.14,2537978.0
2017-03-22,849.8,1366749.0
2017-03-23,839.65,3287669.0
2017-03-24,835.14,2105682.0
2017-03-27,838.51,1935211.0
2017-03-28,840.63,1519202.0
2017-03-29,849.87,1457347.0
2017-03-30,849.48,949398.0
2017-03-31,847.8,1440982.0
2017-04-03,856.75,1969402.0
2017-04-04,852.57,1348494.0
2017-04-05,848.91,1855153.0
2017-04-06,845.095,1533564.0
2017-04-07,842.1,1110404.0
2017-04-10,841.7,1046215.0
2017-04-11,839.88,974343.0
2017-04-12,841.46,1135775.0
2017-04-13,840.18,1073650.0
2017-04-17,855.13,1049125.0
2017-04-18,853.99,936201.0
2017-04-19,856.51,1080336.0
2017-04-20,860.08,1188843.0
2017-04-21,858.95,1172870.0
2017-04-24,878.93,1691896.0
2017-04-25,888.84,2020460.0
2017-04-26,889.14,1302032.0
2017-04-27,891.44,1817740.0
2017-04-28,924.52,38459.0
2017-05-01,932.82,2294856.0
2017-05-02,937.09,1745453.0
2017-05-03,948.45,1792847.0
2017-05-04,954.72,1934652.0
2017-05-05,950.28,1593898.0
2017-05-08,958.69,1863198.0
2017-05-09,956.71,1633396.0
2017-05-10,954.84,1135809.0
2017-05-11,955.89,1016797.0
2017-05-12,955.14,1204133.0
2017-05-15,959.22,1314574.0
2017-05-16,964.61,1069898.0
2017-05-17,942.17,2414323.0
2017-05-18,950.5,1758452.0
2017-05-19,954.65,1327354.0
2017-05-22,964.07,1305246.0
2017-05-23,970.55,1529617.0
2017-05-24,977.61,1128880.0
2017-05-25,991.86,1951402.0
2017-05-26,993.27,1622807.0
2017-05-30,996.17,1511472.0
2017-05-31,987.09,1703990.0
2017-06-01,988.29,1295552.0
2017-06-02,996.12,1719720.0
2017-06-05,1003.88,1353264.0
2017-06-06,996.68,1517356.0
2017-06-07,1001.59,1348198.0
2017-06-08,1004.28,1657881.0
2017-06-09,970.12,3613964.0
2017-06-12,961.81,4167184.0
2017-06-13,970.5,1992456.0
2017-06-14,967.93,1489046.0
2017-06-15,960.18,2349212.0
2017-06-16,958.62,2484914.0
2017-06-19,975.22,1449343.0
2017-06-20,968.99,1273013.0
2017-06-21,978.59,1141315.0
2017-06-22,976.62,940086.0
2017-06-23,986.09,1439728.0
2017-06-26,972.09,1505655.0
2017-06-27,948.09,2428048.0
2017-06-28,961.01,2713366.0
2017-06-29,937.82,3182331.0
2017-06-30,929.68,2185444.0
2017-07-03,919.46,1694587.0
2017-07-05,932.26,2054927.0
2017-07-06,927.69,1941822.0
2017-07-07,940.81,1614080.0
2017-07-10,951.0,1409850.0
2017-07-11,953.53,1444540.0
2017-07-12,967.66,1589548.0
2017-07-13,968.85,1519987.0
2017-07-14,976.91,1048240.0
2017-07-17,975.96,1644618.0
2017-07-18,986.95,1398920.0
2017-07-19,992.77,1392709.0
2017-07-20,992.19,1410290.0
2017-07-21,993.84,1412108.0
2017-07-24,998.31,3053176.0
2017-07-25,969.03,5793414.0
2017-07-26,965.31,2166225.0
2017-07-27,952.51,3685905.0
2017-07-28,958.33,1795477.0
2017-07-31,945.5,2268160.0
2017-08-01,946.56,1205799.0
2017-08-02,947.64,2019979.0
2017-08-03,940.3,1028591.0
2017-08-04,945.79,1192871.0
2017-08-07,945.75,1405132.0
2017-08-08,944.19,1438418.0
2017-08-09,940.08,1360604.0
2017-08-10,923.59,2657279.0
2017-08-11,930.09,1589808.0
2017-08-14,938.93,1140212.0
2017-08-15,938.08,1006064.0
2017-08-16,944.27,1329301.0
2017-08-17,927.66,1653779.0
2017-08-18,926.18,1327288.0
2017-08-21,920.87,1292624.0
2017-08-22,940.4,1711377.0
2017-08-23,942.58,1126487.0
2017-08-24,936.89,1249098.0
2017-08-25,930.5,1169101.0
2017-08-28,928.13,1025199.0
2017-08-29,935.75,1144834.0
2017-08-30,943.63,1112814.0
2017-08-31,955.24,1672387.0
2017-09-01,951.99,1034769.0
2017-09-05,941.48,1455058.0
2017-09-06,942.02,1375952.0
2017-09-07,949.89,1103286.0
2017-09-08,941.41,996449.0
2017-09-11,943.29,1317796.0
2017-09-12,946.65,1245767.0
2017-09-13,950.44,1092849.0
2017-09-14,940.13,1415168.0
2017-09-15,935.29,1940047.0
2017-09-18,929.75,1445532.0
2017-09-19,936.86,1217430.0
2017-09-20,947.54,1896919.0
2017-09-21,947.55,1302726.0
2017-09-22,943.26,1067617.0
2017-09-25,934.28,1847436.0
2017-09-26,937.43,1618182.0
2017-09-27,959.9,2313498.0
2017-09-28,964.81,1347750.0
2017-09-29,973.72,1906445.0
2017-10-02,967.47,1466444.0
2017-10-03,972.08,1080312.0
2017-10-04,966.78,896531.0
2017-10-05,985.19,1627255.0
2017-10-06,993.64,1490744.0
2017-10-09,992.31,1151035.0
2017-10-10,987.8,1158864.0
2017-10-11,1005.65,1748443.0
2017-10-12,1005.65,1521137.0
2017-10-13,1007.87,1308881.0
2017-10-16,1009.35,1066744.0
2017-10-17,1011.0,991412.0
2017-10-18,1012.74,1270218.0
2017-10-19,1001.84,1677021.0
2017-10-20,1005.07,1568454.0
2017-10-23,985.54,1623580.0
2017-10-24,988.49,1416283.0
2017-10-25,991.46,1368042.0
2017-10-26,991.42,1827682.0
2017-10-27,1033.67,5139945.0
2017-10-30,1033.13,2245352.0
2017-10-31,1033.04,1490660.0
2017-11-01,1042.6,2105729.0
2017-11-02,1042.97,1233333.0
2017-11-03,1049.99,1370874.0
2017-11-06,1042.68,897897.0
2017-11-07,1052.39,1254965.0
2017-11-08,1058.29,1214600.0
2017-11-09,1047.72,1776722.0
2017-11-10,1044.15,955500.0
2017-11-13,1041.2,914852.0
2017-11-14,1041.64,982782.0
2017-11-15,1036.41,900695.0
2017-11-16,1048.47,1125995.0
2017-11-17,1035.89,1286044.0
2017-11-20,1034.66,850423.0
2017-11-21,1050.3,1075568.0
2017-11-22,1051.92,721498.0
2017-11-24,1056.52,825342.0
2017-11-27,1072.01,1708195.0
2017-11-28,1063.29,1694098.0
2017-11-29,1037.38,2787784.0
2017-11-30,1036.17,2231818.0
2017-12-01,1025.07,1866985.0
2017-12-04,1011.87,1896325.0
2017-12-05,1019.6,1927802.0
2017-12-06,1032.72,1369276.0
2017-12-07,1044.57,1437448.0
2017-12-08,1049.38,1479665.0
2017-12-11,1051.97,1096997.0
2017-12-12,1048.77,1684977.0
2017-12-13,1051.39,1369580.0
2017-12-14,1057.47,1531504.0
2017-12-15,1072.0,3080738.0
2017-12-18,1085.09,1482768.0
2017-12-19,1079.78,1287930.0
2017-12-20,1073.56,1429035.0
2017-12-21,1070.85,1211012.0
2017-12-22,1068.86,860800.0
2017-12-26,1065.85,914574.0
2017-12-27,1060.2,1027634.0
2017-12-28,1055.95,982285.0
2017-12-29,1053.4,1156357.0
2018-01-02,1073.21,1555809.0
2018-01-03,1091.52,1550593.0
2018-01-04,1095.76,1289293.0
2018-01-05,1110.29,1493389.0
2018-01-08,1114.21,1148958.0
2018-01-09,1112.79,1335995.0
2018-01-10,1110.14,1027781.0
2018-01-11,1112.05,1102461.0
2018-01-12,1130.65,1914460.0
2018-01-16,1130.7,1783881.0
2018-01-17,1139.1,1353097.0
2018-01-18,1135.97,1333633.0
2018-01-19,1143.5,1418376.0
2018-01-22,1164.16,1437954.0
2018-01-23,1176.17,1832126.0
2018-01-24,1171.29,1818182.0
2018-01-25,1182.14,1398961.0
2018-01-26,1187.56,1981476.0
2018-01-29,1186.48,1533931.0
2018-01-30,1177.37,1792602.0
2018-01-31,1182.22,1643877.0
2018-02-01,1181.59,2774967.0
2018-02-02,1119.2,5798880.0
2018-02-05,1062.39,3742469.0
2018-02-06,1084.43,3732527.0
2018-02-07,1055.41,2544683.0
2018-02-08,1007.71,3067173.0
2018-02-09,1046.27,4436032.0
2018-02-12,1054.56,2796258.0
2018-02-13,1054.14,1574121.0
2018-02-14,1072.7,2029979.0
2018-02-15,1091.36,1806206.0
2018-02-16,1095.5,1971928.0
2018-02-20,1103.59,1646405.0
2018-02-21,1113.75,2024534.0
2018-02-22,1109.9,1386115.0
2018-02-23,1128.09,1234539.0
2018-02-26,1143.7,1489118.0
2018-02-27,1117.51,2094863.0
2018-02-28,1103.92,2431023.0
2018-03-01,1071.41,2766856.0
2018-03-02,1084.14,2508145.0
2018-03-05,1094.76,1432369.0
2018-03-06,1100.9,1169068.0
2018-03-07,1115.04,1537429.0
2018-03-08,1129.38,1510478.0
2018-03-09,1160.84,2070174.0
2018-03-12,1165.93,2129297.0
2018-03-13,1139.91,2129435.0
2018-03-14,1148.89,2033697.0
2018-03-15,1150.61,1623868.0
2018-03-16,1134.42,2654602.0
2018-03-19,1100.07,3076349.0
2018-03-20,1095.8,2709310.0
2018-03-21,1094.0,1990515.0
2018-03-22,1053.15,3418154.0
2018-03-23,1026.55,2413517.0
2018-03-26,1054.09,3272409.0
2018-03-27,1006.94,2940957.0
2018-03-28,1005.18,3884943.0
2018-03-29,1037.14,3466876.0
2018-04-02,1012.63,3253387.0
2018-04-03,1018.68,2566146.0
2018-04-04,1029.71,2536198.0
2018-04-05,1032.64,1791761.0
2018-04-06,1009.95,2006683.0
2018-04-09,1020.09,1661012.0
2018-04-10,1036.5,1836678.0
2018-04-11,1025.06,1703015.0
2018-04-12,1037.29,1644794.0
2018-04-13,1036.04,1270461.0
2018-04-16,1046.1,1488822.0
2018-04-17,1079.36,2729197.0
2018-04-18,1075.39,1556298.0
2018-04-19,1089.45,1994247.0
2018-04-20,1077.32,2121692.0
2018-04-23,1073.81,3479496.0
2018-04-24,1022.64,6411038.0
2018-04-25,1022.99,2893047.0
2018-04-26,1043.31,2546332.0
2018-04-27,1031.45,2037263.0
2018-04-30,1018.58,1724632.0
2018-05-01,1040.75,1766256.0
2018-05-02,1026.05,1734872.0
2018-05-03,1026.3,1964066.0
2018-05-04,1051.0,1844600.0
2018-05-07,1059.46,1719971.0
2018-05-08,1058.59,1301524.0
2018-05-09,1088.95,2357979.0
2018-05-10,1105.47,1820676.0
2018-05-11,1103.38,1525218.0
2018-05-14,1106.6,1966893.0
2018-05-15,1084.87,1786926.0
2018-05-16,1084.09,1281406.0
2018-05-17,1081.26,1286907.0
2018-05-18,1069.64,1774149.0
2018-05-21,1084.01,1258999.0
2018-05-22,1075.31,1111299.0
2018-05-23,1085.96,1186998.0
2018-05-24,1085.45,1030194.0
2018-05-25,1084.08,1111161.0
2018-05-29,1068.07,1803805.0
2018-05-30,1077.47,1434282.0
2018-05-31,1100.0,3968362.0
2018-06-01,1135.0,3160100.0
2018-06-04,1153.04,2237701.0
2018-06-05,1151.02,1648222.0
2018-06-06,1146.95,1746719.0
2018-06-07,1134.42,1805388.0
2018-06-08,1132.71,1364226.0
2018-06-11,1140.9,1239770.0
2018-06-12,1148.19,1304612.0
2018-06-13,1144.23,1715074.0
2018-06-14,1160.11,1771120.0
2018-06-15,1159.27,2221891.0
2018-06-18,1183.58,1651913.0
2018-06-19,1178.69,2364127.0
2018-06-20,1184.07,2584260.0
2018-06-21,1169.44,2248277.0
2018-06-22,1169.29,1711003.0
2018-06-25,1139.28,2884131.0
2018-06-26,1132.62,1734414.0
2018-06-27,1116.94,1726866.0
2018-06-28,1126.78,1486675.0
2018-06-29,1129.19,1578116.0
2018-07-02,1142.11,1161040.0
2018-07-03,1116.28,822394.0
2018-07-05,1141.29,1429710.0
2018-07-06,1155.08,1090967.0
2018-07-09,1167.28,1079201.0
2018-07-10,1167.14,1066704.0
2018-07-11,1171.46,1662633.0
2018-07-12,1201.26,2207431.0
2018-07-13,1204.42,1631857.0
2018-07-16,1196.51,1339237.0
2018-07-17,1213.08,2008133.0
2018-07-18,1212.91,1947397.0
2018-07-19,1199.1,1916892.0
2018-07-20,1197.88,1898376.0
2018-07-23,1211.0,3272304.0
2018-07-24,1258.15,5380032.0
2018-07-25,1275.94,2575437.0
2018-07-26,1285.5,2734302.0
2018-07-27,1252.89,2418090.0
2018-07-30,1230.04,2194837.0
2018-07-31,1227.22,1969111.0
2018-08-01,1232.99,1849740.0
2018-08-02,1241.13,1735180.0
2018-08-03,1238.16,1063244.0
2018-08-06,1237.67,1105916.0
2018-08-07,1255.84,2125256.0
2018-08-08,1261.33,1718664.0
2018-08-09,1264.46,1366318.0
2018-08-10,1252.51,1334387.0
2018-08-13,1248.64,1380882.0
2018-08-14,1258.14,1403991.0
2018-08-15,1232.22,1852558.0
2018-08-16,1224.06,1608799.0
2018-08-17,1215.85,1654629.0
2018-08-20,1221.95,1111173.0
2018-08-21,1217.41,1154093.0
2018-08-22,1221.75,1114832.0
2018-08-23,1221.16,1233347.0
2018-08-24,1236.75,1222653.0
2018-08-27,1256.27,1428992.0
2018-08-28,1245.86,1366516.0
2018-08-29,1264.65,1846615.0
2018-08-30,1254.44,1505219.0
2018-08-31,1231.8,2115424.0
2018-09-04,1211.31,2072869.0
2018-09-05,1199.1,2699394.0
2018-09-06,1183.99,2342722.0
2018-09-07,1177.59,1633190.0
2018-09-10,1175.06,1383938.0
2018-09-11,1189.99,1462688.0
2018-09-12,1171.6,1785833.0
2018-09-13,1182.14,2003418.0
2018-09-14,1177.98,1208767.0
2018-09-17,1159.83,1704790.0
2018-09-18,1167.11,1615701.0
2018-09-19,1174.27,1298084.0
2018-09-20,1191.57,1462455.0
2018-09-21,1172.12,4561119.0
2018-09-24,1179.56,1557479.0
2018-09-25,1193.89,1657809.0
2018-09-26,1194.06,1882524.0
2018-09-27,1207.36,1813652.0
2018-09-28,1207.08,1780759.0
2018-10-01,1208.53,1659364.0
2018-10-02,1207.64,2008956.0
2018-10-03,1211.53,1312686.0
2018-10-04,1177.07,2328778.0
2018-10-05,1167.83,1593012.0
2018-10-08,1155.92,2309539.0
2018-10-09,1145.17,1684728.0
2018-10-10,1092.16,2949006.0
2018-10-11,1090.74,3384775.0
2018-10-12,1120.54,2468920.0
2018-10-15,1102.44,1503956.0
2018-10-16,1133.08,1918879.0
2018-10-17,1127.59,1782614.0
2018-10-18,1097.91,2307596.0
2018-10-19,1105.18,2064289.0
2018-10-22,1111.37,1355842.0
2018-10-23,1114.91,1884255.0
2018-10-24,1057.12,2464295.0
2018-10-25,1103.59,3647814.0
2018-10-26,1083.75,5321883.0
2018-10-29,1034.73,4064452.0
2018-10-30,1049.51,2988418.0
2018-10-31,1090.58,3545821.0
2018-11-01,1085.98,2006575.0
2018-11-02,1071.49,2172215.0
2018-11-05,1055.73,2267870.0
2018-11-06,1069.57,1433013.0
2018-11-07,1108.24,2169392.0
2018-11-08,1094.63,1685193.0
2018-11-09,1077.02,1743298.0
2018-11-12,1049.36,1700091.0
2018-11-13,1047.97,1287475.0
2018-11-14,1054.58,1733302.0
2018-11-15,1071.05,2079154.0
2018-11-16,1068.27,1768308.0
2018-11-19,1027.42,2284191.0
2018-11-20,1030.45,2722934.0
2018-11-21,1043.43,1485172.0
2018-11-23,1030.1,708859.0
2018-11-26,1055.94,1577941.0
2018-11-27,1052.28,1652433.0
2018-11-28,1091.79,2302121.0
2018-11-29,1094.58,1550523.0
2018-11-30,1109.65,2983340.0
2018-12-03,1116.36,2876449.0
2018-12-04,1062.47,2281485.0
2018-12-06,1078.08,2371825.0
2018-12-07,1046.58,2134111.0
2018-12-10,1053.18,1682646.0
2018-12-11,1061.65,1692576.0
2018-12-12,1073.73,1447973.0
2018-12-13,1073.54,1249403.0
2018-12-14,1051.71,1817949.0
2018-12-17,1025.65,2496551.0
2018-12-18,1043.41,2182019.0
2018-12-19,1035.46,2913237.0
2018-12-20,1023.58,2683670.0
2018-12-21,991.25,5232490.0
2018-12-24,984.67,1817955.0
2018-12-26,1047.85,2315862.0
2018-12-27,1052.9,2299806.0
2018-12-28,1046.68,1718352.0
2018-12-31,1044.96,1655504.0
2019-01-02,1054.68,1593395.0
2019-01-03,1025.47,2097957.0
2019-01-04,1078.07,2301428.0
2019-01-07,1075.92,2372667.0
2019-01-08,1085.37,1770654.0
2019-01-09,1081.65,1349912.0
2019-01-10,1078.83,1329861.0
2019-01-11,1064.47,1543238.0
2019-01-14,1051.51,1424486.0
2019-01-15,1086.51,1875852.0
2019-01-16,1089.51,1914041.0
2019-01-17,1099.12,1244801.0
2019-01-18,1107.3,2244569.0
2019-01-22,1078.63,1981594.0
2019-01-23,1084.41,1259738.0
2019-01-24,1084.0,1455948.0
2019-01-25,1101.51,1163788.0
2019-01-28,1079.86,1466714.0
2019-01-29,1070.06,985248.0
2019-01-30,1097.99,1472647.0
2019-01-31,1125.89,2011572.0
2019-02-01,1118.62,1655813.0
2019-02-04,1141.42,3920591.0
2019-02-05,1151.87,4114790.0
2019-02-06,1122.89,2412820.0
2019-02-07,1105.91,1914877.0
2019-02-08,1102.38,1088327.0
2019-02-11,1102.12,924881.0
2019-02-12,1127.58,1751771.0
2019-02-13,1128.63,1402087.0
2019-02-14,1129.2,1055297.0
2019-02-15,1119.63,1391348.0
2019-02-19,1126.51,1099259.0
2019-02-20,1120.59,1204533.0
2019-02-21,1104.21,1663980.0
2019-02-22,1116.56,1471783.0
2019-02-25,1117.33,1310362.0
2019-02-26,1122.01,1751261.0
2019-02-27,1122.89,1104881.0
2019-02-28,1126.55,1371355.0
2019-03-01,1148.52,1704258.0
2019-03-04,1153.42,1774467.0
2019-03-05,1169.19,2004723.0
2019-03-06,1164.94,1180052.0
2019-03-07,1150.85,1504328.0
2019-03-08,1149.97,1184732.0
2019-03-11,1179.26,1501633.0
2019-03-12,1197.25,2110979.0
2019-03-13,1199.06,1294354.0
2019-03-14,1192.53,1365072.0
2019-03-15,1190.3,2593338.0
2019-03-18,1188.55,1222203.0
2019-03-19,1202.46,1489407.0
2019-03-20,1226.43,2075442.0
2019-03-21,1236.13,1407480.0
2019-03-22,1207.65,1721133.0
2019-03-25,1197.38,1378849.0
2019-03-26,1189.84,1537606.0
2019-03-27,1178.01,1471402.0
2019-03-28,1172.27,1120122.0
2019-03-29,1176.89,1544615.0
2019-04-01,1198.98,1385595.0
2019-04-02,1205.54,914413.0
2019-04-03,1210.81,1109614.0
2019-04-04,1219.45,1051089.0
2019-04-05,1211.45,1001044.0
2019-04-08,1208.28,1087588.0
2019-04-09,1202.69,983840.0
2019-04-10,1206.45,775456.0
2019-04-11,1209.59,849947.0
2019-04-12,1222.73,1215610.0
2019-04-15,1226.53,1189974.0
2019-04-16,1231.91,1131099.0
2019-04-17,1240.14,1518286.0
2019-04-18,1241.47,1237788.0
2019-04-22,1253.76,954419.0
2019-04-23,1270.59,1593449.0
2019-04-24,1260.05,1169797.0
2019-04-25,1267.34,1567161.0
2019-04-26,1277.42,1361419.0
2019-04-29,1296.2,3618362.0
2019-04-30,1198.96,6658855.0
2019-05-01,1173.32,3717018.0
2019-05-02,1166.51,2254890.0
2019-05-03,1189.55,2079376.0
2019-05-06,1193.46,1588684.0
2019-05-07,1178.86,1830238.0
2019-05-08,1170.78,1276022.0
2019-05-09,1167.97,1477752.0
2019-05-10,1167.64,1582460.0
2019-05-13,1136.59,2281686.0
2019-05-14,1124.86,2019550.0
2019-05-15,1170.8,2965117.0
2019-05-16,1184.5,1765388.0
2019-05-17,1168.78,1268050.0
2019-05-20,1144.66,1530126.0
2019-05-21,1154.44,1028248.0
2019-05-22,1155.85,941279.0
2019-05-23,1145.34,1260657.0
2019-05-24,1138.61,927651.0
2019-05-28,1139.56,1047554.0
2019-05-29,1119.94,1811510.0
2019-05-30,1121.41,904419.0
2019-05-31,1106.5,1579481.0
2019-06-03,1038.74,4844480.0
2019-06-04,1054.49,3025564.0
2019-06-05,1044.64,2349436.0
2019-06-06,1047.76,1451026.0
2019-06-07,1068.37,2191357.0
2019-06-10,1082.76,1425464.0
2019-06-11,1081.04,1675817.0
2019-06-12,1079.1,1183650.0
2019-06-13,1091.01,1040661.0
2019-06-14,1086.3,1229304.0
2019-06-17,1093.89,988491.0
2019-06-18,1105.24,1726312.0
2019-06-19,1104.51,1336015.0
2019-06-20,1113.2,1200908.0
2019-06-21,1125.37,2538872.0
2019-06-24,1116.7,1211893.0
2019-06-25,1087.58,1582217.0
2019-06-26,1080.32,1734873.0
2019-06-27,1076.63,1203914.0
2019-06-28,1082.8,1683568.0
2019-07-01,1100.0,1464449.0
2019-07-02,1112.6,1031919.0
2019-07-03,1122.99,1007718.0
2019-07-05,1132.66,1489678.0
2019-07-08,1116.79,1494371.0
2019-07-09,1124.29,1473622.0
2019-07-10,1140.91,1535546.0
2019-07-11,1144.08,1300529.0
2019-07-12,1145.34,1093933.0
2019-07-15,1150.51,1058431.0
2019-07-16,1153.46,1267641.0
2019-07-17,1146.74,976894.0
2019-07-18,1147.24,1273769.0
2019-07-19,1131.55,1159153.0
2019-07-22,1139.21,1446757.0
2019-07-23,1148.05,1032438.0
2019-07-24,1139.73,1359956.0
2019-07-25,1135.94,2738139.0
2019-07-26,1245.22,6058710.0
