,date,Close,Volume
2767,2009-01-02,29.42,21879800.0
2768,2009-01-05,28.43,32414700.0
2769,2009-01-06,28.3,28746100.0
2770,2009-01-07,27.21,30532700.0
2771,2009-01-08,27.18,21431200.0
2772,2009-01-09,26.68,30941600.0
2773,2009-01-12,25.94,34301100.0
2774,2009-01-13,25.99,31596000.0
2775,2009-01-14,25.41,35365400.0
2776,2009-01-15,25.12,43214400.0
2777,2009-01-16,25.23,33338600.0
2778,2009-01-20,25.02,34309600.0
2779,2009-01-21,25.79,38034600.0
2780,2009-01-22,25.51,30169400.0
2781,2009-01-23,26.12,34115600.0
2782,2009-01-26,26.83,36092300.0
2783,2009-01-27,25.93,34692600.0
2784,2009-01-28,25.91,56239500.0
2785,2009-01-29,24.71,44475100.0
2786,2009-01-30,24.62,38075300.0
2787,2009-02-02,25.16,27045300.0
2788,2009-02-03,25.37,31427100.0
2789,2009-02-04,24.66,35628200.0
2790,2009-02-05,25.15,29736300.0
2791,2009-02-06,26.08,30843100.0
2792,2009-02-09,25.89,22255100.0
2793,2009-02-10,24.56,38130200.0
2794,2009-02-11,24.44,26144000.0
2795,2009-02-12,24.29,40520300.0
2796,2009-02-13,24.19,23517600.0
2797,2009-02-17,23.22,38112000.0
2798,2009-02-18,22.96,28523800.0
2799,2009-02-19,23.19,28024600.0
2800,2009-02-20,23.58,39915900.0
2801,2009-02-23,22.68,36406000.0
2802,2009-02-24,23.25,39478800.0
2803,2009-02-25,23.71,61244800.0
2804,2009-02-26,24.09,41741600.0
2805,2009-02-27,23.77,37716700.0
2806,2009-03-02,23.04,43542100.0
2807,2009-03-03,22.67,48163400.0
2808,2009-03-04,23.0,37300600.0
2809,2009-03-05,22.56,48618600.0
2810,2009-03-06,22.58,47881200.0
2811,2009-03-09,21.72,38643300.0
2812,2009-03-10,23.02,44400200.0
2813,2009-03-11,23.35,33882600.0
2814,2009-03-12,24.35,39954500.0
2815,2009-03-13,24.27,27803200.0
2816,2009-03-16,24.36,29189500.0
2817,2009-03-17,25.37,37695200.0
2818,2009-03-18,25.7,37357300.0
2819,2009-03-19,25.6,32987500.0
2820,2009-03-20,25.33,46474300.0
2821,2009-03-23,26.92,43655000.0
2822,2009-03-24,26.21,27414200.0
2823,2009-03-25,26.18,39049300.0
2824,2009-03-26,26.35,35361500.0
2825,2009-03-27,26.0,22141400.0
2826,2009-03-30,25.16,30121300.0
2827,2009-03-31,25.2,36371300.0
2828,2009-04-01,25.92,28587200.0
2829,2009-04-02,26.54,34390700.0
2830,2009-04-03,26.83,25397200.0
2831,2009-04-06,26.59,26659400.0
2832,2009-04-07,25.53,25641400.0
2833,2009-04-08,25.39,24619300.0
2834,2009-04-09,26.1,28114700.0
2835,2009-04-13,26.02,20062700.0
2836,2009-04-14,25.28,28959500.0
2837,2009-04-15,25.45,26884500.0
2838,2009-04-16,25.99,32196800.0
2839,2009-04-17,25.95,38768500.0
2840,2009-04-20,25.29,27395300.0
2841,2009-04-21,25.28,31561600.0
2842,2009-04-22,25.74,50205600.0
2843,2009-04-23,25.5,31435600.0
2844,2009-04-24,25.16,28151000.0
2845,2009-04-27,25.31,27429900.0
2846,2009-04-28,25.65,26093400.0
2847,2009-04-29,25.52,33417200.0
2848,2009-04-30,25.62,32452800.0
2849,2009-05-01,26.01,22080500.0
2850,2009-05-04,26.69,27262100.0
2851,2009-05-05,26.5,19289800.0
2852,2009-05-06,26.69,24744600.0
2853,2009-05-07,25.45,53202900.0
2854,2009-05-08,25.25,41608900.0
2855,2009-05-11,25.36,25613100.0
2856,2009-05-12,25.73,23279000.0
2857,2009-05-13,25.24,22668500.0
2858,2009-05-14,24.98,30646700.0
2859,2009-05-15,24.88,26496700.0
2860,2009-05-18,24.59,36769400.0
2861,2009-05-19,24.67,24914600.0
2862,2009-05-20,24.13,37882000.0
2863,2009-05-21,23.67,30920300.0
2864,2009-05-22,23.68,23530700.0
2865,2009-05-26,24.51,32507500.0
2866,2009-05-27,24.07,25870500.0
2867,2009-05-28,24.63,26422300.0
2868,2009-05-29,24.79,25233700.0
2869,2009-06-01,24.64,27941800.0
2870,2009-06-02,24.84,29322900.0
2871,2009-06-03,24.46,34404800.0
2872,2009-06-04,24.36,32978000.0
2873,2009-06-05,24.56,25765300.0
2874,2009-06-08,24.4,29625800.0
2875,2009-06-09,24.21,30352600.0
2876,2009-06-10,24.28,33411000.0
2877,2009-06-11,24.79,35597300.0
2878,2009-06-12,25.01,27039800.0
2879,2009-06-15,24.63,31969100.0
2880,2009-06-16,24.22,30526700.0
2881,2009-06-17,24.14,28055800.0
2882,2009-06-18,24.13,28695600.0
2883,2009-06-19,24.04,42416300.0
2884,2009-06-22,24.15,39821900.0
2885,2009-06-23,24.66,41863100.0
2886,2009-06-24,24.65,27201200.0
2887,2009-06-25,24.85,31696800.0
2888,2009-06-26,24.82,19882000.0
2889,2009-06-29,25.22,22878000.0
2890,2009-06-30,24.84,28441600.0
2891,2009-07-01,25.07,22519000.0
2892,2009-07-02,24.59,27003700.0
2893,2009-07-06,24.8,25566200.0
2894,2009-07-07,24.33,23763400.0
2895,2009-07-08,23.54,34086400.0
2896,2009-07-09,23.38,25462800.0
2897,2009-07-10,23.44,21822100.0
2898,2009-07-13,23.77,25730700.0
2899,2009-07-14,23.45,27101800.0
2900,2009-07-15,23.97,25683100.0
2901,2009-07-16,23.71,30285900.0
2902,2009-07-17,23.98,25912700.0
2903,2009-07-20,24.42,24105100.0
2904,2009-07-21,24.57,24142700.0
2905,2009-07-22,24.84,30913300.0
2906,2009-07-23,25.48,55032700.0
2907,2009-07-24,25.45,25717200.0
2908,2009-07-27,25.73,26250800.0
2909,2009-07-28,25.52,24557400.0
2910,2009-07-29,25.95,27078300.0
2911,2009-07-30,26.34,31404500.0
2912,2009-07-31,26.23,27379200.0
2913,2009-08-03,26.23,34187900.0
2914,2009-08-04,26.27,19863100.0
2915,2009-08-05,25.73,42977800.0
2916,2009-08-06,25.55,25765600.0
2917,2009-08-07,25.62,19730500.0
2918,2009-08-10,25.58,15679700.0
2919,2009-08-11,25.36,16444500.0
2920,2009-08-12,25.65,21036800.0
2921,2009-08-13,25.48,21245200.0
2922,2009-08-14,25.45,18786800.0
2923,2009-08-17,25.02,21303700.0
2924,2009-08-18,25.1,16982300.0
2925,2009-08-19,25.38,19880100.0
2926,2009-08-20,25.54,13681000.0
2927,2009-08-21,26.0,30830200.0
2928,2009-08-24,26.14,17992200.0
2929,2009-08-25,26.3,25475600.0
2930,2009-08-26,26.51,26693100.0
2931,2009-08-27,26.42,20301900.0
2932,2009-08-28,26.21,22062800.0
2933,2009-08-31,26.05,24767500.0
2934,2009-09-01,25.36,31911200.0
2935,2009-09-02,25.37,29285000.0
2936,2009-09-03,25.15,27532300.0
2937,2009-09-04,25.51,16719800.0
2938,2009-09-08,25.75,21345300.0
2939,2009-09-09,25.94,19201700.0
2940,2009-09-10,26.56,35040600.0
2941,2009-09-11,26.66,23542300.0
2942,2009-09-14,26.53,26606200.0
2943,2009-09-15,26.7,19275400.0
2944,2009-09-16,26.54,25665500.0
2945,2009-09-17,26.37,25145500.0
2946,2009-09-18,27.05,49498400.0
2947,2009-09-21,26.87,23354800.0
2948,2009-09-22,26.5,27689600.0
2949,2009-09-23,27.13,53261800.0
2950,2009-09-24,27.03,28739200.0
2951,2009-09-25,26.96,23518000.0
2952,2009-09-28,27.43,23377000.0
2953,2009-09-29,27.2,31896300.0
2954,2009-09-30,27.01,38454800.0
2955,2009-10-01,26.61,31201300.0
2956,2009-10-02,26.52,24775100.0
2957,2009-10-05,26.76,23034200.0
2958,2009-10-06,27.15,25783400.0
2959,2009-10-07,26.18,40363600.0
2960,2009-10-08,25.94,44218900.0
2961,2009-10-09,25.66,33143600.0
2962,2009-10-12,25.6,26048500.0
2963,2009-10-13,25.9,32306100.0
2964,2009-10-14,25.83,32655400.0
2965,2009-10-15,25.91,25918900.0
2966,2009-10-16,25.7,34930800.0
2967,2009-10-19,26.0,25901600.0
2968,2009-10-20,25.99,34658000.0
2969,2009-10-21,25.94,30628900.0
2970,2009-10-22,26.1,43752600.0
2971,2009-10-23,25.73,37077900.0
2972,2009-10-26,25.31,34507500.0
2973,2009-10-27,25.6,34932300.0
2974,2009-10-28,26.08,43220600.0
2975,2009-10-29,26.23,31943900.0
2976,2009-10-30,25.67,41562400.0
2977,2009-11-02,25.59,49682900.0
2978,2009-11-03,25.36,26771800.0
2979,2009-11-04,25.53,25297000.0
2980,2009-11-05,25.94,21940600.0
2981,2009-11-06,25.93,19102200.0
2982,2009-11-09,26.34,23649700.0
2983,2009-11-10,26.36,21837100.0
2984,2009-11-11,26.44,18360000.0
2985,2009-11-12,26.29,17008800.0
2986,2009-11-13,26.25,19805000.0
2987,2009-11-16,26.29,23566900.0
2988,2009-11-17,26.28,21470900.0
2989,2009-11-18,26.31,19595400.0
2990,2009-11-19,26.11,24110500.0
2991,2009-11-20,26.02,23736600.0
2992,2009-11-23,26.78,45925200.0
2993,2009-11-24,27.1,34560500.0
2994,2009-11-25,27.08,20861200.0
2995,2009-11-27,26.99,16259400.0
2996,2009-11-30,26.94,31772600.0
2997,2009-12-01,27.18,26761600.0
2998,2009-12-02,27.35,18346300.0
2999,2009-12-03,27.52,25425900.0
3000,2009-12-04,27.6,31947900.0
3001,2009-12-07,27.97,24543700.0
3002,2009-12-08,27.61,25948300.0
3003,2009-12-09,27.56,23141200.0
3004,2009-12-10,27.76,20226000.0
3005,2009-12-11,28.01,19189100.0
3006,2009-12-14,28.05,21541600.0
3007,2009-12-15,27.6,21391100.0
3008,2009-12-16,27.52,27365300.0
3009,2009-12-17,27.22,26627800.0
3010,2009-12-18,27.32,47061400.0
3011,2009-12-21,27.54,21183500.0
3012,2009-12-22,27.9,26009400.0
3013,2009-12-23,28.04,15613200.0
3014,2009-12-24,28.1,6108400.0
3015,2009-12-28,28.33,15624600.0
3016,2009-12-29,28.34,15890100.0
3017,2009-12-30,28.32,23545000.0
3018,2009-12-31,28.03,16071000.0
3019,2010-01-04,28.58,29136600.0
3020,2010-01-05,28.44,35234500.0
3021,2010-01-06,27.61,37894600.0
3022,2010-01-07,27.3,33600300.0
3023,2010-01-08,27.1,27633400.0
3024,2010-01-11,26.97,25791200.0
3025,2010-01-12,26.96,26307800.0
3026,2010-01-13,26.64,42590900.0
3027,2010-01-14,26.19,42246100.0
3028,2010-01-15,25.79,64018300.0
3029,2010-01-19,26.2,33961700.0
3030,2010-01-20,25.83,39087000.0
3031,2010-01-21,25.67,40074900.0
3032,2010-01-22,25.39,38379700.0
3033,2010-01-25,25.58,29901500.0
3034,2010-01-26,25.33,34168600.0
3035,2010-01-27,25.62,58991800.0
3036,2010-01-28,25.54,52058900.0
3037,2010-01-29,25.36,38921000.0
3038,2010-02-01,25.38,36774400.0
3039,2010-02-02,25.69,31119800.0
3040,2010-02-03,25.58,22954100.0
3041,2010-02-04,25.03,32334600.0
3042,2010-02-05,25.24,50883200.0
3043,2010-02-08,24.98,27173100.0
3044,2010-02-09,25.26,34939200.0
3045,2010-02-10,25.12,26649500.0
3046,2010-02-11,25.19,27447000.0
3047,2010-02-12,25.07,34113100.0
3048,2010-02-16,25.32,25903700.0
3049,2010-02-17,25.4,19506300.0
3050,2010-02-18,25.24,27028500.0
3051,2010-02-19,25.1,34699600.0
3052,2010-02-22,25.02,31106800.0
3053,2010-02-23,24.83,28515800.0
3054,2010-02-24,24.91,28970800.0
3055,2010-02-25,24.77,29583200.0
3056,2010-02-26,24.81,29183900.0
3057,2010-03-01,25.0,24906000.0
3058,2010-03-02,24.88,33402000.0
3059,2010-03-03,24.89,20695100.0
3060,2010-03-04,24.96,28731200.0
3061,2010-03-05,24.99,27959100.0
3062,2010-03-08,25.28,24682700.0
3063,2010-03-09,25.56,43463200.0
3064,2010-03-10,25.52,23535700.0
3065,2010-03-11,25.6,21760600.0
3066,2010-03-12,25.62,17818100.0
3067,2010-03-15,25.78,20320300.0
3068,2010-03-16,25.85,17620400.0
3069,2010-03-17,25.9,18104200.0
3070,2010-03-18,26.06,17009600.0
3071,2010-03-19,26.24,35866700.0
3072,2010-03-22,26.4,24538400.0
3073,2010-03-23,26.55,18136300.0
3074,2010-03-24,26.26,20422000.0
3075,2010-03-25,26.15,24093000.0
3076,2010-03-26,26.24,18059800.0
3077,2010-03-29,26.51,20319800.0
3078,2010-03-30,25.95,52251000.0
3079,2010-03-31,25.84,36706500.0
3080,2010-04-01,26.11,20557700.0
3081,2010-04-05,26.31,23973200.0
3082,2010-04-06,26.31,21369600.0
3083,2010-04-07,25.65,31369800.0
3084,2010-04-08,26.02,36555700.0
3085,2010-04-09,26.44,39742000.0
3086,2010-04-12,26.38,22939700.0
3087,2010-04-13,26.2,38015700.0
3088,2010-04-14,26.24,27712000.0
3089,2010-04-15,26.24,27991400.0
3090,2010-04-16,25.93,31981500.0
3091,2010-04-19,26.38,33300300.0
3092,2010-04-20,26.66,34479700.0
3093,2010-04-21,26.34,44749800.0
3094,2010-04-22,26.27,32944900.0
3095,2010-04-23,26.25,28020900.0
3096,2010-04-26,26.27,17780000.0
3097,2010-04-27,25.95,33871100.0
3098,2010-04-28,25.91,34156700.0
3099,2010-04-29,26.14,25633000.0
3100,2010-04-30,26.06,33741000.0
3101,2010-05-03,26.28,27076400.0
3102,2010-05-04,25.9,31360000.0
3103,2010-05-05,25.77,33486400.0
3104,2010-05-06,25.14,67762600.0
3105,2010-05-07,25.1,51364100.0
3106,2010-05-10,25.67,40834900.0
3107,2010-05-11,25.64,32370000.0
3108,2010-05-12,25.82,29324900.0
3109,2010-05-13,25.74,22942900.0
3110,2010-05-14,25.4,37799000.0
3111,2010-05-17,25.77,29926000.0
3112,2010-05-18,25.59,37965200.0
3113,2010-05-19,25.57,30793800.0
3114,2010-05-20,24.96,41239300.0
3115,2010-05-21,24.85,54268200.0
3116,2010-05-24,24.43,30011000.0
3117,2010-05-25,24.32,52236300.0
3118,2010-05-26,24.13,37666100.0
3119,2010-05-27,24.63,27557500.0
3120,2010-05-28,24.3,30332100.0
3121,2010-06-01,24.33,29740900.0
3122,2010-06-02,24.78,25626800.0
3123,2010-06-03,24.8,23550400.0
3124,2010-06-04,24.17,36869800.0
3125,2010-06-07,24.32,37372700.0
3126,2010-06-08,24.97,41472800.0
3127,2010-06-09,24.9,33181300.0
3128,2010-06-10,25.44,33073200.0
3129,2010-06-11,25.29,23740200.0
3130,2010-06-14,25.17,24880400.0
3131,2010-06-15,25.54,20988600.0
3132,2010-06-16,25.52,19946600.0
3133,2010-06-17,25.57,23737000.0
3134,2010-06-18,25.43,40557800.0
3135,2010-06-21,25.44,16788000.0
3136,2010-06-22,25.36,25787100.0
3137,2010-06-23,25.44,25835100.0
3138,2010-06-24,25.05,27449600.0
3139,2010-06-25,24.79,51771200.0
3140,2010-06-28,24.95,21838100.0
3141,2010-06-29,24.46,52848900.0
3142,2010-06-30,24.19,37193800.0
3143,2010-07-01,24.34,51182800.0
3144,2010-07-02,24.29,23201000.0
3145,2010-07-06,24.41,35997200.0
3146,2010-07-07,24.33,31799800.0
3147,2010-07-08,24.57,23429800.0
3148,2010-07-09,24.83,19636200.0
3149,2010-07-12,24.84,17332700.0
3150,2010-07-13,24.95,26169600.0
3151,2010-07-14,24.96,21052100.0
3152,2010-07-15,25.0,37460800.0
3153,2010-07-16,24.69,33275000.0
3154,2010-07-19,24.88,18947500.0
3155,2010-07-20,24.79,24054900.0
3156,2010-07-21,24.92,28987100.0
3157,2010-07-22,25.51,47961300.0
3158,2010-07-23,25.54,32688000.0
3159,2010-07-26,25.96,26246700.0
3160,2010-07-27,26.15,26093700.0
3161,2010-07-28,26.2,33573700.0
3162,2010-07-29,26.02,32620400.0
3163,2010-07-30,25.94,25601700.0
3164,2010-08-02,26.59,35123700.0
3165,2010-08-03,26.69,24421300.0
3166,2010-08-04,26.64,26163600.0
3167,2010-08-05,26.74,23511100.0
3168,2010-08-06,26.54,26401300.0
3169,2010-08-09,26.86,22439000.0
3170,2010-08-10,27.01,26646100.0
3171,2010-08-11,26.55,29114200.0
3172,2010-08-12,26.66,30528000.0
3173,2010-08-13,26.72,23741500.0
3174,2010-08-16,26.65,19872000.0
3175,2010-08-17,26.97,27517200.0
3176,2010-08-18,27.28,29739100.0
3177,2010-08-19,26.97,26642500.0
3178,2010-08-20,26.45,35585200.0
3179,2010-08-23,26.49,33930100.0
3180,2010-08-24,26.72,34139000.0
3181,2010-08-25,26.89,38078500.0
3182,2010-08-26,26.7,25908100.0
3183,2010-08-27,26.94,21234400.0
3184,2010-08-30,26.63,15827400.0
3185,2010-08-31,27.03,32853800.0
3186,2010-09-01,27.35,28502000.0
3187,2010-09-02,27.4,17358000.0
3188,2010-09-03,27.44,23177900.0
3189,2010-09-07,27.27,18243800.0
3190,2010-09-08,27.39,15103400.0
3191,2010-09-09,27.81,27423800.0
3192,2010-09-10,27.83,19745400.0
3193,2010-09-13,27.93,19478200.0
3194,2010-09-14,27.93,20344700.0
3195,2010-09-15,28.01,19246200.0
3196,2010-09-16,28.11,21137400.0
3197,2010-09-17,28.17,31116800.0
3198,2010-09-20,28.54,28505700.0
3199,2010-09-21,28.61,30443300.0
3200,2010-09-22,28.59,30553100.0
3201,2010-09-23,28.51,23838600.0
3202,2010-09-24,28.58,26628900.0
3203,2010-09-27,28.87,31028200.0
3204,2010-09-28,28.92,27445800.0
3205,2010-09-29,28.71,27235200.0
3206,2010-09-30,28.6,28301200.0
3207,2010-10-01,28.81,22204300.0
3208,2010-10-04,28.86,26513400.0
3209,2010-10-05,29.36,28779200.0
3210,2010-10-06,28.62,49033800.0
3211,2010-10-07,28.25,31794600.0
3212,2010-10-08,28.22,24982200.0
3213,2010-10-11,28.32,14388600.0
3214,2010-10-12,28.39,24342000.0
3215,2010-10-13,28.47,20717200.0
3216,2010-10-14,28.5,17782500.0
3217,2010-10-15,28.33,35256100.0
3218,2010-10-18,28.62,15823400.0
3219,2010-10-19,28.21,31783200.0
3220,2010-10-20,28.61,22545500.0
3221,2010-10-21,28.34,31142500.0
3222,2010-10-22,28.29,18072100.0
3223,2010-10-25,28.36,17908600.0
3224,2010-10-26,28.31,21341700.0
3225,2010-10-27,28.35,24847800.0
3226,2010-10-28,28.5,21771200.0
3227,2010-10-29,28.52,21177700.0
3228,2010-11-01,28.72,25975600.0
3229,2010-11-02,28.94,18688500.0
3230,2010-11-03,29.06,19216600.0
3231,2010-11-04,29.44,22889000.0
3232,2010-11-05,29.27,18103900.0
3233,2010-11-08,29.18,15187200.0
3234,2010-11-09,29.18,19634200.0
3235,2010-11-10,29.05,21496500.0
3236,2010-11-11,28.83,21396200.0
3237,2010-11-12,28.46,26413400.0
3238,2010-11-15,28.63,23155600.0
3239,2010-11-16,28.24,25474500.0
3240,2010-11-17,27.96,24266700.0
3241,2010-11-18,28.44,19588900.0
3242,2010-11-19,28.32,19392600.0
3243,2010-11-22,28.29,19796200.0
3244,2010-11-23,28.03,18897000.0
3245,2010-11-24,28.14,17537500.0
3246,2010-11-26,27.93,7982500.0
3247,2010-11-29,27.7,24472200.0
3248,2010-11-30,27.79,25561300.0
3249,2010-12-01,28.28,23583500.0
3250,2010-12-02,28.55,22478300.0
3251,2010-12-03,28.49,22962700.0
3252,2010-12-06,28.3,23066600.0
3253,2010-12-07,28.54,24985800.0
3254,2010-12-08,28.63,17251200.0
3255,2010-12-09,28.82,20922400.0
3256,2010-12-10,28.89,26274300.0
3257,2010-12-13,28.78,23794700.0
3258,2010-12-14,29.34,26580000.0
3259,2010-12-15,29.13,34816800.0
3260,2010-12-16,29.23,17246300.0
3261,2010-12-17,29.21,36211400.0
3262,2010-12-20,29.13,27606700.0
3263,2010-12-21,29.07,16688700.0
3264,2010-12-22,29.13,16869200.0
3265,2010-12-23,29.2,12696200.0
3266,2010-12-27,29.25,11649400.0
3267,2010-12-28,29.23,13677100.0
3268,2010-12-29,29.31,12230000.0
3269,2010-12-30,29.33,12909200.0
3270,2010-12-31,29.38,15225500.0
3271,2011-01-03,29.67,20582900.0
3272,2011-01-04,29.88,20787200.0
3273,2011-01-05,29.98,28147200.0
3274,2011-01-06,29.15,40769500.0
3275,2011-01-07,28.85,47535100.0
3276,2011-01-10,28.34,41336100.0
3277,2011-01-11,27.91,57334400.0
3278,2011-01-12,28.04,36029400.0
3279,2011-01-13,28.08,35909200.0
3280,2011-01-14,28.43,34182800.0
3281,2011-01-18,28.33,31213700.0
3282,2011-01-19,28.33,31645100.0
3283,2011-01-20,28.23,29698500.0
3284,2011-01-21,28.33,38019400.0
3285,2011-01-24,28.48,19979100.0
3286,2011-01-25,28.76,27637800.0
3287,2011-01-26,28.73,24388900.0
3288,2011-01-27,28.13,58405300.0
3289,2011-01-28,27.49,41038800.0
3290,2011-01-31,27.52,29249400.0
3291,2011-02-01,27.87,26390600.0
3292,2011-02-02,27.67,23403600.0
3293,2011-02-03,27.99,21085400.0
3294,2011-02-04,27.97,18321300.0
3295,2011-02-07,27.96,32892700.0
3296,2011-02-08,27.91,19825200.0
3297,2011-02-09,27.97,18634300.0
3298,2011-02-10,28.24,35275800.0
3299,2011-02-11,28.47,22252100.0
3300,2011-02-14,28.46,22889700.0
3301,2011-02-15,28.24,23654600.0
3302,2011-02-16,28.3,22803900.0
3303,2011-02-17,28.5,18894600.0
3304,2011-02-18,28.57,19718100.0
3305,2011-02-22,28.2,25979200.0
3306,2011-02-23,28.03,24762900.0
3307,2011-02-24,27.92,28135600.0
3308,2011-02-25,28.13,16055200.0
3309,2011-02-28,28.38,21184000.0
3310,2011-03-01,28.08,22212100.0
3311,2011-03-02,28.17,26876600.0
3312,2011-03-03,28.13,21850800.0
3313,2011-03-04,27.9175,26508900.0
3314,2011-03-07,27.9,23872700.0
3315,2011-03-08,28.45,30093400.0
3316,2011-03-09,28.79,28779700.0
3317,2011-03-10,28.61,34483800.0
3318,2011-03-11,28.46,21873700.0
3319,2011-03-14,28.19,25276000.0
3320,2011-03-15,27.81,38508100.0
3321,2011-03-16,27.33,37132000.0
3322,2011-03-17,27.74,26072300.0
3323,2011-03-18,27.94,26521800.0
3324,2011-03-21,28.26,61997800.0
3325,2011-03-22,28.1,28864900.0
3326,2011-03-23,28.14,21838900.0
3327,2011-03-24,28.54,32582800.0
3328,2011-03-25,28.85,23649600.0
3329,2011-03-28,29.36,50482600.0
3330,2011-03-29,30.05,42029800.0
3331,2011-03-30,30.71,52826300.0
3332,2011-03-31,30.61,116644900.0
3333,2011-04-01,30.62,121996400.0
3334,2011-04-04,30.77,37650500.0
3335,2011-04-05,30.7,29153400.0
3336,2011-04-06,30.47,25147300.0
3337,2011-04-07,30.54,29985100.0
3338,2011-04-08,30.71,26136700.0
3339,2011-04-11,30.66,22785500.0
3340,2011-04-12,30.47,21932900.0
3341,2011-04-13,30.18,21186000.0
3342,2011-04-14,30.29,19422200.0
3343,2011-04-15,30.65,22679000.0
3344,2011-04-18,30.31,21486100.0
3345,2011-04-19,30.31,23756500.0
3346,2011-04-20,30.13,31223200.0
3347,2011-04-21,30.68,25574000.0
3348,2011-04-25,30.55,13254500.0
3349,2011-04-26,30.94,21000400.0
3350,2011-04-27,31.42,28463600.0
3351,2011-04-28,31.37,24050700.0
3352,2011-04-29,31.12,25540500.0
3353,2011-05-02,31.21,27573300.0
3354,2011-05-03,31.86,46242200.0
3355,2011-05-04,31.79,26214700.0
3356,2011-05-05,31.22,31477700.0
3357,2011-05-06,31.26,24422300.0
3358,2011-05-09,31.35,15376300.0
3359,2011-05-10,31.69,17096800.0
3360,2011-05-11,31.38,20229300.0
3361,2011-05-12,31.64,22032800.0
3362,2011-05-13,31.41,17715200.0
3363,2011-05-16,31.06,32195400.0
3364,2011-05-17,31.12,20981000.0
3365,2011-05-18,31.2,17754900.0
3366,2011-05-19,31.4,14716000.0
3367,2011-05-20,31.32,16843800.0
3368,2011-05-23,31.08,18110400.0
3369,2011-05-24,31.16,17338800.0
3370,2011-05-25,31.0,18177000.0
3371,2011-05-26,31.11,20179900.0
3372,2011-05-27,31.29,17248500.0
3373,2011-05-31,31.56,23689900.0
3374,2011-06-01,31.17,22151100.0
3375,2011-06-02,30.97,17434400.0
3376,2011-06-03,30.65,21807100.0
3377,2011-06-06,30.36,17966200.0
3378,2011-06-07,30.31,15994800.0
3379,2011-06-08,30.34,20884500.0
3380,2011-06-09,30.33,16702300.0
3381,2011-06-10,30.34,23682600.0
3382,2011-06-13,30.55,23344800.0
3383,2011-06-14,30.79,20066000.0
3384,2011-06-15,30.35,24251600.0
3385,2011-06-16,30.43,18918100.0
3386,2011-06-17,30.77,27875100.0
3387,2011-06-20,30.96,17484200.0
3388,2011-06-21,31.11,36025500.0
3389,2011-06-22,30.88,17831400.0
3390,2011-06-23,30.72,24501200.0
3391,2011-06-24,30.44,20177000.0
3392,2011-06-27,30.76,18753400.0
3393,2011-06-28,31.02,17214100.0
3394,2011-06-29,31.26,19974500.0
3395,2011-06-30,31.41,40634100.0
3396,2011-07-01,31.68,20029400.0
3397,2011-07-05,31.63,20885600.0
3398,2011-07-06,31.23,18067600.0
3399,2011-07-07,31.23,21992300.0
3400,2011-07-08,31.14,18641800.0
3401,2011-07-11,30.8,19328100.0
3402,2011-07-12,30.77,21553500.0
3403,2011-07-13,30.82,15749700.0
3404,2011-07-14,30.58,21715000.0
3405,2011-07-15,30.31,32964300.0
3406,2011-07-18,30.12,21969200.0
3407,2011-07-19,30.33,21419700.0
3408,2011-07-20,30.23,19848000.0
3409,2011-07-21,30.28,37919900.0
3410,2011-07-22,30.32,27526800.0
3411,2011-07-25,29.91,21250300.0
3412,2011-07-26,29.94,17823300.0
3413,2011-07-27,29.96,27016400.0
3414,2011-07-28,29.26,49621600.0
3415,2011-07-29,29.26,27495800.0
3416,2011-08-01,29.52,28477000.0
3417,2011-08-02,29.18,29209600.0
3418,2011-08-03,29.5,27518600.0
3419,2011-08-04,28.78,44381700.0
3420,2011-08-05,28.93,53780500.0
3421,2011-08-08,27.7,71994200.0
3422,2011-08-09,28.85,76610000.0
3423,2011-08-10,27.88,61988400.0
3424,2011-08-11,28.44,52647300.0
3425,2011-08-12,28.22,42587100.0
3426,2011-08-15,28.81,26190900.0
3427,2011-08-16,28.79,21907100.0
3428,2011-08-17,29.17,25683100.0
3429,2011-08-18,28.46,45846600.0
3430,2011-08-19,27.99,38015000.0
3431,2011-08-22,28.45,35885200.0
3432,2011-08-23,28.98,29673300.0
3433,2011-08-24,29.43,25045700.0
3434,2011-08-25,29.06,23793300.0
3435,2011-08-26,29.04,22738500.0
3436,2011-08-29,29.26,23313100.0
3437,2011-08-30,29.62,22641800.0
3438,2011-08-31,28.48,113009600.0
3439,2011-09-01,28.27,37669400.0
3440,2011-09-02,28.05,26457800.0
3441,2011-09-06,27.83,33491100.0
3442,2011-09-07,28.13,24534400.0
3443,2011-09-08,27.96,21920400.0
3444,2011-09-09,27.54,35973100.0
3445,2011-09-12,27.88,25551800.0
3446,2011-09-13,28.12,24052900.0
3447,2011-09-14,28.26,23103300.0
3448,2011-09-15,28.54,21805400.0
3449,2011-09-16,28.94,34262000.0
3450,2011-09-19,28.58,21648500.0
3451,2011-09-20,28.85,20646600.0
3452,2011-09-21,28.3,25849500.0
3453,2011-09-22,27.75,125998700.0
3454,2011-09-23,27.85,103805100.0
3455,2011-09-26,28.34,70599100.0
3456,2011-09-27,28.67,29434700.0
3457,2011-09-28,28.55,21645600.0
3458,2011-09-29,28.84,34176700.0
3459,2011-09-30,28.52,27759500.0
3460,2011-10-03,28.16,32147600.0
3461,2011-10-04,28.31,43300000.0
3462,2011-10-05,28.31,32228000.0
3463,2011-10-06,28.41,22165400.0
3464,2011-10-07,28.44,22387500.0
3465,2011-10-10,29.17,20839400.0
3466,2011-10-11,28.77,22122500.0
3467,2011-10-12,28.99,25899600.0
3468,2011-10-13,29.1,20037500.0
3469,2011-10-14,29.17,23799900.0
3470,2011-10-17,29.02,18489200.0
3471,2011-10-18,29.21,19931100.0
3472,2011-10-19,29.09,19726300.0
3473,2011-10-20,28.99,31382600.0
3474,2011-10-21,29.13,30226900.0
3475,2011-10-24,28.88,24207400.0
3476,2011-10-25,28.41,33709500.0
3477,2011-10-26,28.75,27994700.0
3478,2011-10-27,29.14,37745400.0
3479,2011-10-28,29.74,24332100.0
3480,2011-10-31,29.31,26336500.0
3481,2011-11-01,28.7,31540300.0
3482,2011-11-02,29.08,21760000.0
3483,2011-11-03,29.44,20786000.0
3484,2011-11-04,29.16,18416300.0
3485,2011-11-07,29.44,15008500.0
3486,2011-11-08,29.46,20837700.0
3487,2011-11-09,28.91,27174200.0
3488,2011-11-10,29.16,19872100.0
3489,2011-11-11,29.42,15112200.0
3490,2011-11-14,29.19,21931900.0
3491,2011-11-15,29.25,28673900.0
3492,2011-11-16,28.78,26548100.0
3493,2011-11-17,28.61,27499300.0
3494,2011-11-18,28.64,22080200.0
3495,2011-11-21,28.36,22281800.0
3496,2011-11-22,28.08,37397500.0
3497,2011-11-23,27.55,30225400.0
3498,2011-11-25,27.41,12036800.0
3499,2011-11-28,27.95,24221400.0
3500,2011-11-29,28.06,18171800.0
3501,2011-11-30,28.98,33436200.0
3502,2011-12-01,28.84,21840400.0
3503,2011-12-02,28.96,22165000.0
3504,2011-12-05,29.15,21862000.0
3505,2011-12-06,29.17,17020700.0
3506,2011-12-07,29.4,40802000.0
3507,2011-12-08,28.86,22568200.0
3508,2011-12-09,29.03,24357500.0
3509,2011-12-12,29.01,25795900.0
3510,2011-12-13,29.04,21906400.0
3511,2011-12-14,28.81,22676100.0
3512,2011-12-15,28.79,25849000.0
3513,2011-12-16,28.85,44929300.0
3514,2011-12-19,28.74,19015400.0
3515,2011-12-20,29.12,33607200.0
3516,2011-12-21,29.3,27610300.0
3517,2011-12-22,29.66,30343000.0
3518,2011-12-23,29.87,18131500.0
3519,2011-12-27,30.04,16462300.0
3520,2011-12-28,29.95,16707700.0
3521,2011-12-29,30.17,17747500.0
3522,2011-12-30,30.24,15687800.0
3523,2012-01-03,30.38,33005300.0
3524,2012-01-04,30.43,37213900.0
3525,2012-01-05,30.4,34457000.0
3526,2012-01-06,29.68,45580800.0
3527,2012-01-09,29.66,26790100.0
3528,2012-01-10,29.76,29064200.0
3529,2012-01-11,29.99,23700600.0
3530,2012-01-12,30.12,26511100.0
3531,2012-01-13,30.07,22096800.0
3532,2012-01-17,30.25,23500200.0
3533,2012-01-18,30.33,22015000.0
3534,2012-01-19,30.42,25524000.0
3535,2012-01-20,30.51,26445100.0
3536,2012-01-23,30.4,19186300.0
3537,2012-01-24,30.09,24341100.0
3538,2012-01-25,30.21,28136800.0
3539,2012-01-26,29.45,56003200.0
3540,2012-01-27,29.16,36358500.0
3541,2012-01-30,29.34,29433400.0
3542,2012-01-31,29.41,29371200.0
3543,2012-02-01,29.6,30615800.0
3544,2012-02-02,29.79,25698100.0
3545,2012-02-03,29.95,26294400.0
3546,2012-02-06,29.97,23567300.0
3547,2012-02-07,30.04,24180600.0
3548,2012-02-08,30.02,20115200.0
3549,2012-02-09,29.99,18073900.0
3550,2012-02-10,29.84,25000200.0
3551,2012-02-13,30.04,23042700.0
3552,2012-02-14,30.07,21628300.0
3553,2012-02-15,29.87,23030300.0
3554,2012-02-16,30.02,23546700.0
3555,2012-02-17,30.01,31320000.0
3556,2012-02-21,30.34,25388800.0
3557,2012-02-22,30.28,15731900.0
3558,2012-02-23,30.46,22468900.0
3559,2012-02-24,30.34,18273700.0
3560,2012-02-27,30.36,30631900.0
3561,2012-02-28,30.53,20298000.0
3562,2012-02-29,30.59,26529700.0
3563,2012-03-01,30.63,21582000.0
3564,2012-03-02,30.87,23542400.0
3565,2012-03-05,30.99,39273200.0
3566,2012-03-06,30.725,25447700.0
3567,2012-03-07,30.88,16542500.0
3568,2012-03-08,31.0,18745600.0
3569,2012-03-09,31.18,19202000.0
3570,2012-03-12,31.44,20570800.0
3571,2012-03-13,31.63,23764600.0
3572,2012-03-14,31.45,24506000.0
3573,2012-03-15,31.64,20003200.0
3574,2012-03-16,31.59,28666300.0
3575,2012-03-19,31.65,19746000.0
3576,2012-03-20,31.79,18135100.0
3577,2012-03-21,31.84,21085300.0
3578,2012-03-22,31.71,80257500.0
3579,2012-03-23,31.52,77769100.0
3580,2012-03-26,31.79,75567700.0
3581,2012-03-27,31.64,27904800.0
3582,2012-03-28,31.36,31387200.0
3583,2012-03-29,31.21,28715500.0
3584,2012-03-30,31.23,21745700.0
3585,2012-04-02,31.45,21696800.0
3586,2012-04-03,31.43,22006400.0
3587,2012-04-04,31.57,26605900.0
3588,2012-04-05,30.94,21473600.0
3589,2012-04-09,30.64,19223300.0
3590,2012-04-10,30.13,34766600.0
3591,2012-04-11,30.45,21593600.0
3592,2012-04-12,30.84,19678900.0
3593,2012-04-13,30.54,25029500.0
3594,2012-04-16,30.61,14736000.0
3595,2012-04-17,30.89,21704500.0
3596,2012-04-18,30.75,12861100.0
3597,2012-04-19,30.74,16743800.0
3598,2012-04-20,30.86,22069800.0
3599,2012-04-23,30.61,27331000.0
3600,2012-04-24,31.72,51905000.0
3601,2012-04-25,31.74,28458400.0
3602,2012-04-26,32.44,34743900.0
3603,2012-04-27,32.67,24100000.0
3604,2012-04-30,32.91,26651400.0
3605,2012-05-01,33.06,28321400.0
3606,2012-05-02,33.04,27929300.0
3607,2012-05-03,33.11,24708200.0
3608,2012-05-04,32.86,19111300.0
3609,2012-05-07,33.0,25771200.0
3610,2012-05-08,33.04,26660300.0
3611,2012-05-09,32.81,21595200.0
3612,2012-05-10,33.13,23889100.0
3613,2012-05-11,33.59,41985000.0
3614,2012-05-14,33.53,30006400.0
3615,2012-05-15,33.35,28024400.0
3616,2012-05-16,33.19,22541800.0
3617,2012-05-17,33.29,23399200.0
3618,2012-05-18,33.66,38876800.0
3619,2012-05-21,33.63,24667800.0
3620,2012-05-22,33.54,28027300.0
3621,2012-05-23,33.36,25725200.0
3622,2012-05-24,33.64,24082600.0
3623,2012-05-25,33.69,22284100.0
3624,2012-05-29,33.94,22911100.0
3625,2012-05-30,33.84,30160800.0
3626,2012-05-31,34.17,32259000.0
3627,2012-06-01,33.9,29091800.0
3628,2012-06-04,34.15,26700400.0
3629,2012-06-05,34.06,24424900.0
3630,2012-06-06,34.56,27729800.0
3631,2012-06-07,34.16,42417600.0
3632,2012-06-08,34.55,27959400.0
3633,2012-06-11,34.59,26192000.0
3634,2012-06-12,34.98,27812900.0
3635,2012-06-13,34.98,26546000.0
3636,2012-06-14,35.69,31612200.0
3637,2012-06-15,35.71,41585800.0
3638,2012-06-18,35.63,22627200.0
3639,2012-06-19,35.47,26838900.0
3640,2012-06-20,35.41,23353100.0
3641,2012-06-21,35.03,28404000.0
3642,2012-06-22,35.17,87136400.0
3643,2012-06-25,34.95,87787000.0
3644,2012-06-26,34.98,20488400.0
3645,2012-06-27,35.19,16185100.0
3646,2012-06-28,35.39,21426600.0
3647,2012-06-29,35.66,30458800.0
3648,2012-07-02,36.2,24801600.0
3649,2012-07-03,36.0,15479800.0
3650,2012-07-05,35.77,22817200.0
3651,2012-07-06,35.44,22049600.0
3652,2012-07-09,35.54,17414000.0
3653,2012-07-10,35.44,21606900.0
3654,2012-07-11,35.26,20684700.0
3655,2012-07-12,34.87,24143600.0
3656,2012-07-13,35.35,19190100.0
3657,2012-07-16,35.42,17691300.0
3658,2012-07-17,35.82,21328400.0
3659,2012-07-18,36.19,25449900.0
3660,2012-07-19,35.48,30349500.0
3661,2012-07-20,35.29,26677300.0
3662,2012-07-23,35.38,27252700.0
3663,2012-07-24,34.63,38629700.0
3664,2012-07-25,35.33,31936700.0
3665,2012-07-26,36.3,34751200.0
3666,2012-07-27,37.14,45572900.0
3667,2012-07-30,37.43,24892300.0
3668,2012-07-31,37.92,36692300.0
3669,2012-08-01,37.64,28003600.0
3670,2012-08-02,37.54,24657600.0
3671,2012-08-03,37.58,24292000.0
3672,2012-08-06,37.61,16362500.0
3673,2012-08-07,37.44,21769500.0
3674,2012-08-08,37.43,22446800.0
3675,2012-08-09,37.23,21159700.0
3676,2012-08-10,37.49,16589500.0
3677,2012-08-13,37.39,13117500.0
3678,2012-08-14,37.25,20275700.0
3679,2012-08-15,37.1,21046300.0
3680,2012-08-16,37.24,23110400.0
3681,2012-08-17,37.17,17824500.0
3682,2012-08-20,36.89,25286800.0
3683,2012-08-21,36.59,24900000.0
3684,2012-08-22,36.56,21678700.0
3685,2012-08-23,36.56,20946000.0
3686,2012-08-24,36.95,23211700.0
3687,2012-08-27,36.87,22007300.0
3688,2012-08-28,36.64,20301100.0
3689,2012-08-29,36.82,15925700.0
3690,2012-08-30,36.69,15792600.0
3691,2012-08-31,36.64,20144800.0
3692,2012-09-04,36.81,23824200.0
3693,2012-09-05,36.93,22805800.0
3694,2012-09-06,37.44,24345400.0
3695,2012-09-07,37.3,20811600.0
3696,2012-09-10,37.42,18279800.0
3697,2012-09-11,37.62,18771700.0
3698,2012-09-12,37.72,23510400.0
3699,2012-09-13,38.15,26496300.0
3700,2012-09-14,37.26,41113300.0
3701,2012-09-17,37.6,28919500.0
3702,2012-09-18,37.66,23035700.0
3703,2012-09-19,37.76,21093900.0
3704,2012-09-20,37.94,23253600.0
3705,2012-09-21,38.08,36093800.0
3706,2012-09-24,38.25,20126200.0
3707,2012-09-25,38.06,17693700.0
3708,2012-09-26,38.08,24688900.0
3709,2012-09-27,37.99,28532800.0
3710,2012-09-28,37.7,59909900.0
3711,2012-10-01,37.75,53520100.0
3712,2012-10-02,37.81,20509500.0
3713,2012-10-03,38.17,21572900.0
3714,2012-10-04,38.34,20322700.0
3715,2012-10-05,37.86,20824800.0
3716,2012-10-08,37.66,15015300.0
3717,2012-10-09,37.14,23385100.0
3718,2012-10-10,36.92,19894500.0
3719,2012-10-11,36.26,29416800.0
3720,2012-10-12,35.63,37074200.0
3721,2012-10-15,35.21,46233400.0
3722,2012-10-16,35.4,28296900.0
3723,2012-10-17,35.72,22662400.0
3724,2012-10-18,36.02,26911000.0
3725,2012-10-19,35.32,27580100.0
3726,2012-10-22,35.26,20800800.0
3727,2012-10-23,35.0,23734100.0
3728,2012-10-24,34.71,36018300.0
3729,2012-10-25,34.5,22342700.0
3730,2012-10-26,34.63,18839200.0
3731,2012-10-31,34.59,20591400.0
3732,2012-11-01,35.09,23895800.0
3733,2012-11-02,34.93,28329400.0
3734,2012-11-05,34.83,17674700.0
3735,2012-11-06,34.8,19179000.0
3736,2012-11-07,33.6382,45957200.0
3737,2012-11-08,33.2,36669200.0
3738,2012-11-09,33.54,31871300.0
3739,2012-11-12,33.87,19995900.0
3740,2012-11-13,33.95,23021200.0
3741,2012-11-14,33.78,25150900.0
3742,2012-11-15,33.42,26051100.0
3743,2012-11-16,33.14,32351100.0
3744,2012-11-19,33.82,21731800.0
3745,2012-11-20,33.68,20489800.0
3746,2012-11-21,33.85,27868900.0
3747,2012-11-23,34.36,21697600.0
3748,2012-11-26,33.97,34852800.0
3749,2012-11-27,33.62,26506100.0
3750,2012-11-28,33.62,30828500.0
3751,2012-11-29,33.93,29542600.0
3752,2012-11-30,34.13,36130600.0
3753,2012-12-03,34.14,19611800.0
3754,2012-12-04,33.92,21290900.0
3755,2012-12-05,33.91,29170900.0
3756,2012-12-06,33.65,23415000.0
3757,2012-12-07,33.735,22337700.0
3758,2012-12-10,33.73,20842600.0
3759,2012-12-11,34.15,23725800.0
3760,2012-12-12,34.49,24038700.0
3761,2012-12-13,34.32,18939300.0
3762,2012-12-14,34.01,26190800.0
3763,2012-12-17,34.23,24809000.0
3764,2012-12-18,34.34,34858000.0
3765,2012-12-19,33.91,25205500.0
3766,2012-12-20,34.17,25415900.0
3767,2012-12-21,33.67,55350500.0
3768,2012-12-24,33.74,9673500.0
3769,2012-12-26,33.78,13391700.0
3770,2012-12-27,33.66,24248800.0
3771,2012-12-28,33.32,20401800.0
3772,2012-12-31,33.71,26911500.0
3773,2013-01-02,35.0,38323500.0
3774,2013-01-03,35.02,28932700.0
3775,2013-01-04,35.23,21136600.0
3776,2013-01-07,35.39,27500500.0
3777,2013-01-08,34.35,29210300.0
3778,2013-01-09,34.24,19618400.0
3779,2013-01-10,34.37,23664100.0
3780,2013-01-11,34.27,27074400.0
3781,2013-01-14,34.02,21973300.0
3782,2013-01-15,33.76,24338600.0
3783,2013-01-16,33.26,33765500.0
3784,2013-01-17,33.2,38971400.0
3785,2013-01-18,33.44,38661000.0
3786,2013-01-22,33.61,29734600.0
3787,2013-01-23,33.78,25459300.0
3788,2013-01-24,33.75,26786300.0
3789,2013-01-25,34.02,27095500.0
3790,2013-01-28,34.13,23660300.0
3791,2013-01-29,34.68,30975400.0
3792,2013-01-30,34.48,24179700.0
3793,2013-01-31,34.79,26239500.0
3794,2013-02-01,35.51,29182600.0
3795,2013-02-04,35.23,28233900.0
3796,2013-02-05,35.35,20928300.0
3797,2013-02-06,35.43,34952400.0
3798,2013-02-07,35.27,19054700.0
3799,2013-02-08,35.27,18275500.0
3800,2013-02-11,35.23,13687800.0
3801,2013-02-12,35.6,16959000.0
3802,2013-02-13,35.42,17402500.0
3803,2013-02-14,35.29,26204900.0
3804,2013-02-15,35.36,24859300.0
3805,2013-02-19,35.67,16879600.0
3806,2013-02-20,35.47,35656800.0
3807,2013-02-21,35.43,25155400.0
3808,2013-02-22,35.68,20813400.0
3809,2013-02-25,35.19,32523700.0
3810,2013-02-26,35.49,26263600.0
3811,2013-02-27,35.85,23526300.0
3812,2013-02-28,35.91,31849800.0
3813,2013-03-01,36.01,23501500.0
3814,2013-03-04,36.23,18656000.0
3815,2013-03-05,36.6,22608400.0
3816,2013-03-06,36.29,20448000.0
3817,2013-03-07,36.39,19227600.0
3818,2013-03-08,36.68,21495000.0
3819,2013-03-11,36.6,20019000.0
3820,2013-03-12,36.72,19613600.0
3821,2013-03-13,36.6,15071000.0
3822,2013-03-14,36.86,19513800.0
3823,2013-03-15,36.43,51077500.0
3824,2013-03-18,36.15,20693400.0
3825,2013-03-19,36.14,19851800.0
3826,2013-03-20,36.19,29883600.0
3827,2013-03-21,36.15,20725800.0
3828,2013-03-22,36.43,23912000.0
3829,2013-03-25,36.39,23707600.0
3830,2013-03-26,36.74,18429200.0
3831,2013-03-27,36.62,17375800.0
3832,2013-03-28,36.69,37388800.0
3833,2013-04-01,37.25,24205600.0
3834,2013-04-02,37.57,26227700.0
3835,2013-04-03,37.28,24291000.0
3836,2013-04-04,37.91,72851500.0
3837,2013-04-05,38.02,76489400.0
3838,2013-04-08,37.62,23617200.0
3839,2013-04-09,37.76,22546700.0
3840,2013-04-10,38.18,19065800.0
3841,2013-04-11,38.54,25493600.0
3842,2013-04-12,38.59,19725300.0
3843,2013-04-15,37.95,29249300.0
3844,2013-04-16,37.94,24466600.0
3845,2013-04-17,37.78,22473100.0
3846,2013-04-18,37.74,20200000.0
3847,2013-04-19,38.28,24528000.0
3848,2013-04-22,38.73,21502100.0
3849,2013-04-23,39.0,25108800.0
3850,2013-04-24,37.04,61126900.0
3851,2013-04-25,37.28,35807500.0
3852,2013-04-26,37.04,33202800.0
3853,2013-04-29,37.3,18914300.0
3854,2013-04-30,37.46,24144700.0
3855,2013-05-01,37.56,21834000.0
3856,2013-05-02,37.56,16445100.0
3857,2013-05-03,37.34,20239900.0
3858,2013-05-06,37.09,12113000.0
3859,2013-05-07,37.52,14693200.0
3860,2013-05-08,37.83,15176200.0
3861,2013-05-09,37.33,23605900.0
3862,2013-05-10,37.36,18182600.0
3863,2013-05-13,37.0,18558100.0
3864,2013-05-14,37.23,19478800.0
3865,2013-05-15,37.53,23060400.0
3866,2013-05-16,37.38,13668400.0
3867,2013-05-17,37.44,16712900.0
3868,2013-05-20,37.22,14654200.0
3869,2013-05-21,36.94,24867600.0
3870,2013-05-22,36.62,28598200.0
3871,2013-05-23,36.74,18120200.0
3872,2013-05-24,36.75,14443900.0
3873,2013-05-28,36.18,29429000.0
3874,2013-05-29,35.91,28740600.0
3875,2013-05-30,35.5,25094300.0
3876,2013-05-31,34.99,35799800.0
3877,2013-06-03,35.07,29759400.0
3878,2013-06-04,35.67,40467000.0
3879,2013-06-05,35.26,22863800.0
3880,2013-06-06,35.81,23058700.0
3881,2013-06-07,35.45,26049300.0
3882,2013-06-10,35.99,21852200.0
3883,2013-06-11,35.76,26002900.0
3884,2013-06-12,35.62,16955600.0
3885,2013-06-13,36.3,20142600.0
3886,2013-06-14,35.91,23972700.0
3887,2013-06-17,35.76,23364400.0
3888,2013-06-18,36.17,15357900.0
3889,2013-06-19,35.25,24464500.0
3890,2013-06-20,34.35,31797500.0
3891,2013-06-21,34.47,97444100.0
3892,2013-06-24,34.46,71219500.0
3893,2013-06-25,35.03,67155500.0
3894,2013-06-26,35.33,21911600.0
3895,2013-06-27,35.63,18251500.0
3896,2013-06-28,35.4,23913900.0
3897,2013-07-01,35.3,19903400.0
3898,2013-07-02,35.53,18634900.0
3899,2013-07-03,35.62,11600000.0
3900,2013-07-05,35.83,17139100.0
3901,2013-07-08,35.58,15853600.0
3902,2013-07-09,35.6,14487500.0
3903,2013-07-10,35.39,17837100.0
3904,2013-07-11,35.87,23075400.0
3905,2013-07-12,35.81,19065700.0
3906,2013-07-15,35.55,17175600.0
3907,2013-07-16,35.88,17601900.0
3908,2013-07-17,35.96,16805500.0
3909,2013-07-18,35.74,19576400.0
3910,2013-07-19,35.81,21153500.0
3911,2013-07-22,35.58,19201200.0
3912,2013-07-23,35.81,22951700.0
3913,2013-07-24,35.4,30938800.0
3914,2013-07-25,35.46,22083700.0
3915,2013-07-26,35.6,14157900.0
3916,2013-07-29,35.88,16625400.0
3917,2013-07-30,35.42,19091300.0
3918,2013-07-31,35.27,21326100.0
3919,2013-08-01,35.72,18436200.0
3920,2013-08-02,35.77,21751400.0
3921,2013-08-05,35.67,10239000.0
3922,2013-08-06,35.48,12804200.0
3923,2013-08-07,35.59,13290600.0
3924,2013-08-08,35.29,17956300.0
3925,2013-08-09,34.8,21541600.0
3926,2013-08-12,34.92,15988300.0
3927,2013-08-13,34.72,16207800.0
3928,2013-08-14,34.77,17403800.0
3929,2013-08-15,34.35,17793700.0
3930,2013-08-16,34.18,24561800.0
3931,2013-08-19,33.79,21122800.0
3932,2013-08-20,33.87,16153300.0
3933,2013-08-21,33.48,20549500.0
3934,2013-08-22,33.82,25915800.0
3935,2013-08-23,34.29,29728700.0
3936,2013-08-26,33.82,13925200.0
3937,2013-08-27,33.69,18669800.0
3938,2013-08-28,33.58,16659000.0
3939,2013-08-29,33.65,22239100.0
3940,2013-08-30,33.83,20389100.0
3941,2013-09-03,33.32,30766900.0
3942,2013-09-04,33.74,18719300.0
3943,2013-09-05,33.34,19837600.0
3944,2013-09-06,33.41,19689900.0
3945,2013-09-09,33.63,18992500.0
3946,2013-09-10,33.97,27691300.0
3947,2013-09-11,33.97,21088000.0
3948,2013-09-12,34.375,24637200.0
3949,2013-09-13,34.32,14228600.0
3950,2013-09-16,34.57,15869100.0
3951,2013-09-17,34.75,17798800.0
3952,2013-09-18,34.95,22818400.0
3953,2013-09-19,34.81,15692200.0
3954,2013-09-20,34.315,36732100.0
3955,2013-09-23,34.22,23220100.0
3956,2013-09-24,34.09,19233000.0
3957,2013-09-25,34.05,19111300.0
3958,2013-09-26,34.23,16494200.0
3959,2013-09-27,33.98,13997900.0
3960,2013-09-30,33.82,20819700.0
3961,2013-10-01,34.06,16759800.0
3962,2013-10-02,33.94,21510000.0
3963,2013-10-03,33.64,22437300.0
3964,2013-10-04,33.75,69721900.0
3965,2013-10-07,34.0,63369000.0
3966,2013-10-08,33.11,32798400.0
3967,2013-10-09,33.75,33431200.0
3968,2013-10-10,34.15,23818100.0
3969,2013-10-11,34.2,23647400.0
3970,2013-10-14,33.92,18569600.0
3971,2013-10-15,33.71,16352900.0
3972,2013-10-16,34.2,18699800.0
3973,2013-10-17,34.44,22249600.0
3974,2013-10-18,34.61,30466400.0
3975,2013-10-21,35.22,29449400.0
3976,2013-10-22,35.23,23986400.0
3977,2013-10-23,35.279,27257600.0
3978,2013-10-24,34.63,33911200.0
3979,2013-10-25,35.19,21286500.0
3980,2013-10-28,35.57,23855600.0
3981,2013-10-29,36.27,45250300.0
3982,2013-10-30,36.26,21847100.0
3983,2013-10-31,36.2,28789000.0
3984,2013-11-01,36.24,41488500.0
3985,2013-11-04,36.45,20024000.0
3986,2013-11-05,35.53,33641900.0
3987,2013-11-06,35.82,20856300.0
3988,2013-11-07,35.11,29290300.0
3989,2013-11-08,35.17,29787300.0
3990,2013-11-11,35.03,12369600.0
3991,2013-11-12,35.17,19908700.0
3992,2013-11-13,35.07,22327200.0
3993,2013-11-14,35.16,13851200.0
3994,2013-11-15,35.43,17685500.0
3995,2013-11-18,35.6,15037700.0
3996,2013-11-19,35.72,12493700.0
3997,2013-11-20,35.4,17441400.0
3998,2013-11-21,35.3,23017700.0
3999,2013-11-22,35.42,16080400.0
4000,2013-11-25,35.37,14068600.0
4001,2013-11-26,35.28,14180900.0
4002,2013-11-27,35.41,11471300.0
4003,2013-11-29,35.21,9284700.0
4004,2013-12-02,34.8,23703700.0
4005,2013-12-03,34.74,17551000.0
4006,2013-12-04,34.6,27221600.0
4007,2013-12-05,34.25,25106700.0
4008,2013-12-06,34.53,19544900.0
4009,2013-12-09,34.69,18035700.0
4010,2013-12-10,34.4,18389100.0
4011,2013-12-11,33.95,27491400.0
4012,2013-12-12,33.89,21927000.0
4013,2013-12-13,33.85,24862800.0
4014,2013-12-16,34.15,21348700.0
4015,2013-12-17,33.85,23472800.0
4016,2013-12-18,34.38,25849700.0
4017,2013-12-19,34.45,20043000.0
4018,2013-12-20,34.3,34022200.0
4019,2013-12-23,34.69,19954900.0
4020,2013-12-24,34.95,7960000.0
4021,2013-12-26,35.16,11024400.0
4022,2013-12-27,35.18,14111600.0
4023,2013-12-30,35.2,14464600.0
4024,2013-12-31,35.16,18425400.0
4025,2014-01-02,34.95,20229900.0
4026,2014-01-03,34.8,24618300.0
4027,2014-01-06,34.96,20791500.0
4028,2014-01-07,34.95,25725100.0
4029,2014-01-08,34.24,37745500.0
4030,2014-01-09,33.54,36082200.0
4031,2014-01-10,33.62,25342100.0
4032,2014-01-13,33.3,29281000.0
4033,2014-01-14,33.48,22883600.0
4034,2014-01-15,33.79,25786400.0
4035,2014-01-16,33.96,16239000.0
4036,2014-01-17,33.7,23921700.0
4037,2014-01-21,33.57,29421500.0
4038,2014-01-22,33.34,17411700.0
4039,2014-01-23,33.8,28463300.0
4040,2014-01-24,33.42,33184100.0
4041,2014-01-27,33.51,32786300.0
4042,2014-01-28,33.7,25457600.0
4043,2014-01-29,33.31,83139800.0
4044,2014-01-30,33.35,29077000.0
4045,2014-01-31,33.32,34211900.0
4046,2014-02-03,31.95,68010500.0
4047,2014-02-04,32.45,35940100.0
4048,2014-02-05,32.08,29793500.0
4049,2014-02-06,32.0,45322100.0
4050,2014-02-07,32.3,29170600.0
4051,2014-02-10,32.44,20621000.0
4052,2014-02-11,32.95,26228800.0
4053,2014-02-12,32.94,16554700.0
4054,2014-02-13,33.49,28062200.0
4055,2014-02-14,33.15,18274800.0
4056,2014-02-18,32.82,22311900.0
4057,2014-02-19,32.85,19410900.0
4058,2014-02-20,33.18,20488900.0
4059,2014-02-21,32.8,19327200.0
4060,2014-02-24,32.47,33499300.0
4061,2014-02-25,32.17,41048100.0
4062,2014-02-26,32.0,36742200.0
4063,2014-02-27,32.23,54923000.0
4064,2014-02-28,31.93,43468000.0
4065,2014-03-03,31.86,30481700.0
4066,2014-03-04,32.15,28444100.0
4067,2014-03-05,32.13,24144600.0
4068,2014-03-06,32.34,19531800.0
4069,2014-03-07,32.54,27103000.0
4070,2014-03-10,32.51,24935700.0
4071,2014-03-11,32.23,20731600.0
4072,2014-03-12,32.38,25024400.0
4073,2014-03-13,32.35,21708400.0
4074,2014-03-14,32.49,22368600.0
4075,2014-03-17,32.89,23584900.0
4076,2014-03-18,32.98,25998200.0
4077,2014-03-19,32.96,31803400.0
4078,2014-03-20,34.09,62615900.0
4079,2014-03-21,34.3,51002700.0
4080,2014-03-24,34.46,53804800.0
4081,2014-03-25,34.72,33408500.0
4082,2014-03-26,34.61,38594500.0
4083,2014-03-27,34.96,33382700.0
4084,2014-03-28,35.07,24745300.0
4085,2014-03-31,35.07,30486500.0
4086,2014-04-01,35.09,28773700.0
4087,2014-04-02,35.37,28086800.0
4088,2014-04-03,35.63,25397900.0
4089,2014-04-04,35.55,29350200.0
4090,2014-04-07,35.49,32673300.0
4091,2014-04-08,35.27,29291700.0
4092,2014-04-09,34.92,30493000.0
4093,2014-04-10,35.12,35424600.0
4094,2014-04-11,35.2,34551600.0
4095,2014-04-14,35.36,15456600.0
4096,2014-04-15,35.68,26484300.0
4097,2014-04-16,36.1,24216900.0
4098,2014-04-17,36.04,25311800.0
4099,2014-04-21,36.06,18756500.0
4100,2014-04-22,36.29,32001000.0
4101,2014-04-23,34.92,59638700.0
4102,2014-04-24,34.5,36619900.0
4103,2014-04-25,34.49,21984700.0
4104,2014-04-28,35.08,29626400.0
4105,2014-04-29,35.42,20731900.0
4106,2014-04-30,35.7,22553300.0
4107,2014-05-01,35.58,27837400.0
4108,2014-05-02,35.63,15943400.0
4109,2014-05-05,35.76,15938700.0
4110,2014-05-06,35.49,21487700.0
4111,2014-05-07,35.76,20267000.0
4112,2014-05-08,36.4,36474100.0
4113,2014-05-09,36.44,15015500.0
4114,2014-05-12,36.57,23982100.0
4115,2014-05-13,36.2,34252300.0
4116,2014-05-14,36.39,24179500.0
4117,2014-05-15,36.52,20337500.0
4118,2014-05-16,36.74,24018800.0
4119,2014-05-19,36.38,77607200.0
4120,2014-05-20,35.5,39979000.0
4121,2014-05-21,35.27,32682800.0
4122,2014-05-22,35.38,18026200.0
4123,2014-05-23,35.32,17373800.0
4124,2014-05-27,35.21,22452700.0
4125,2014-05-28,35.34,20503700.0
4126,2014-05-29,35.39,14166400.0
4127,2014-05-30,35.47,16164700.0
4128,2014-06-02,35.44,16222600.0
4129,2014-06-03,35.2,22262300.0
4130,2014-06-04,35.05,26906000.0
4131,2014-06-05,35.1,22265300.0
4132,2014-06-06,35.02,17130700.0
4133,2014-06-09,35.01,17660300.0
4134,2014-06-10,34.94,17694200.0
4135,2014-06-11,34.81,16329600.0
4136,2014-06-12,34.83,19062400.0
4137,2014-06-13,35.03,19976700.0
4138,2014-06-16,34.98,14109700.0
4139,2014-06-17,35.02,17310300.0
4140,2014-06-18,35.2,20301100.0
4141,2014-06-19,35.36,19514000.0
4142,2014-06-20,35.39,28984000.0
4143,2014-06-23,35.39,14507600.0
4144,2014-06-24,35.29,21166100.0
4145,2014-06-25,35.26,15275400.0
4146,2014-06-26,35.26,15789800.0
4147,2014-06-27,35.41,20942300.0
4148,2014-06-30,35.36,19118700.0
4149,2014-07-01,35.48,21774600.0
4150,2014-07-02,35.67,14225800.0
4151,2014-07-03,35.84,11681200.0
4152,2014-07-07,36.02,19577000.0
4153,2014-07-08,35.56,20139500.0
4154,2014-07-09,35.65,15910100.0
4155,2014-07-10,35.7,14594000.0
4156,2014-07-11,35.76,11559400.0
4157,2014-07-14,35.86,12564400.0
4158,2014-07-15,36.24,34987200.0
4159,2014-07-16,36.45,20223000.0
4160,2014-07-17,36.03,19143000.0
4161,2014-07-18,36.17,16132500.0
4162,2014-07-21,35.96,20917400.0
4163,2014-07-22,35.94,18185700.0
4164,2014-07-23,35.88,15179800.0
4165,2014-07-24,35.5,45151800.0
4166,2014-07-25,35.54,18663300.0
4167,2014-07-28,36.36,20593000.0
4168,2014-07-29,36.59,92453000.0
4169,2014-07-30,36.36,20446300.0
4170,2014-07-31,35.59,34603600.0
4171,2014-08-01,35.33,23962400.0
4172,2014-08-04,35.46,21300200.0
4173,2014-08-05,35.11,19505100.0
4174,2014-08-06,34.62,35941100.0
4175,2014-08-07,34.21,20749200.0
4176,2014-08-08,34.47,18771100.0
4177,2014-08-11,34.47,14724900.0
4178,2014-08-12,34.64,15322900.0
4179,2014-08-13,34.69,15951400.0
4180,2014-08-14,34.91,14588800.0
4181,2014-08-15,34.74,26952100.0
4182,2014-08-18,34.65,18496100.0
4183,2014-08-19,34.48,20478400.0
4184,2014-08-20,34.53,12549500.0
4185,2014-08-21,34.64,15931900.0
4186,2014-08-22,34.5,14285400.0
4187,2014-08-25,34.51,17321500.0
4188,2014-08-26,34.5,14805600.0
4189,2014-08-27,34.75,14853400.0
4190,2014-08-28,34.74,10539700.0
4191,2014-08-29,34.96,12709000.0
4192,2014-09-02,34.84,12691200.0
4193,2014-09-03,34.97,13026600.0
4194,2014-09-04,34.94,12483900.0
4195,2014-09-05,35.15,17799000.0
4196,2014-09-08,35.01,10786300.0
4197,2014-09-09,34.66,18782300.0
4198,2014-09-10,34.7,17719800.0
4199,2014-09-11,34.85,16024800.0
4200,2014-09-12,34.5,20210100.0
4201,2014-09-15,34.69,14689900.0
4202,2014-09-16,34.95,15655300.0
4203,2014-09-17,35.02,17137200.0
4204,2014-09-18,35.16,17230500.0
4205,2014-09-19,35.47,21894300.0
4206,2014-09-22,35.5,15726257.0
4207,2014-09-23,35.26,16723904.0
4208,2014-09-24,35.4,13301549.0
4209,2014-09-25,35.08,20742391.0
4210,2014-09-26,35.28,14352393.0
4211,2014-09-29,35.23,14978346.0
4212,2014-09-30,35.24,20021435.0
4213,2014-10-01,34.96,28857376.0
4214,2014-10-02,34.97,24830419.0
4215,2014-10-03,35.36,20777554.0
4216,2014-10-06,35.49,22132621.0
4217,2014-10-07,35.33,21393586.0
4218,2014-10-08,35.15,25151634.0
4219,2014-10-09,34.66,21608773.0
4220,2014-10-10,34.25,28943692.0
4221,2014-10-13,33.82,23641790.0
4222,2014-10-14,33.84,22638108.0
4223,2014-10-15,33.87,48562781.0
4224,2014-10-16,33.64,29219148.0
4225,2014-10-17,34.08,24470612.0
4226,2014-10-20,34.28,15258406.0
4227,2014-10-21,34.62,21769489.0
4228,2014-10-22,34.5,24917803.0
4229,2014-10-23,33.66,55872864.0
4230,2014-10-24,33.87,29836070.0
4231,2014-10-27,34.11,25358821.0
4232,2014-10-28,34.33,26041391.0
4233,2014-10-29,34.4,22630029.0
4234,2014-10-30,34.51,18481773.0
4235,2014-10-31,34.84,24030347.0
4236,2014-11-03,34.84,22201130.0
4237,2014-11-04,34.79,17839352.0
4238,2014-11-05,34.92,15587207.0
4239,2014-11-06,34.72,17442625.0
4240,2014-11-07,34.91,17983738.0
4241,2014-11-10,35.12,17921397.0
4242,2014-11-11,35.1,12299550.0
4243,2014-11-12,35.4,18748961.0
4244,2014-11-13,35.61,20900773.0
4245,2014-11-14,35.9,20552847.0
4246,2014-11-17,35.85,12957857.0
4247,2014-11-18,35.72,17124511.0
4248,2014-11-19,35.37,19342748.0
4249,2014-11-20,35.28,12256061.0
4250,2014-11-21,35.28,28261879.0
4251,2014-11-24,34.7,36680446.0
4252,2014-11-25,34.82,29342100.0
4253,2014-11-26,35.13,14148710.0
4254,2014-11-28,35.38,12650457.0
4255,2014-12-01,35.06,19951045.0
4256,2014-12-02,34.29,36930521.0
4257,2014-12-03,34.0,30742679.0
4258,2014-12-04,33.91,23029841.0
4259,2014-12-05,33.94,18893390.0
4260,2014-12-08,33.88,17075585.0
4261,2014-12-09,32.89,59236670.0
4262,2014-12-10,32.49,34763115.0
4263,2014-12-11,32.71,28022133.0
4264,2014-12-12,32.16,30058355.0
4265,2014-12-15,32.25,29995662.0
4266,2014-12-16,32.14,28949955.0
4267,2014-12-17,32.67,28939737.0
4268,2014-12-18,33.51,37618243.0
4269,2014-12-19,33.54,40198284.0
4270,2014-12-22,33.85,22689931.0
4271,2014-12-23,34.03,19398769.0
4272,2014-12-24,33.96,8831944.0
4273,2014-12-26,34.17,11483277.0
4274,2014-12-29,34.11,12708068.0
4275,2014-12-30,34.08,12369660.0
4276,2014-12-31,33.59,24178055.0
4277,2015-01-02,33.87,20557653.0
4278,2015-01-05,33.55,30429132.0
4279,2015-01-06,33.6,29528731.0
4280,2015-01-07,33.17,31657332.0
4281,2015-01-08,33.5,22788021.0
4282,2015-01-09,33.4,21398325.0
4283,2015-01-12,33.49,20166487.0
4284,2015-01-13,33.49,24421461.0
4285,2015-01-14,33.33,22091263.0
4286,2015-01-15,33.26,25799846.0
4287,2015-01-16,33.8,37526900.0
4288,2015-01-20,33.95,20216097.0
4289,2015-01-21,34.0,34847841.0
4290,2015-01-22,33.79,34753944.0
4291,2015-01-23,33.37,25443686.0
4292,2015-01-26,33.18,28528639.0
4293,2015-01-27,32.81,30806122.0
4294,2015-01-28,32.68,45843780.0
4295,2015-01-29,32.96,31068188.0
4296,2015-01-30,32.92,56275197.0
4297,2015-02-02,33.56,37288338.0
4298,2015-02-03,34.34,41631381.0
4299,2015-02-04,34.41,29853319.0
4300,2015-02-05,34.54,19076449.0
4301,2015-02-06,34.87,27708543.0
4302,2015-02-09,34.64,20108090.0
4303,2015-02-10,34.85,19874086.0
4304,2015-02-11,34.39,31901800.0
4305,2015-02-12,34.61,19865624.0
4306,2015-02-13,34.66,16082410.0
4307,2015-02-17,34.71,19254303.0
4308,2015-02-18,34.49,17097444.0
4309,2015-02-19,34.09,18913965.0
4310,2015-02-20,34.08,21281974.0
4311,2015-02-23,33.85,23418371.0
4312,2015-02-24,34.05,19382011.0
4313,2015-02-25,34.21,17838244.0
4314,2015-02-26,34.5,23155696.0
4315,2015-02-27,34.56,19863413.0
4316,2015-03-02,34.64,21637093.0
4317,2015-03-03,34.41,20201551.0
4318,2015-03-04,34.0,23390705.0
4319,2015-03-05,34.0,14524108.0
4320,2015-03-06,33.48,39761466.0
4321,2015-03-09,33.35,19465163.0
4322,2015-03-10,32.78,32469515.0
4323,2015-03-11,32.62,29020224.0
4324,2015-03-12,33.13,27016791.0
4325,2015-03-13,32.76,26806912.0
4326,2015-03-16,33.06,20530020.0
4327,2015-03-17,32.9,23900002.0
4328,2015-03-18,33.59,47843856.0
4329,2015-03-19,33.2,19912068.0
4330,2015-03-20,33.23,38651753.0
4331,2015-03-23,33.28,23983405.0
4332,2015-03-24,33.07,20117108.0
4333,2015-03-25,32.62,29157227.0
4334,2015-03-26,32.82,30623963.0
4335,2015-03-27,32.75,20850109.0
4336,2015-03-30,32.97,18904259.0
4337,2015-03-31,32.65,27897998.0
4338,2015-04-01,32.89,25365035.0
4339,2015-04-02,33.13,19273905.0
4340,2015-04-06,33.33,22972409.0
4341,2015-04-07,33.16,23999077.0
4342,2015-04-08,32.65,21381233.0
4343,2015-04-09,32.69,21073592.0
4344,2015-04-10,32.77,15062787.0
4345,2015-04-13,32.88,22730981.0
4346,2015-04-14,32.69,18265057.0
4347,2015-04-15,32.89,19856010.0
4348,2015-04-16,32.75,17597252.0
4349,2015-04-17,32.51,29715625.0
4350,2015-04-20,32.83,24314582.0
4351,2015-04-21,32.66,19720409.0
4352,2015-04-22,32.86,29739452.0
4353,2015-04-23,34.23,91333759.0
4354,2015-04-24,34.01,42046912.0
4355,2015-04-27,34.09,24464561.0
4356,2015-04-28,34.86,48687568.0
4357,2015-04-29,34.76,40721294.0
4358,2015-04-30,34.64,29691362.0
4359,2015-05-01,34.42,34167621.0
4360,2015-05-04,34.53,21296693.0
4361,2015-05-05,33.72,31802421.0
4362,2015-05-06,33.38,30701074.0
4363,2015-05-07,33.37,22643221.0
4364,2015-05-08,33.69,27680289.0
4365,2015-05-11,33.49,21479565.0
4366,2015-05-12,33.66,41275983.0
4367,2015-05-13,33.9,34748757.0
4368,2015-05-14,34.13,23908414.0
4369,2015-05-15,34.33,28263928.0
4370,2015-05-18,34.87,59611861.0
4371,2015-05-19,34.37,38270674.0
4372,2015-05-20,34.62,27280799.0
4373,2015-05-21,35.07,41572888.0
4374,2015-05-22,34.71,26349206.0
4375,2015-05-26,34.67,40641751.0
4376,2015-05-27,34.95,36631382.0
4377,2015-05-28,34.8,19591680.0
4378,2015-05-29,34.54,29882650.0
4379,2015-06-01,34.35,28228675.0
4380,2015-06-02,34.36,19508088.0
4381,2015-06-03,35.03,39115938.0
4382,2015-06-04,35.27,56219033.0
4383,2015-06-05,34.57,36713215.0
4384,2015-06-08,34.59,25928796.0
4385,2015-06-09,34.51,23986602.0
4386,2015-06-10,34.72,31312320.0
4387,2015-06-11,34.88,30440848.0
4388,2015-06-12,34.65,25869065.0
4389,2015-06-15,34.41,24465457.0
4390,2015-06-16,34.67,29729847.0
4391,2015-06-17,34.8,30455930.0
4392,2015-06-18,35.02,37333201.0
4393,2015-06-19,34.99,35650834.0
4394,2015-06-22,35.04,23584328.0
4395,2015-06-23,35.91,69970850.0
4396,2015-06-24,35.78,33443204.0
4397,2015-06-25,36.18,47566226.0
4398,2015-06-26,36.12,30002401.0
4399,2015-06-29,35.77,28998291.0
4400,2015-06-30,35.52,31390076.0
4401,2015-07-01,35.57,36972230.0
4402,2015-07-02,35.73,22254343.0
4403,2015-07-06,35.61,25638613.0
4404,2015-07-07,35.77,27017192.0
4405,2015-07-08,34.79,31591717.0
4406,2015-07-09,34.39,33071347.0
4407,2015-07-10,34.65,30999116.0
4408,2015-07-13,34.88,26803199.0
4409,2015-07-14,35.12,25141224.0
4410,2015-07-15,34.73,29044933.0
4411,2015-07-16,35.16,18452262.0
4412,2015-07-17,35.01,21899956.0
4413,2015-07-20,34.9,22216806.0
4414,2015-07-21,34.57,27863858.0
4415,2015-07-22,34.27,51785807.0
4416,2015-07-23,33.93,37054344.0
4417,2015-07-24,34.29,87242492.0
4418,2015-07-27,34.32,50523631.0
4419,2015-07-28,34.33,52946743.0
4420,2015-07-29,34.69,42986075.0
4421,2015-07-30,34.8,25957524.0
4422,2015-07-31,34.74,29880938.0
4423,2015-08-03,34.66,29677064.0
4424,2015-08-04,34.58,26249913.0
4425,2015-08-05,34.57,22777882.0
4426,2015-08-06,34.24,32719843.0
4427,2015-08-07,34.21,25627574.0
4428,2015-08-10,34.78,29178771.0
4429,2015-08-11,34.65,35402719.0
4430,2015-08-12,34.02,62201296.0
4431,2015-08-13,33.81,35520939.0
4432,2015-08-14,34.05,22759594.0
4433,2015-08-17,34.23,21050631.0
4434,2015-08-18,34.35,20537759.0
4435,2015-08-19,34.36,21136421.0
4436,2015-08-20,33.95,38363358.0
4437,2015-08-21,33.38,41619364.0
4438,2015-08-24,32.37,77223472.0
4439,2015-08-25,31.8,50647011.0
4440,2015-08-26,32.69,49614711.0
4441,2015-08-27,33.44,42589212.0
4442,2015-08-28,33.29,24152832.0
4443,2015-08-31,33.2,22285955.0
4444,2015-09-01,32.32,32944498.0
4445,2015-09-02,32.82,24091192.0
4446,2015-09-03,33.04,22833383.0
4447,2015-09-04,32.56,29318876.0
4448,2015-09-08,33.14,18846316.0
4449,2015-09-09,32.78,22559067.0
4450,2015-09-10,32.75,25598893.0
4451,2015-09-11,32.72,17624101.0
4452,2015-09-14,32.55,18504744.0
4453,2015-09-15,32.86,22371691.0
4454,2015-09-16,32.94,23510532.0
4455,2015-09-17,32.78,37922104.0
4456,2015-09-18,32.55,44627155.0
4457,2015-09-21,32.56,19869697.0
4458,2015-09-22,32.27,25516693.0
4459,2015-09-23,32.2,15739211.0
4460,2015-09-24,32.11,24739658.0
4461,2015-09-25,32.33,27102919.0
4462,2015-09-28,31.9,35802261.0
4463,2015-09-29,32.07,33784798.0
4464,2015-09-30,32.58,34686106.0
4465,2015-10-01,32.53,30813966.0
4466,2015-10-02,32.64,28499884.0
4467,2015-10-05,33.43,27866536.0
4468,2015-10-06,33.31,27864888.0
4469,2015-10-07,33.12,21048973.0
4470,2015-10-08,33.4,17305160.0
4471,2015-10-09,33.14,19351286.0
4472,2015-10-12,33.3,14204166.0
4473,2015-10-13,33.22,22148602.0
4474,2015-10-14,33.27,23681023.0
4475,2015-10-15,33.49,19170403.0
4476,2015-10-16,33.83,33236651.0
4477,2015-10-19,33.63,28250828.0
4478,2015-10-20,33.75,20085967.0
4479,2015-10-21,33.6,27242653.0
4480,2015-10-22,33.96,33291946.0
4481,2015-10-23,33.74,46231419.0
4482,2015-10-26,33.66,25419196.0
4483,2015-10-27,33.21,24453408.0
4484,2015-10-28,33.42,27813309.0
4485,2015-10-29,33.55,17841785.0
4486,2015-10-30,33.51,24581781.0
4487,2015-11-02,33.61,25538052.0
4488,2015-11-03,33.63,17701007.0
4489,2015-11-04,33.48,17294705.0
4490,2015-11-05,33.34,16138839.0
4491,2015-11-06,33.16,21492372.0
4492,2015-11-09,32.84,20433297.0
4493,2015-11-10,32.79,19262729.0
4494,2015-11-11,32.92,14038925.0
4495,2015-11-12,32.69,17408319.0
4496,2015-11-13,32.31,23587106.0
4497,2015-11-16,33.04,23600146.0
4498,2015-11-17,33.26,20367699.0
4499,2015-11-18,33.54,22231184.0
4500,2015-11-19,33.62,17963220.0
4501,2015-11-20,33.66,20454444.0
4502,2015-11-23,33.46,15271922.0
4503,2015-11-24,33.39,17716928.0
4504,2015-11-25,33.45,14601226.0
4505,2015-11-27,33.57,9327165.0
4506,2015-11-30,33.67,24865761.0
4507,2015-12-01,33.77,16761316.0
4508,2015-12-02,33.56,25851103.0
4509,2015-12-03,33.1,28748006.0
4510,2015-12-04,34.11,35685574.0
4511,2015-12-07,34.27,33955472.0
4512,2015-12-08,33.85,28411842.0
4513,2015-12-09,33.57,25052195.0
4514,2015-12-10,33.67,27712782.0
4515,2015-12-11,33.17,26947761.0
4516,2015-12-14,33.6,26394486.0
4517,2015-12-15,33.81,25359533.0
4518,2015-12-16,34.4,31191773.0
4519,2015-12-17,34.03,27720504.0
4520,2015-12-18,33.6,51083102.0
4521,2015-12-21,34.09,20390966.0
4522,2015-12-22,34.41,20427115.0
4523,2015-12-23,34.78,19308793.0
4524,2015-12-24,34.66,6862360.0
4525,2015-12-28,34.76,13926439.0
4526,2015-12-29,34.93,14367573.0
4527,2015-12-30,34.74,13753452.0
4528,2015-12-31,34.41,20260285.0
4529,2016-01-04,34.35,31774578.0
4530,2016-01-05,34.59,30696906.0
4531,2016-01-06,34.06,26909220.0
4532,2016-01-07,33.51,35093463.0
4533,2016-01-08,33.54,28087560.0
4534,2016-01-11,33.95,26435723.0
4535,2016-01-12,33.9,24115106.0
4536,2016-01-13,33.74,40241272.0
4537,2016-01-14,34.3,36325835.0
4538,2016-01-15,33.99,44920459.0
4539,2016-01-19,34.51,36751042.0
4540,2016-01-20,33.9,50525637.0
4541,2016-01-21,34.54,40973549.0
4542,2016-01-22,35.14,33137439.0
4543,2016-01-25,35.0,30255885.0
4544,2016-01-26,35.4,41663103.0
4545,2016-01-27,35.48,50262817.0
4546,2016-01-28,35.53,26183795.0
4547,2016-01-29,36.06,43277676.0
4548,2016-02-01,36.18,33346408.0
4549,2016-02-02,36.06,29147397.0
4550,2016-02-03,36.72,37988832.0
4551,2016-02-04,36.53,31041614.0
4552,2016-02-05,36.88,34658504.0
4553,2016-02-08,37.11,41029671.0
4554,2016-02-09,36.65,35229790.0
4555,2016-02-10,36.43,26876146.0
4556,2016-02-11,36.21,42253717.0
4557,2016-02-12,36.47,26447825.0
4558,2016-02-16,36.65,27684872.0
4559,2016-02-17,36.64,26002314.0
4560,2016-02-18,36.99,21900791.0
4561,2016-02-19,36.57,24707727.0
4562,2016-02-22,36.86,21381991.0
4563,2016-02-23,36.74,20577226.0
4564,2016-02-24,37.1,22754377.0
4565,2016-02-25,37.37,22798790.0
4566,2016-02-26,37.13,22172265.0
4567,2016-02-29,36.95,29166733.0
4568,2016-03-01,37.39,19509803.0
4569,2016-03-02,37.69,21510395.0
4570,2016-03-03,37.99,27697242.0
4571,2016-03-04,37.93,20739401.0
4572,2016-03-07,38.13,22010112.0
4573,2016-03-08,38.09,23781940.0
4574,2016-03-09,37.98,22169985.0
4575,2016-03-10,38.31,25212275.0
4576,2016-03-11,38.36,20835367.0
4577,2016-03-14,38.32,17625252.0
4578,2016-03-15,38.52,14771252.0
4579,2016-03-16,38.77,21044776.0
4580,2016-03-17,39.12,27719792.0
4581,2016-03-18,38.56,41096320.0
4582,2016-03-21,38.92,20676911.0
4583,2016-03-22,38.63,22025526.0
4584,2016-03-23,38.54,20806718.0
4585,2016-03-24,38.88,17795101.0
4586,2016-03-28,39.07,21543439.0
4587,2016-03-29,39.45,25894874.0
4588,2016-03-30,39.37,25740095.0
4589,2016-03-31,39.17,27100694.0
4590,2016-04-01,39.05,27724480.0
4591,2016-04-04,39.36,18032053.0
4592,2016-04-05,39.2,24870279.0
4593,2016-04-06,38.64,22265866.0
4594,2016-04-07,38.59,22285368.0
4595,2016-04-08,38.5,17560317.0
4596,2016-04-11,38.39,17719463.0
4597,2016-04-12,38.67,17646317.0
4598,2016-04-13,38.25,22605687.0
4599,2016-04-14,38.42,13763045.0
4600,2016-04-15,38.48,15781172.0
4601,2016-04-18,38.65,17331899.0
4602,2016-04-19,38.92,15936468.0
4603,2016-04-20,38.72,16782331.0
4604,2016-04-21,37.86,32233015.0
4605,2016-04-22,38.07,24299143.0
4606,2016-04-25,38.21,17583053.0
4607,2016-04-26,38.09,20869956.0
4608,2016-04-27,38.72,41417677.0
4609,2016-04-28,38.64,20203672.0
4610,2016-04-29,38.82,25345703.0
4611,2016-05-02,39.1,22063313.0
4612,2016-05-03,38.91,21825910.0
4613,2016-05-04,38.88,15480304.0
4614,2016-05-05,38.74,16236545.0
4615,2016-05-06,38.99,15663295.0
4616,2016-05-09,38.86,13495095.0
4617,2016-05-10,39.31,17374492.0
4618,2016-05-11,39.18,14414635.0
4619,2016-05-12,39.55,18734744.0
4620,2016-05-13,39.15,16489711.0
4621,2016-05-16,39.28,15057768.0
4622,2016-05-17,39.11,22054908.0
4623,2016-05-18,38.45,25664732.0
4624,2016-05-19,38.44,27414773.0
4625,2016-05-20,38.45,20244545.0
4626,2016-05-23,38.32,15379228.0
4627,2016-05-24,38.5,14131272.0
4628,2016-05-25,38.62,14711598.0
4629,2016-05-26,38.84,16017020.0
4630,2016-05-27,38.99,15669499.0
4631,2016-05-31,39.15,27937226.0
4632,2016-06-01,38.73,17055682.0
4633,2016-06-02,38.84,12301701.0
4634,2016-06-03,39.21,19244872.0
4635,2016-06-06,39.34,16738645.0
4636,2016-06-07,39.79,24912512.0
4637,2016-06-08,39.86,14426365.0
4638,2016-06-09,40.09,20692359.0
4639,2016-06-10,40.33,25865528.0
4640,2016-06-13,40.19,16768975.0
4641,2016-06-14,40.38,23013596.0
4642,2016-06-15,40.29,19480048.0
4643,2016-06-16,40.49,20105084.0
4644,2016-06-17,40.73,27265958.0
4645,2016-06-20,40.78,20229718.0
4646,2016-06-21,41.07,19937727.0
4647,2016-06-22,41.3,20239779.0
4648,2016-06-23,41.88,19033770.0
4649,2016-06-24,41.52,57143277.0
4650,2016-06-27,42.03,37479339.0
4651,2016-06-28,42.02,34415165.0
4652,2016-06-29,42.54,23671515.0
4653,2016-06-30,43.21,31913433.0
4654,2016-07-01,43.47,23232174.0
4655,2016-07-05,43.36,35572625.0
4656,2016-07-06,43.1,26451598.0
4657,2016-07-07,42.3,23707909.0
4658,2016-07-08,42.61,28443845.0
4659,2016-07-11,42.51,21593356.0
4660,2016-07-12,42.41,18675062.0
4661,2016-07-13,42.59,14852038.0
4662,2016-07-14,42.77,16655113.0
4663,2016-07-15,42.89,16644404.0
4664,2016-07-18,42.85,12340687.0
4665,2016-07-19,42.77,13664781.0
4666,2016-07-20,42.71,14086716.0
4667,2016-07-21,42.52,22570798.0
4668,2016-07-22,43.11,30724325.0
4669,2016-07-25,42.94,14591550.0
4670,2016-07-26,42.38,20073811.0
4671,2016-07-27,42.76,19811128.0
4672,2016-07-28,42.58,13510436.0
4673,2016-07-29,43.29,25243552.0
4674,2016-08-01,43.18,20648491.0
4675,2016-08-02,43.16,19595004.0
4676,2016-08-03,43.14,13632401.0
4677,2016-08-04,43.08,11893979.0
4678,2016-08-05,43.16,19623229.0
4679,2016-08-08,42.93,14033280.0
4680,2016-08-09,43.08,14758158.0
4681,2016-08-10,43.2,11733530.0
4682,2016-08-11,43.39,11979692.0
4683,2016-08-12,43.28,10541267.0
4684,2016-08-15,43.02,16248020.0
4685,2016-08-16,41.96,31646489.0
4686,2016-08-17,41.86,29338262.0
4687,2016-08-18,41.4,32552462.0
4688,2016-08-19,41.01,29460788.0
4689,2016-08-22,40.91,17672667.0
4690,2016-08-23,40.85,15052864.0
4691,2016-08-24,40.87,16167912.0
4692,2016-08-25,41.07,16902621.0
4693,2016-08-26,40.68,17859484.0
4694,2016-08-29,41.0,12942030.0
4695,2016-08-30,40.89,11217297.0
4696,2016-08-31,40.88,18740526.0
4697,2016-09-01,40.96,15706888.0
4698,2016-09-02,40.95,19066897.0
4699,2016-09-06,41.23,15532418.0
4700,2016-09-07,41.27,13531169.0
4701,2016-09-08,41.19,13524514.0
4702,2016-09-09,39.71,38500118.0
4703,2016-09-12,40.71,26864166.0
4704,2016-09-13,39.97,25529490.0
4705,2016-09-14,39.89,26538699.0
4706,2016-09-15,40.45,22950445.0
4707,2016-09-16,40.2,41347867.0
4708,2016-09-19,40.06,16182836.0
4709,2016-09-20,39.96,14197463.0
4710,2016-09-21,40.57,19130890.0
4711,2016-09-22,41.11,22282590.0
4712,2016-09-23,41.28,18866798.0
4713,2016-09-26,41.14,16647106.0
4714,2016-09-27,41.46,18440158.0
4715,2016-09-28,40.85,26340112.0
4716,2016-09-29,40.73,17046463.0
4717,2016-09-30,40.61,19379844.0
4718,2016-10-03,40.77,16580601.0
4719,2016-10-04,39.9,33179916.0
4720,2016-10-05,39.16,22600914.0
4721,2016-10-06,39.11,15750234.0
4722,2016-10-07,38.87,19171500.0
4723,2016-10-10,39.01,19020705.0
4724,2016-10-11,39.1,22314534.0
4725,2016-10-12,39.33,17179688.0
4726,2016-10-13,39.37,17546584.0
4727,2016-10-14,39.22,13516496.0
4728,2016-10-17,39.27,13885020.0
4729,2016-10-18,39.36,16038459.0
4730,2016-10-19,39.38,11711489.0
4731,2016-10-20,38.65,31127622.0
4732,2016-10-21,37.49,82741513.0
4733,2016-10-24,36.86,100574236.0
4734,2016-10-25,36.7,40485514.0
4735,2016-10-26,36.43,32876109.0
4736,2016-10-27,36.52,43182011.0
4737,2016-10-28,36.51,23224033.0
4738,2016-10-31,36.79,31378450.0
4739,2016-11-01,36.56,27610954.0
4740,2016-11-02,36.37,26047129.0
4741,2016-11-03,36.63,25545905.0
4742,2016-11-04,36.5,23256046.0
4743,2016-11-07,36.81,21394359.0
4744,2016-11-08,36.99,17806405.0
4745,2016-11-09,37.44,34764352.0
4746,2016-11-10,36.57,37995427.0
4747,2016-11-11,36.51,25316779.0
4748,2016-11-14,36.13,26128805.0
4749,2016-11-15,36.77,20888751.0
4750,2016-11-16,37.15,20835617.0
4751,2016-11-17,37.41,21183458.0
4752,2016-11-18,37.56,16982232.0
4753,2016-11-21,37.74,17247420.0
4754,2016-11-22,38.55,26151950.0
4755,2016-11-23,38.73,24566055.0
4756,2016-11-25,39.21,10844449.0
4757,2016-11-28,39.54,26656518.0
4758,2016-11-29,39.48,19856787.0
4759,2016-11-30,38.63,32679291.0
4760,2016-12-01,38.88,27397231.0
4761,2016-12-02,38.61,16102161.0
4762,2016-12-05,38.63,20773441.0
4763,2016-12-06,39.35,23569775.0
4764,2016-12-07,40.45,32963365.0
4765,2016-12-08,40.41,21998706.0
4766,2016-12-09,40.38,17105180.0
4767,2016-12-12,41.12,31909648.0
4768,2016-12-13,41.36,21159925.0
4769,2016-12-14,41.1,26331213.0
4770,2016-12-15,41.5,24486628.0
4771,2016-12-16,41.67,27954303.0
4772,2016-12-19,42.12,20563794.0
4773,2016-12-20,42.47,21164413.0
4774,2016-12-21,42.36,13752203.0
4775,2016-12-22,42.72,17558279.0
4776,2016-12-23,42.73,9644985.0
4777,2016-12-27,42.65,11431989.0
4778,2016-12-28,42.52,11025966.0
4779,2016-12-29,42.66,12389183.0
4780,2016-12-30,42.53,16673454.0
4781,2017-01-03,43.02,26006613.0
4782,2017-01-04,42.77,23199517.0
4783,2017-01-05,42.65,25707068.0
4784,2017-01-06,41.32,32687866.0
4785,2017-01-09,40.8,25480912.0
4786,2017-01-10,40.81,21521928.0
4787,2017-01-11,40.61,24536368.0
4788,2017-01-12,41.01,19899273.0
4789,2017-01-13,40.96,13931956.0
4790,2017-01-17,41.11,22535807.0
4791,2017-01-18,40.8,19476068.0
4792,2017-01-19,41.0,16693296.0
4793,2017-01-20,41.45,25161746.0
4794,2017-01-23,42.0,25210709.0
4795,2017-01-24,41.36,28700959.0
4796,2017-01-25,41.39,21460549.0
4797,2017-01-26,41.77,28130447.0
4798,2017-01-27,42.01,19017620.0
4799,2017-01-30,41.82,15871524.0
4800,2017-01-31,42.16,25404883.0
4801,2017-02-01,42.06,32077929.0
4802,2017-02-02,41.18,29154279.0
4803,2017-02-03,41.25,19149690.0
4804,2017-02-06,41.06,11374764.0
4805,2017-02-07,41.12,17311976.0
4806,2017-02-08,41.21,15687696.0
4807,2017-02-09,41.31,11362445.0
4808,2017-02-10,41.38,12135621.0
4809,2017-02-13,40.65,34361092.0
4810,2017-02-14,40.75,19701626.0
4811,2017-02-15,41.12,23322451.0
4812,2017-02-16,41.25,16579673.0
4813,2017-02-17,41.48,24154490.0
4814,2017-02-21,41.73,17504381.0
4815,2017-02-22,41.59,15656507.0
4816,2017-02-23,41.95,19218542.0
4817,2017-02-24,42.36,17042850.0
4818,2017-02-27,41.82,17337401.0
4819,2017-02-28,41.79,19336410.0
4820,2017-03-01,42.04,23900989.0
4821,2017-03-02,42.07,13181750.0
4822,2017-03-03,42.01,17248209.0
4823,2017-03-06,41.96,14177020.0
4824,2017-03-07,41.88,16250873.0
4825,2017-03-08,41.77,17881049.0
4826,2017-03-09,41.94,17672624.0
4827,2017-03-10,42.35,19732081.0
4828,2017-03-13,42.37,14884180.0
4829,2017-03-14,42.09,10063834.0
4830,2017-03-15,42.59,21055944.0
4831,2017-03-16,42.44,14601773.0
4832,2017-03-17,42.61,24748927.0
4833,2017-03-20,42.42,11851848.0
4834,2017-03-21,42.08,20299031.0
4835,2017-03-22,41.65,18547120.0
4836,2017-03-23,41.65,14660394.0
4837,2017-03-24,41.68,14201706.0
4838,2017-03-27,41.49,13185156.0
4839,2017-03-28,41.56,15585312.0
4840,2017-03-29,41.45,14104170.0
4841,2017-03-30,41.76,14773877.0
4842,2017-03-31,41.55,17533497.0
4843,2017-04-03,41.57,17978664.0
4844,2017-04-04,41.69,12550672.0
4845,2017-04-05,41.51,19955782.0
4846,2017-04-06,40.6,20492316.0
4847,2017-04-07,40.59,20333031.0
4848,2017-04-10,40.38,18215046.0
4849,2017-04-11,40.31,19609903.0
4850,2017-04-12,40.56,22195768.0
4851,2017-04-13,40.28,17556190.0
4852,2017-04-17,40.3,12118645.0
4853,2017-04-18,40.25,15920226.0
4854,2017-04-19,40.25,23799483.0
4855,2017-04-20,40.36,21715734.0
4856,2017-04-21,39.93,23898137.0
4857,2017-04-24,40.02,24033786.0
4858,2017-04-25,39.94,35569851.0
4859,2017-04-26,40.44,33806967.0
4860,2017-04-27,39.91,22426625.0
4861,2017-04-28,39.63,24855880.0
4862,2017-05-01,39.1,24429422.0
4863,2017-05-02,38.95,23361463.0
4864,2017-05-03,38.4,33571614.0
4865,2017-05-04,38.01,30739281.0
4866,2017-05-05,38.56,21104456.0
4867,2017-05-08,38.57,19998370.0
4868,2017-05-09,38.22,21550587.0
4869,2017-05-10,38.45,22605836.0
4870,2017-05-11,38.44,16448138.0
4871,2017-05-12,38.49,13540398.0
4872,2017-05-15,38.59,20541597.0
4873,2017-05-16,38.19,21551217.0
4874,2017-05-17,37.46,29358716.0
4875,2017-05-18,37.95,25714289.0
4876,2017-05-19,38.24,19009697.0
4877,2017-05-22,38.25,14338672.0
4878,2017-05-23,38.31,13449062.0
4879,2017-05-24,38.15,15603875.0
4880,2017-05-25,38.23,14833995.0
4881,2017-05-26,38.12,13716459.0
4882,2017-05-30,38.55,20431350.0
4883,2017-05-31,38.53,23520419.0
4884,2017-06-01,38.87,17640817.0
4885,2017-06-02,38.87,18515993.0
4886,2017-06-05,38.81,13732815.0
4887,2017-06-06,38.73,16168786.0
4888,2017-06-07,38.76,16426257.0
4889,2017-06-08,38.5,20136590.0
4890,2017-06-09,38.79,18382604.0
4891,2017-06-12,39.07,22269160.0
4892,2017-06-13,38.68,18732821.0
4893,2017-06-14,38.72,16345286.0
4894,2017-06-15,38.84,16437354.0
4895,2017-06-16,38.96,29335759.0
4896,2017-06-19,38.91,20880429.0
4897,2017-06-20,38.66,21662247.0
4898,2017-06-21,38.15,24572246.0
4899,2017-06-22,38.1,16016487.0
4900,2017-06-23,37.95,22530547.0
4901,2017-06-26,38.15,18389168.0
4902,2017-06-27,37.7,19850829.0
4903,2017-06-28,37.94,20312146.0
4904,2017-06-29,37.62,23508452.0
4905,2017-06-30,37.73,22303282.0
4906,2017-07-03,38.11,11123146.0
4907,2017-07-05,38.12,19644726.0
4908,2017-07-06,37.18,20754749.0
4909,2017-07-07,36.98,20009302.0
4910,2017-07-10,36.83,19894175.0
4911,2017-07-11,36.6,21067825.0
4912,2017-07-12,36.83,17369349.0
4913,2017-07-13,36.21,29849687.0
4914,2017-07-14,36.3,23124626.0
4915,2017-07-17,36.39,20529927.0
4916,2017-07-18,35.99,29120321.0
4917,2017-07-19,36.13,24241192.0
4918,2017-07-20,36.52,30139360.0
4919,2017-07-21,36.51,19971645.0
4920,2017-07-24,36.23,21944392.0
4921,2017-07-25,36.22,28210563.0
4922,2017-07-26,38.03,72226162.0
4923,2017-07-27,39.41,61841158.0
4924,2017-07-28,39.0,35815916.0
4925,2017-07-31,39.0,28325450.0
4926,2017-08-01,38.88,29057131.0
4927,2017-08-02,38.27,34582589.0
4928,2017-08-03,38.28,18825280.0
4929,2017-08-04,38.43,16234405.0
4930,2017-08-07,38.52,16774947.0
4931,2017-08-08,38.36,15417073.0
4932,2017-08-09,38.36,19677439.0
4933,2017-08-10,38.19,21080737.0
4934,2017-08-11,38.1,13246121.0
4935,2017-08-14,38.5,17093931.0
4936,2017-08-15,38.16,14697348.0
4937,2017-08-16,38.23,14769126.0
4938,2017-08-17,37.6,21515025.0
4939,2017-08-18,37.37,22866232.0
4940,2017-08-21,37.58,17247774.0
4941,2017-08-22,37.98,14690796.0
4942,2017-08-23,37.92,19814504.0
4943,2017-08-24,37.68,10806185.0
4944,2017-08-25,37.99,14183566.0
4945,2017-08-28,37.94,9950593.0
4946,2017-08-29,37.85,9549322.0
4947,2017-08-30,37.67,12404499.0
4948,2017-08-31,37.46,20091749.0
4949,2017-09-01,37.48,12669756.0
4950,2017-09-05,37.09,22792480.0
4951,2017-09-06,36.57,27799139.0
4952,2017-09-07,35.6,48145357.0
4953,2017-09-08,35.59,40807093.0
4954,2017-09-11,35.74,22664740.0
4955,2017-09-12,36.26,28265697.0
4956,2017-09-13,36.55,25492489.0
4957,2017-09-14,36.32,17872917.0
4958,2017-09-15,37.1,47603337.0
4959,2017-09-18,37.42,31231834.0
4960,2017-09-19,38.21,46221907.0
4961,2017-09-20,38.43,26260768.0
4962,2017-09-21,38.22,16775443.0
4963,2017-09-22,38.59,23136634.0
4964,2017-09-25,39.12,35952240.0
4965,2017-09-26,38.72,22591888.0
4966,2017-09-27,38.77,23135156.0
4967,2017-09-28,39.04,17245673.0
4968,2017-09-29,39.17,21798345.0
4969,2017-10-02,39.11,15526050.0
4970,2017-10-03,39.48,16018427.0
4971,2017-10-04,39.5,17872837.0
4972,2017-10-05,39.51,22488718.0
4973,2017-10-06,38.59,22416654.0
4974,2017-10-09,38.3,19232767.0
4975,2017-10-10,38.5,17265687.0
4976,2017-10-11,38.19,26607120.0
4977,2017-10-12,35.86,81104374.0
4978,2017-10-13,35.7,55687849.0
4979,2017-10-16,36.17,31066469.0
4980,2017-10-17,36.23,21520125.0
4981,2017-10-18,35.71,36480053.0
4982,2017-10-19,35.69,32352849.0
4983,2017-10-20,35.54,37240295.0
4984,2017-10-23,35.25,30781136.0
4985,2017-10-24,34.86,47005821.0
4986,2017-10-25,33.4854,91170783.0
4987,2017-10-26,33.68,45048573.0
4988,2017-10-27,33.97,52300035.0
4989,2017-10-30,33.54,51575879.0
4990,2017-10-31,33.65,36247813.0
4991,2017-11-01,33.55,37593333.0
4992,2017-11-02,33.17,72880159.0
4993,2017-11-03,33.3,40189142.0
4994,2017-11-06,32.86,47701373.0
4995,2017-11-07,33.07,29898256.0
4996,2017-11-08,33.44,87599244.0
4997,2017-11-09,34.0,69625103.0
4998,2017-11-10,34.22,57445443.0
4999,2017-11-13,34.17,28716679.0
5000,2017-11-14,33.72,29820096.0
5001,2017-11-15,33.81,32772582.0
5002,2017-11-16,34.52,39909607.0
5003,2017-11-17,34.51,36883419.0
5004,2017-11-20,34.64,30310660.0
5005,2017-11-21,34.33,35232748.0
5006,2017-11-22,34.87,26453909.0
5007,2017-11-24,34.81,9203078.0
5008,2017-11-27,34.68,26434472.0
5009,2017-11-28,35.42,34375685.0
5010,2017-11-29,36.48,53178129.0
5011,2017-11-30,36.38,49831258.0
5012,2017-12-01,36.5,31437115.0
5013,2017-12-04,37.27,39850781.0
5014,2017-12-05,36.55,31812442.0
5015,2017-12-06,36.11,30901893.0
5016,2017-12-07,36.17,24400622.0
5017,2017-12-08,36.73,25299789.0
5018,2017-12-11,36.9,23666709.0
5019,2017-12-12,38.1,45683925.0
5020,2017-12-13,38.04,39396171.0
5021,2017-12-14,37.74,32661331.0
5022,2017-12-15,38.24,43944437.0
5023,2017-12-18,38.46,30137512.0
5024,2017-12-19,38.05,28599008.0
5025,2017-12-20,38.55,26784787.0
5026,2017-12-21,38.88,31760055.0
5027,2017-12-22,38.94,17862828.0
5028,2017-12-26,39.06,13534002.0
5029,2017-12-27,38.89,15577637.0
5030,2017-12-28,39.18,15617585.0
5031,2017-12-29,38.88,26340985.0
5032,2018-01-02,38.54,31778098.0
5033,2018-01-03,37.65,38545760.0
5034,2018-01-04,38.0,27738779.0
5035,2018-01-05,38.14,21786523.0
5036,2018-01-08,38.25,26547486.0
5037,2018-01-09,37.49,27943977.0
5038,2018-01-10,36.62,40966949.0
5039,2018-01-11,36.48,37723349.0
5040,2018-01-12,36.9,30950401.0
5041,2018-01-16,36.72,24465060.0
5042,2018-01-17,36.85,21655224.0
5043,2018-01-18,37.15,26441248.0
5044,2018-01-19,37.21,27663383.0
5045,2018-01-22,37.87,30559514.0
5046,2018-01-23,37.19,31738744.0
5047,2018-01-24,37.02,24798025.0
5048,2018-01-25,37.45,23387064.0
5049,2018-01-26,37.82,19531736.0
5050,2018-01-29,37.26,30124560.0
5051,2018-01-30,37.44,27979531.0
5052,2018-01-31,37.45,38803396.0
5053,2018-02-01,39.16,59427489.0
5054,2018-02-02,38.07,44897592.0
5055,2018-02-05,36.63,44764181.0
5056,2018-02-06,36.83,62154707.0
5057,2018-02-07,36.93,35446487.0
5058,2018-02-08,35.57,43483762.0
5059,2018-02-09,36.05,49912177.0
5060,2018-02-12,36.37,27573659.0
5061,2018-02-13,36.6,21391714.0
5062,2018-02-14,36.41,24724420.0
5063,2018-02-15,37.0,27036913.0
5064,2018-02-16,37.14,19702896.0
5065,2018-02-20,36.77,21710431.0
5066,2018-02-21,36.31,20719966.0
5067,2018-02-22,36.47,18459802.0
5068,2018-02-23,36.72,17146238.0
5069,2018-02-26,37.46,19801615.0
5070,2018-02-27,36.87,21161420.0
5071,2018-02-28,36.3,28917497.0
5072,2018-03-01,36.0,28548902.0
5073,2018-03-02,36.35,21364000.0
5074,2018-03-05,36.7,19298996.0
5075,2018-03-06,36.87,17462057.0
5076,2018-03-07,36.91,18485992.0
5077,2018-03-08,37.11,19212473.0
5078,2018-03-09,37.05,18776503.0
5079,2018-03-12,37.36,22288893.0
5080,2018-03-13,37.39,19094350.0
5081,2018-03-14,37.03,18265962.0
5082,2018-03-15,37.04,21648136.0
5083,2018-03-16,37.0,32843930.0
5084,2018-03-19,36.58,19330555.0
5085,2018-03-20,36.34,19956102.0
5086,2018-03-21,36.0,16776049.0
5087,2018-03-22,35.37,28063362.0
5088,2018-03-23,34.7,34260415.0
5089,2018-03-26,34.69,31281785.0
5090,2018-03-27,34.9,33198184.0
5091,2018-03-28,35.56,30746165.0
5092,2018-03-29,35.65,27564088.0
5093,2018-04-02,35.1,29232922.0
5094,2018-04-03,35.37,21880171.0
5095,2018-04-04,35.88,20562124.0
5096,2018-04-05,36.14,17103329.0
5097,2018-04-06,35.63,25117409.0
5098,2018-04-09,35.17,21879644.0
5099,2018-04-10,35.81,40263863.0
5100,2018-04-11,35.25,21045775.0
5101,2018-04-12,35.16,21950205.0
5102,2018-04-13,35.14,14374835.0
5103,2018-04-16,35.64,24897295.0
5104,2018-04-17,35.36,20585770.0
5105,2018-04-18,35.21,21601034.0
5106,2018-04-19,34.82,23543932.0
5107,2018-04-20,34.67,32452801.0
5108,2018-04-23,34.89,21211939.0
5109,2018-04-24,35.0,21572221.0
5110,2018-04-25,35.2,25171822.0
5111,2018-04-26,33.1,132230365.0
5112,2018-04-27,33.04,54209888.0
5113,2018-04-30,32.7,46154796.0
5114,2018-05-01,32.54,35817129.0
5115,2018-05-02,32.06,40178616.0
5116,2018-05-03,31.94,40296150.0
5117,2018-05-04,32.14,25539542.0
5118,2018-05-07,32.04,26266284.0
5119,2018-05-08,31.7,33513948.0
5120,2018-05-09,31.4,37494364.0
5121,2018-05-10,31.88,29909412.0
5122,2018-05-11,32.29,27512317.0
5123,2018-05-14,32.19,26894988.0
5124,2018-05-15,32.09,26506812.0
5125,2018-05-16,32.3,19056312.0
5126,2018-05-17,31.93,25420555.0
5127,2018-05-18,32.05,21880412.0
5128,2018-05-21,32.59,28688946.0
5129,2018-05-22,32.43,29387281.0
5130,2018-05-23,32.33,25966238.0
5131,2018-05-24,32.78,35254745.0
5132,2018-05-25,32.51,21816330.0
5133,2018-05-29,32.33,26957135.0
5134,2018-05-30,32.57,24135764.0
5135,2018-05-31,32.32,29417475.0
5136,2018-06-01,32.47,23764267.0
5137,2018-06-04,32.41,18378731.0
5138,2018-06-05,32.68,23413313.0
5139,2018-06-06,33.38,34143281.0
5140,2018-06-07,33.81,42562592.0
5141,2018-06-08,33.83,33183619.0
5142,2018-06-11,34.18,37157948.0
5143,2018-06-12,34.35,59401268.0
5144,2018-06-13,32.22,195082730.0
5145,2018-06-14,32.52,88703108.0
5146,2018-06-15,33.15,113983823.0
5147,2018-06-18,32.19,78654710.0
5148,2018-06-19,32.39,87343701.0
5149,2018-06-20,32.0,55805218.0
5150,2018-06-21,31.6,51425403.0
5151,2018-06-22,31.69,63900036.0
5152,2018-06-25,31.71,48623447.0
5153,2018-06-26,31.62,44643591.0
5154,2018-06-27,31.65,46393344.0
5155,2018-06-28,32.19,42241887.0
5156,2018-06-29,32.11,42028711.0
5157,2018-07-02,32.21,37766220.0
5158,2018-07-03,32.71,33880394.0
5159,2018-07-05,32.6,35419418.0
5160,2018-07-06,32.68,41215474.0
5161,2018-07-09,32.15,43459104.0
5162,2018-07-10,32.5,38848510.0
5163,2018-07-11,31.87,39230476.0
5164,2018-07-12,32.23,44450041.0
5165,2018-07-13,31.67,53377577.0
5166,2018-07-16,31.9,33218261.0
5167,2018-07-17,31.76,36439014.0
5168,2018-07-18,31.71,44570973.0
5169,2018-07-19,31.27,51683360.0
5170,2018-07-20,31.1,36692928.0
5171,2018-07-23,31.0,37293282.0
5172,2018-07-24,31.68,50969824.0
5173,2018-07-25,30.25,96319197.0
5174,2018-07-26,30.35,44339537.0
5175,2018-07-27,31.08,46038626.0
5176,2018-07-30,32.0,64042962.0
5177,2018-07-31,31.97,47549937.0
5178,2018-08-01,31.9,31356239.0
5179,2018-08-02,31.85,31197887.0
5180,2018-08-03,32.27,26584417.0
5181,2018-08-06,32.11,30087337.0
5182,2018-08-07,32.4,27341463.0
5183,2018-08-08,32.36,21953796.0
5184,2018-08-09,32.49,16909405.0
5185,2018-08-10,32.26,21481517.0
5186,2018-08-13,32.21,22779435.0
5187,2018-08-14,32.24,18037525.0
5188,2018-08-15,32.47,29631546.0
5189,2018-08-16,33.09,37384750.0
5190,2018-08-17,33.03,26168602.0
5191,2018-08-20,33.11,23493474.0
5192,2018-08-21,33.4,28419334.0
5193,2018-08-22,32.68,34156895.0
5194,2018-08-23,32.49,21453573.0
5195,2018-08-24,32.64,16233345.0
5196,2018-08-27,32.83,17595907.0
5197,2018-08-28,32.67,16484686.0
5198,2018-08-29,32.23,25162387.0
5199,2018-08-30,31.96,25559388.0
5200,2018-08-31,31.94,31258912.0
5201,2018-09-04,31.86,25162226.0
5202,2018-09-05,32.02,26723593.0
5203,2018-09-06,32.18,25646095.0
5204,2018-09-07,32.12,25757787.0
5205,2018-09-10,32.39,26266039.0
5206,2018-09-11,32.67,26353799.0
5207,2018-09-12,33.42,49637035.0
5208,2018-09-13,33.68,34605791.0
5209,2018-09-14,33.6,33184761.0
5210,2018-09-17,33.62,25544289.0
5211,2018-09-18,33.72,33661937.0
5212,2018-09-19,33.37,30996008.0
5213,2018-09-20,33.44,24775754.0
5214,2018-09-21,33.78,130157081.0
5215,2018-09-24,33.91,36390154.0
5216,2018-09-25,33.76,30681499.0
5217,2018-09-26,33.35,32880463.0
5218,2018-09-27,33.42,24834467.0
5219,2018-09-28,33.58,22052171.0
5220,2018-10-01,33.49,22517840.0
5221,2018-10-02,33.92,30003414.0
5222,2018-10-03,33.92,26699057.0
5223,2018-10-04,34.12,27518236.0
5224,2018-10-05,33.99,28667812.0
5225,2018-10-08,34.11,28071660.0
5226,2018-10-09,33.5,27866091.0
5227,2018-10-10,32.85,45520118.0
5228,2018-10-11,31.75,63697051.0
5229,2018-10-12,32.25,43151601.0
5230,2018-10-15,32.36,33242645.0
5231,2018-10-16,32.39,28048719.0
5232,2018-10-17,32.57,29913552.0
5233,2018-10-18,32.5,30724973.0
5234,2018-10-19,32.87,35133029.0
5235,2018-10-22,32.67,23091900.0
5236,2018-10-23,33.02,53428177.0
5237,2018-10-24,30.36,118852900.0
5238,2018-10-25,29.98,76905428.0
5239,2018-10-26,29.09,77662526.0
5240,2018-10-29,29.64,49270037.0
5241,2018-10-30,30.47,49148657.0
5242,2018-10-31,30.68,44854836.0
5243,2018-11-01,30.49,35379857.0
5244,2018-11-02,30.52,33517094.0
5245,2018-11-05,30.63,27346452.0
5246,2018-11-06,30.96,24310567.0
5247,2018-11-07,31.1,30836284.0
5248,2018-11-08,31.04,29547578.0
5249,2018-11-09,30.69,39994705.0
5250,2018-11-12,30.78,25935270.0
5251,2018-11-13,30.33,25640955.0
5252,2018-11-14,30.51,31293471.0
5253,2018-11-15,30.12,38917357.0
5254,2018-11-16,30.29,28929502.0
5255,2018-11-19,30.35,27957692.0
5256,2018-11-20,29.42,41394289.0
5257,2018-11-21,29.77,30306459.0
5258,2018-11-23,29.36,13401041.0
5259,2018-11-26,29.95,35791456.0
5260,2018-11-27,30.44,32155693.0
5261,2018-11-28,30.74,34470875.0
5262,2018-11-29,30.57,30877349.0
5263,2018-11-30,31.24,80467279.0
5264,2018-12-03,31.71,43725277.0
5265,2018-12-04,30.73,44831310.0
5266,2018-12-06,30.53,51999337.0
5267,2018-12-07,30.14,37474553.0
5268,2018-12-10,29.91,41052118.0
5269,2018-12-11,29.7,49563330.0
5270,2018-12-12,30.16,40903671.0
5271,2018-12-13,29.91,49097777.0
5272,2018-12-14,30.22,42741389.0
5273,2018-12-17,29.86,44021662.0
5274,2018-12-18,29.75,44497114.0
5275,2018-12-19,29.82,51419590.0
5276,2018-12-20,28.65,76716349.0
5277,2018-12-21,28.31,79660738.0
5278,2018-12-24,27.36,41110050.0
5279,2018-12-26,28.08,57391215.0
5280,2018-12-27,28.15,58571190.0
5281,2018-12-28,28.46,50588253.0
5282,2018-12-31,28.54,52861533.0
5283,2019-01-02,29.54,39293953.0
5284,2019-01-03,29.58,37603571.0
5285,2019-01-04,30.34,42072388.0
5286,2019-01-07,30.89,41070898.0
5287,2019-01-08,31.28,43567261.0
5288,2019-01-09,30.1,44305280.0
5289,2019-01-10,30.4,32015596.0
5290,2019-01-11,30.87,28933612.0
5291,2019-01-14,30.62,24468180.0
5292,2019-01-15,30.6,26735374.0
5293,2019-01-16,30.56,24494417.0
5294,2019-01-17,30.64,26266965.0
5295,2019-01-18,30.96,43249105.0
5296,2019-01-22,30.58,37658459.0
5297,2019-01-23,30.89,27854624.0
5298,2019-01-24,30.6,24393843.0
5299,2019-01-25,30.66,30505705.0
5300,2019-01-28,30.67,31028573.0
5301,2019-01-29,30.7,31342725.0
5302,2019-01-30,29.37,92953484.0
5303,2019-01-31,30.06,52176969.0
5304,2019-02-01,30.0,41076164.0
5305,2019-02-04,29.61,39034259.0
5306,2019-02-05,29.63,29276888.0
5307,2019-02-06,29.56,22928167.0
5308,2019-02-07,29.45,37887746.0
5309,2019-02-08,29.55,24281568.0
5310,2019-02-11,29.71,29057321.0
5311,2019-02-12,29.81,29989070.0
5312,2019-02-13,29.84,30040089.0
5313,2019-02-14,29.79,25846239.0
5314,2019-02-15,30.47,37188658.0
5315,2019-02-19,30.63,24712413.0
5316,2019-02-20,30.85,24749090.0
5317,2019-02-21,30.83,26580394.0
5318,2019-02-22,31.15,23357232.0
5319,2019-02-25,31.13,24414699.0
5320,2019-02-26,31.22,29664844.0
5321,2019-02-27,31.06,26349549.0
5322,2019-02-28,31.12,28225982.0
5323,2019-03-01,30.82,30592851.0
5324,2019-03-04,29.98,49482743.0
5325,2019-03-05,29.95,26029791.0
5326,2019-03-06,29.81,24580343.0
5327,2019-03-07,29.92,24826103.0
5328,2019-03-08,29.96,22505948.0
5329,2019-03-11,30.22,26018525.0
5330,2019-03-12,30.63,32484586.0
5331,2019-03-13,30.28,27702221.0
5332,2019-03-14,30.28,22091439.0
5333,2019-03-15,30.67,53361640.0
5334,2019-03-18,30.8,23325108.0
5335,2019-03-19,30.68,28730520.0
5336,2019-03-20,30.51,24664904.0
5337,2019-03-21,31.06,26343293.0
5338,2019-03-22,31.07,33171404.0
5339,2019-03-25,30.77,25633279.0
5340,2019-03-26,31.39,24304939.0
5341,2019-03-27,31.4,26743641.0
5342,2019-03-28,31.01,26996419.0
5343,2019-03-29,31.36,31606530.0
5344,2019-04-01,31.95,37773767.0
5345,2019-04-02,31.63,31945765.0
5346,2019-04-03,31.87,28779967.0
5347,2019-04-04,31.98,28211971.0
5348,2019-04-05,32.35,39928718.0
5349,2019-04-08,32.39,37251965.0
5350,2019-04-09,31.75,26779029.0
5351,2019-04-10,31.88,20385934.0
5352,2019-04-11,32.2,24930873.0
5353,2019-04-12,32.2,26021137.0
5354,2019-04-15,32.02,19463704.0
5355,2019-04-16,32.25,21701920.0
5356,2019-04-17,31.95,22364832.0
5357,2019-04-18,32.03,23317482.0
5358,2019-04-22,32.08,22239129.0
5359,2019-04-23,32.1,31674988.0
5360,2019-04-24,30.79,72249253.0
5361,2019-04-25,30.34,44021278.0
5362,2019-04-26,30.68,35191837.0
5363,2019-04-29,30.88,31762671.0
5364,2019-04-30,30.96,35001292.0
5365,2019-05-01,30.79,27046955.0
5366,2019-05-02,30.62,29711544.0
5367,2019-05-03,30.7,28225621.0
5368,2019-05-06,30.59,25182044.0
5369,2019-05-07,30.53,25771202.0
5370,2019-05-08,30.3,25015157.0
5371,2019-05-09,30.38,27078359.0
5372,2019-05-10,30.62,22013322.0
5373,2019-05-13,30.47,27713285.0
5374,2019-05-14,31.09,37525165.0
5375,2019-05-15,31.25,23931316.0
5376,2019-05-16,31.62,23634851.0
5377,2019-05-17,31.8,30889487.0
5378,2019-05-20,32.19,53455213.0
5379,2019-05-21,32.41,23313504.0
5380,2019-05-22,32.28,19988761.0
5381,2019-05-23,32.14,24665483.0
5382,2019-05-24,32.27,16156736.0
5383,2019-05-28,31.93,24523052.0
5384,2019-05-29,31.91,26948867.0
5385,2019-05-30,31.86,24227597.0
5386,2019-05-31,30.58,49412581.0
5387,2019-06-03,31.09,36323622.0
5388,2019-06-04,31.48,31262246.0
5389,2019-06-05,31.68,20430778.0
5390,2019-06-06,32.1,24411663.0
5391,2019-06-07,32.49,31788435.0
5392,2019-06-10,31.93,30927316.0
5393,2019-06-11,32.11,19612611.0
5394,2019-06-12,32.18,19282922.0
5395,2019-06-13,32.29,16873425.0
5396,2019-06-14,32.35,19848544.0
5397,2019-06-17,32.3,16814240.0
5398,2019-06-18,32.44,20534071.0
5399,2019-06-19,32.41,21209552.0
5400,2019-06-20,32.54,27066011.0
5401,2019-06-21,32.45,39218598.0
5402,2019-06-24,32.58,21745352.0
5403,2019-06-25,32.55,19229656.0
5404,2019-06-26,32.53,27960853.0
5405,2019-06-27,32.98,28184290.0
5406,2019-06-28,33.51,40771306.0
5407,2019-07-01,33.43,32421656.0
5408,2019-07-02,33.84,26635036.0
5409,2019-07-03,33.98,20136493.0
5410,2019-07-05,34.3,24506957.0
5411,2019-07-08,34.25,31848245.0
5412,2019-07-09,33.54,30976979.0
5413,2019-07-10,33.76,25352105.0
5414,2019-07-11,33.46,28863919.0
5415,2019-07-12,33.65,23251722.0
5416,2019-07-15,33.71,20255058.0
5417,2019-07-16,33.58,17869349.0
5418,2019-07-17,33.26,18798178.0
5419,2019-07-18,33.09,32128778.0
5420,2019-07-19,32.79,32156755.0
5421,2019-07-22,32.13,35521084.0
5422,2019-07-23,32.09,45574407.0
5423,2019-07-24,33.24,48284728.0
5424,2019-07-25,33.81,39019229.0
5425,2019-07-26,34.15,34127561.0
